0x08000000	arm	sma3_InternalHeader
0x080000C0	arm	sma3_CodeStart
0x080000FC	arm	sma3_InterruptHandler
0x080001CC	arm	sma3_InterruptHandlerAlt
0x08000288	arm	sma3_Sub08000288
0x08000364	thumb	sma3_Sub08000364
0x08000400	thumb	sma3_Sub08000400
0x080004A0	thumb	sma3_Sub080004A0
0x08000520	thumb	sma3_Sub08000520
0x08000558	thumb	sma3_Sub08000558
0x08000584	thumb	sma3_Sub08000584
0x080005A8	thumb	sma3_Sub080005A8
0x08000618	thumb	sma3_Sub08000618
0x0800066C	thumb	sma3_Sub0800066C
0x080006F8	thumb	sma3_Sub080006F8
0x080007A8	thumb	sma3_Sub080007A8
0x08000814	thumb	sma3_Sub08000814
0x08000868	thumb	sma3_FindSpritesToSpawn
0x0800091C	arm	sma3_Sub0800091C
0x080009F4	arm	sma3_Sub080009F4
0x08000A08	arm	sma3_Sub08000A08
0x08000A80	arm	sma3_Sub08000A80
0x08000A94	thumb	sma3_CodeStartPart2
0x08000AB4	thumb	sma3_Sub08000AB4
0x08000B7C	thumb	sma3_Sub08000B7C
0x08000BE0	thumb	sma3_Sub08000BE0
0x08001140	thumb	sma3_Sub08001140
0x0800127C	thumb	sma3_Sub0800127C
0x0800144C	thumb	sma3_Sub0800144C
0x08001570	thumb	sma3_Sub08001570
0x080016E8	thumb	sma3_Sub080016E8
0x08001784	thumb	sma3_Sub08001784
0x08001830	thumb	sma3_Sub08001830
0x080019F0	thumb	sma3_Sub080019F0
0x08001B50	thumb	sma3_Sub08001B50
0x08001C90	thumb	sma3_Sub08001C90
0x08001DCC	thumb	sma3_Sub08001DCC
0x08001E4C	thumb	sma3_Sub08001E4C
0x08001EFC	thumb	sma3_Sub08001EFC
0x08002054	thumb	sma3_Sub08002054
0x080022FC	thumb	sma3_Return080022FC
0x08002300	thumb	sma3_SetButtonFlags
0x08002338	thumb	sma3_InitOAMBuffer03005A00
0x08002374	thumb	sma3_GameInit
0x08002534	thumb	sma3_Sub08002534
0x08002624	thumb	sma3_Sub08002624
0x0800265C	thumb	sma3_Sub0800265C
0x08002684	thumb	sma3_Sub08002684
0x08002750	thumb	sma3_Sub08002750
0x080028E4	thumb	sma3_Sub080028E4
0x08002AA0	thumb	sma3_MainLoopStart
0x08002BE0	thumb	sma3_DeathRestartMenu_Shared
0x08002DF0	thumb	sma3_MidwayRestartInit
0x08002E54	thumb	sma3_TryAgainInit
0x08002EB8	thumb	sma3_Sub08002EB8
0x08003050	thumb	sma3_MidwayRestartMain
0x080030E0	thumb	sma3_TryAgainMain
0x08003174	thumb	sma3_DeathRestartConfirm
0x08003230	thumb	sma3_DynamicRAMInit
0x08003268	thumb	sma3_DynamicAllocate
0x080033A0	thumb	sma3_DynamicDeallocate
0x080033D4	thumb	sma3_Sub080033D4
0x0800345C	thumb	sma3_NintendoPresentsInit
0x080035EC	thumb	sma3_NintendoPresentsMain
0x08003634	thumb	sma3_Sub08003634
0x080037A8	thumb	sma3_Sub080037A8
0x08003810	thumb	sma3_Sub08003810
0x08003954	thumb	sma3_Sub08003954
0x08003B18	thumb	sma3_SMA3TitleInit
0x08003BF4	thumb	sma3_Sub08003BF4
0x08003C58	thumb	sma3_Sub08003C58
0x08003CA4	thumb	sma3_Sub08003CA4
0x08003DA4	thumb	sma3_SMA3Title_ProcessBuildDateButtons
0x08003E10	thumb	sma3_SMA3TitleMain
0x0800411C	thumb	sma3_GameState_48
0x08004148	thumb	sma3_GameState_14
0x0800418C	thumb	sma3_YITitleInit
0x080041D4	thumb	sma3_YITitleMainWrapper
0x080041E0	thumb	sma3_Sub080041E0
0x08004418	thumb	sma3_Sub08004418
0x08004534	thumb	sma3_Sub08004534
0x0800457C	thumb	sma3_Sub0800457C
0x08004774	thumb	sma3_Sub08004774
0x08004880	thumb	sma3_WorldSelectInit
0x08004A40	thumb	sma3_Sub08004A40
0x08004B74	thumb	sma3_Sub08004B74
0x08004CE0	thumb	sma3_Sub08004CE0
0x08004F9C	thumb	sma3_Sub08004F9C
0x08005394	thumb	sma3_Sub08005394
0x0800542C	thumb	sma3_Sub0800542C
0x08005474	thumb	sma3_Sub08005474
0x080054F8	thumb	sma3_Sub080054F8
0x080055A0	thumb	sma3_Sub080055A0
0x080055C8	thumb	sma3_Sub080055C8
0x0800564C	thumb	sma3_WorldSelect_LeftRightInputs
0x08005804	thumb	sma3_Sub08005804
0x08005914	thumb	sma3_Sub08005914
0x08005A28	thumb	sma3_Sub08005A28
0x08005A78	thumb	sma3_Sub08005A78
0x08005AC0	thumb	sma3_Sub08005AC0
0x08005B84	thumb	sma3_WorldSelectMain
0x08005BE4	thumb	sma3_Sub08005BE4
0x08005BFC	thumb	sma3_WorldSelect_State43
0x08005C5C	thumb	sma3_WorldSelect_State41
0x08005CE0	thumb	sma3_Sub08005CE0
0x08005D14	thumb	sma3_Sub08005D14
0x08006414	thumb	sma3_Sub08006414
0x08006490	thumb	sma3_Sub08006490
0x080064CC	thumb	sma3_Sub080064CC
0x08006514	thumb	sma3_LevelSelect_FadeToWorldSelect
0x0800653C	thumb	sma3_Sub0800653C
0x080066C0	thumb	sma3_Sub080066C0
0x080068A0	thumb	sma3_Sub080068A0
0x08006928	thumb	sma3_Sub08006928
0x08006994	thumb	sma3_Sub08006994
0x080069F8	thumb	sma3_Sub080069F8
0x08006B3C	thumb	sma3_Sub08006B3C
0x08006C40	thumb	sma3_LevelSelect_EnterLevel
0x08006CF4	thumb	sma3_Sub08006CF4
0x08006ED4	thumb	sma3_LevelSelect_CursorOnTab
0x08006F1C	thumb	sma3_Sub08006F1C
0x08007000	thumb	sma3_Sub08007000
0x08007070	thumb	sma3_Sub08007070
0x08007120	thumb	sma3_Sub08007120
0x080071EC	thumb	sma3_Sub080071EC
0x08007460	thumb	sma3_Sub08007460
0x0800764C	thumb	sma3_Sub0800764C
0x0800780C	thumb	sma3_LevelSelect_ProcessLLBAR
0x08007914	thumb	sma3_LevelSelect_CursorOnLevel
0x08007AF8	thumb	sma3_Sub08007AF8
0x08007B88	thumb	sma3_Sub08007B88
0x08007C6C	thumb	sma3_Sub08007C6C
0x08007CFC	thumb	sma3_Sub08007CFC
0x08007E3C	thumb	sma3_LevelSelectMain
0x08007F38	thumb	sma3_Sub08007F38
0x08007F7C	thumb	sma3_Sub08007F7C
0x080081EC	thumb	sma3_Sub080081EC
0x08008410	thumb	sma3_Sub08008410
0x080084A8	thumb	sma3_Sub080084A8
0x080085CC	thumb	sma3_LevelSelectInit
0x08008878	thumb	sma3_Sub08008878
0x08008940	thumb	sma3_Sub08008940
0x08008AB4	thumb	sma3_Sub08008AB4
0x08008B60	thumb	sma3_Sub08008B60
0x08008CF4	thumb	sma3_Sub08008CF4
0x08008DB4	thumb	sma3_Sub08008DB4
0x08008EAC	thumb	sma3_Sub08008EAC
0x08009010	thumb	sma3_Sub08009010
0x08009080	thumb	sma3_Sub08009080
0x08009134	thumb	sma3_Sub08009134
0x08009198	thumb	sma3_Sub08009198
0x08009200	thumb	sma3_Sub08009200
0x0800922C	thumb	sma3_Sub0800922C
0x080092C8	thumb	sma3_Sub080092C8
0x08009360	thumb	sma3_Sub08009360
0x08009380	thumb	sma3_Sub08009380
0x080093A0	thumb	sma3_Sub080093A0
0x08009408	thumb	sma3_Return08009408
0x0800940C	thumb	sma3_Sub0800940C
0x08009434	thumb	sma3_Sub08009434
0x08009494	thumb	sma3_Sub08009494
0x080094FC	thumb	sma3_Sub080094FC
0x08009574	thumb	sma3_Sub08009574
0x080095C8	thumb	sma3_Sub080095C8
0x08009808	thumb	sma3_LevelSelect_UnlockLevel
0x0800986C	thumb	sma3_Sub0800986C
0x08009BE8	thumb	sma3_Sub08009BE8
0x08009FB8	thumb	sma3_Sub08009FB8
0x0800A264	thumb	sma3_Sub0800A264
0x0800A730	thumb	sma3_Sub0800A730
0x0800AB40	thumb	sma3_Sub0800AB40
0x0800AE08	thumb	sma3_Sub0800AE08
0x0800B3F4	thumb	sma3_Sub0800B3F4
0x0800B41C	thumb	sma3_Sub0800B41C
0x0800B4EC	thumb	sma3_Sub0800B4EC
0x0800B59C	thumb	sma3_Sub0800B59C
0x0800B71C	thumb	sma3_Sub0800B71C
0x0800B884	thumb	sma3_Sub0800B884
0x0800BAEC	thumb	sma3_Sub0800BAEC
0x0800BBF4	thumb	sma3_Sub0800BBF4
0x0800BC7C	thumb	sma3_Sub0800BC7C
0x0800BD9C	thumb	sma3_Sub0800BD9C
0x0800BE88	thumb	sma3_Sub0800BE88
0x0800BFAC	thumb	sma3_Sub0800BFAC
0x0800C024	thumb	sma3_Sub0800C024
0x0800C07C	thumb	sma3_Sub0800C07C
0x0800C0F4	thumb	sma3_Sub0800C0F4
0x0800C154	thumb	sma3_Sub0800C154
0x0800C2E8	thumb	sma3_Sub0800C2E8
0x0800C3A0	thumb	sma3_Sub0800C3A0
0x0800C420	thumb	sma3_LevelSelect_UpdateScore
0x0800C46C	thumb	sma3_Sub0800C46C
0x0800C548	thumb	sma3_Sub0800C548
0x0800C5E4	thumb	sma3_Sub0800C5E4
0x0800C718	thumb	sma3_Sub0800C718
0x0800C7D4	thumb	sma3_Sub0800C7D4
0x0800C894	thumb	sma3_Sub0800C894
0x0800C8C8	thumb	sma3_Sub0800C8C8
0x0800C910	thumb	sma3_Sub0800C910
0x0800C990	thumb	sma3_Sub0800C990
0x0800C9B0	thumb	sma3_Sub0800C9B0
0x0800CA14	thumb	sma3_LevelSelect_ToCastleCutscene
0x0800CA74	thumb	sma3_Sub0800CA74
0x0800CAB0	thumb	sma3_Sub0800CAB0
0x0800CB0C	thumb	sma3_Sub0800CB0C
0x0800CB5C	thumb	sma3_Sub0800CB5C
0x0800CBCC	thumb	sma3_Sub0800CBCC
0x0800CC98	thumb	sma3_Sub0800CC98
0x0800CED4	thumb	sma3_Sub0800CED4
0x0800CFF8	thumb	sma3_Sub0800CFF8
0x0800D050	thumb	sma3_Sub0800D050
0x0800D0B4	thumb	sma3_Sub0800D0B4
0x0800D0E8	thumb	sma3_Sub0800D0E8
0x0800D2A0	thumb	sma3_Sub0800D2A0
0x0800D358	thumb	sma3_Sub0800D358
0x0800D48C	thumb	sma3_Sub0800D48C
0x0800D4CC	thumb	sma3_Sub0800D4CC
0x0800D508	thumb	sma3_Sub0800D508
0x0800D540	thumb	sma3_Sub0800D540
0x0800D5D4	thumb	sma3_Sub0800D5D4
0x0800D640	thumb	sma3_Sub0800D640
0x0800D6D8	thumb	sma3_Sub0800D6D8
0x0800D744	thumb	sma3_Sub0800D744
0x0800D864	thumb	sma3_Sub0800D864
0x0800D92C	thumb	sma3_Sub0800D92C
0x0800D994	thumb	sma3_Sub0800D994
0x0800DA24	thumb	sma3_Sub0800DA24
0x0800DB74	thumb	sma3_Sub0800DB74
0x0800DC28	thumb	sma3_Sub0800DC28
0x0800DD4C	thumb	sma3_Sub0800DD4C
0x0800DD78	thumb	sma3_Sub0800DD78
0x0800DE74	thumb	sma3_Sub0800DE74
0x0800DECC	thumb	sma3_Sub0800DECC
0x0800DFB4	thumb	sma3_Sub0800DFB4
0x0800E010	thumb	sma3_Sub0800E010
0x0800E094	thumb	sma3_Sub0800E094
0x0800E0DC	thumb	sma3_Sub0800E0DC
0x0800E100	thumb	sma3_Sub0800E100
0x0800E134	thumb	sma3_Sub0800E134
0x0800E168	thumb	sma3_Sub0800E168
0x0800E214	thumb	sma3_Sub0800E214
0x0800E340	thumb	sma3_Sub0800E340
0x0800E3A4	thumb	sma3_Sub0800E3A4
0x0800E40C	thumb	sma3_Sub0800E40C
0x0800E438	thumb	sma3_Sub0800E438
0x0800E544	thumb	sma3_Sub0800E544
0x0800E5AC	thumb	sma3_Sub0800E5AC
0x0800E63C	thumb	sma3_Sub0800E63C
0x0800E734	thumb	sma3_Sub0800E734
0x0800E7DC	thumb	sma3_Sub0800E7DC
0x0800E83C	thumb	sma3_LevelSelect_FlipAllUnlock
0x0800E890	thumb	sma3_Sub0800E890
0x0800E950	thumb	sma3_Sub0800E950
0x0800EA84	thumb	sma3_Sub0800EA84
0x0800EB40	thumb	sma3_Sub0800EB40
0x0800EC20	thumb	sma3_Sub0800EC20
0x0800EC54	thumb	sma3_Sub0800EC54
0x0800EC9C	thumb	sma3_Sub0800EC9C
0x0800ED34	thumb	sma3_Sub0800ED34
0x0800ED54	thumb	sma3_Sub0800ED54
0x0800EDB8	thumb	sma3_LevelSelect_ExtraSecretFirstClear
0x0800EE18	thumb	sma3_Sub0800EE18
0x0800EF18	thumb	sma3_Sub0800EF18
0x0800EF70	thumb	sma3_Sub0800EF70
0x0800F154	thumb	sma3_Sub0800F154
0x0800F384	thumb	sma3_Sub0800F384
0x0800F3C8	thumb	sma3_Sub0800F3C8
0x0800F4B4	thumb	sma3_Sub0800F4B4
0x0800F5CC	thumb	sma3_Sub0800F5CC
0x0800F628	thumb	sma3_LevelSelect_LoadL2Tilemap
0x0800F6E0	thumb	sma3_LevelSelect_LoadL3Tilemap
0x0800F75C	thumb	sma3_Sub0800F75C
0x0800F7CC	thumb	sma3_Sub0800F7CC
0x0800F8EC	thumb	sma3_Sub0800F8EC
0x0800FA74	thumb	sma3_LevelSelect_InitL01TilemapBuffer
0x0800FAD8	thumb	sma3_LevelSelect_ChangeWorld
0x0800FB00	thumb	sma3_Sub0800FB00
0x0800FD78	thumb	sma3_Sub0800FD78
0x0800FFD4	thumb	sma3_Sub0800FFD4
0x08010074	thumb	sma3_Sub08010074
0x080100D8	thumb	sma3_Sub080100D8
0x08010174	thumb	sma3_Sub08010174
0x080101D4	thumb	sma3_Sub080101D4
0x080102EC	thumb	sma3_Sub080102EC
0x080103A4	thumb	sma3_Sub080103A4
0x080104EC	thumb	sma3_Sub080104EC
0x080105D0	thumb	sma3_Sub080105D0
0x08010610	thumb	sma3_Sub08010610
0x08010654	thumb	sma3_Sub08010654
0x080106A4	thumb	sma3_Sub080106A4
0x08010740	thumb	sma3_Sub08010740
0x08010804	thumb	sma3_Sub08010804
0x080108E4	thumb	sma3_Sub080108E4
0x08010994	thumb	sma3_Sub08010994
0x08010A28	thumb	sma3_LevelSelect_ControlsMenu
0x08010A50	thumb	sma3_Sub08010A50
0x08010BC4	thumb	sma3_Sub08010BC4
0x08010C3C	thumb	sma3_Sub08010C3C
0x08010C70	thumb	sma3_Sub08010C70
0x08010CA0	thumb	sma3_Sub08010CA0
0x08010CF0	thumb	sma3_Sub08010CF0
0x08010D8C	thumb	sma3_Sub08010D8C
0x08010DCC	thumb	sma3_Sub08010DCC
0x08010E64	thumb	sma3_Sub08010E64
0x08010ED8	thumb	sma3_LevelSelect_ToLLBARMenu
0x08010F00	thumb	sma3_Sub08010F00
0x08011070	thumb	sma3_Sub08011070
0x080110CC	thumb	sma3_Sub080110CC
0x080111E4	thumb	sma3_Sub080111E4
0x080112AC	thumb	sma3_Sub080112AC
0x0801133C	thumb	sma3_Sub0801133C
0x080113A0	thumb	sma3_Sub080113A0
0x0801143C	thumb	sma3_Sub0801143C
0x080114F0	thumb	sma3_Sub080114F0
0x08011598	thumb	sma3_Sub08011598
0x08011634	thumb	sma3_Sub08011634
0x080116D0	thumb	sma3_Sub080116D0
0x08011780	thumb	sma3_Sub08011780
0x0801184C	thumb	sma3_Sub0801184C
0x0801196C	thumb	sma3_Sub0801196C
0x08011AE4	thumb	sma3_LevelSelect_LLBARMenu
0x08011BE8	thumb	sma3_Sub08011BE8
0x08011C3C	thumb	sma3_Sub08011C3C
0x08011C9C	thumb	sma3_Sub08011C9C
0x08011CF8	thumb	sma3_Sub08011CF8
0x08011D48	thumb	sma3_Sub08011D48
0x08011DC8	thumb	sma3_Sub08011DC8
0x08011E10	thumb	sma3_Sub08011E10
0x08011E44	thumb	sma3_Sub08011E44
0x08011ED4	thumb	sma3_Sub08011ED4
0x08011F80	thumb	sma3_Sub08011F80
0x08012030	thumb	sma3_Sub08012030
0x08012130	thumb	sma3_Sub08012130
0x080121D4	thumb	sma3_Sub080121D4
0x080122D0	thumb	sma3_Sub080122D0
0x08012410	thumb	sma3_Sub08012410
0x08012534	thumb	sma3_Sub08012534
0x08012630	thumb	sma3_Sub08012630
0x0801280C	thumb	sma3_Sub0801280C
0x080129F8	thumb	sma3_Sub080129F8
0x08012A2C	thumb	sma3_Sub08012A2C
0x08012A88	thumb	sma3_Sub08012A88
0x08012D50	thumb	sma3_Sub08012D50
0x08012DE0	thumb	sma3_Sub08012DE0
0x08012F30	thumb	sma3_Sub08012F30
0x0801306C	thumb	sma3_Sub0801306C
0x08013174	thumb	sma3_Sub08013174
0x08013230	thumb	sma3_Sub08013230
0x0801336C	thumb	sma3_Sub0801336C
0x080133A8	thumb	sma3_Sub080133A8
0x080133F0	thumb	sma3_LevelSelect_DisplayScores
0x08013418	thumb	sma3_Sub08013418
0x08013474	thumb	sma3_LoadTilesetGraphics
0x080137EC	thumb	sma3_Sub080137EC
0x08013834	thumb	sma3_LoadHeaderPalettes
0x08013CC4	thumb	sma3_Sub08013CC4
0x08013D78	thumb	sma3_Sub08013D78
0x08013D90	thumb	sma3_Sub08013D90
0x08013E3C	thumb	sma3_LoadHeaderPalsFromColorTable
0x08013FAC	thumb	sma3_Sub08013FAC
0x08014028	thumb	sma3_KamekRoom_LoadGraphics
0x0801415C	thumb	sma3_Sub0801415C
0x080141B4	thumb	sma3_KamekRoom_LoadPalette
0x08014328	thumb	sma3_LoadRaphaelStripeGraphics
0x080143DC	thumb	sma3_LoadRaphaelGraphics
0x080145D8	thumb	sma3_Sub080145D8
0x08014680	thumb	sma3_Sub08014680
0x08014860	thumb	sma3_Sub08014860
0x080148B4	thumb	sma3_Sub080148B4
0x08014A0C	thumb	sma3_Sub08014A0C
0x08014B0C	thumb	sma3_Sub08014B0C
0x08014D3C	thumb	sma3_Sub08014D3C
0x08014E3C	thumb	sma3_Sub08014E3C
0x08015128	thumb	sma3_Sub08015128
0x08015228	thumb	sma3_Sub08015228
0x08015350	thumb	sma3_Sub08015350
0x08015460	thumb	sma3_Sub08015460
0x08015818	thumb	sma3_Sub08015818
0x080159E8	thumb	sma3_Sub080159E8
0x08015AD8	thumb	sma3_Sub08015AD8
0x08015BFC	thumb	sma3_Sub08015BFC
0x08015E6C	thumb	sma3_Sub08015E6C
0x08015F90	thumb	sma3_Sub08015F90
0x08016180	thumb	sma3_Sub08016180
0x080162C4	thumb	sma3_Sub080162C4
0x08016518	thumb	sma3_Sub08016518
0x08016544	thumb	sma3_Sub08016544
0x08016724	thumb	sma3_Sub08016724
0x08016784	thumb	sma3_Sub08016784
0x08016840	thumb	sma3_Sub08016840
0x080169B4	thumb	sma3_Sub080169B4
0x08016A24	thumb	sma3_Sub08016A24
0x08016A78	thumb	sma3_Sub08016A78
0x08016B10	thumb	sma3_Sub08016B10
0x08016B30	thumb	sma3_Sub08016B30
0x08016BD4	thumb	sma3_GraPalAnim_ClearRAM
0x08016C04	thumb	sma3_ProcessL23Images
0x080170CC	thumb	sma3_ExtractSublevelHeaderBitCounts
0x08017288	thumb	sma3_GenL1DynTile16Table
0x08017320	thumb	sma3_StdObjProcess
0x08017418	thumb	sma3_ExtObjProcess
0x08017488	thumb	sma3_LoadObjectsAndScreenExits
0x080176A4	thumb	sma3_ObjShared_TestItemMemory
0x08017728	thumb	sma3_KamekRoom_LoadL23Tilemaps
0x08017774	thumb	sma3_Return08017774
0x08017778	thumb	sma3_Return08017778
0x0801777C	thumb	sma3_Return0801777C
0x08017780	thumb	sma3_Sub08017780
0x08017A1C	thumb	sma3_Sub08017A1C
0x08017AC4	thumb	sma3_Sub08017AC4
0x08017DC4	thumb	sma3_SetItemMemory
0x08017E58	thumb	sma3_Sub08017E58
0x08017E78	thumb	sma3_Sub08017E78
0x0801806C	thumb	sma3_Sub0801806C
0x08018098	thumb	sma3_Sub08018098
0x080181E8	thumb	sma3_Sub080181E8
0x080182B0	thumb	sma3_Sub080182B0
0x080183BC	thumb	sma3_Sub080183BC
0x0801845C	thumb	sma3_Sub0801845C
0x08018480	thumb	sma3_Sub08018480
0x08018668	thumb	sma3_Sub08018668
0x0801869C	thumb	sma3_Sub0801869C
0x0801870C	thumb	sma3_Sub0801870C
0x08018764	thumb	sma3_Sub08018764
0x08018778	thumb	sma3_Return08018778
0x0801877C	thumb	sma3_Sub0801877C
0x08018898	thumb	sma3_Sub08018898
0x080188F8	thumb	sma3_Sub080188F8
0x08018930	thumb	sma3_Sub08018930
0x08018950	thumb	sma3_Sub08018950
0x0801897C	thumb	sma3_Sub0801897C
0x080189AC	thumb	sma3_Return080189AC
0x080189B0	thumb	sma3_Sub080189B0
0x08018A40	thumb	sma3_Sub08018A40
0x08018BA4	thumb	sma3_Sub08018BA4
0x08018BE8	thumb	sma3_Sub08018BE8
0x08018EB8	thumb	sma3_Sub08018EB8
0x08018FC0	thumb	sma3_Return08018FC0
0x08018FC4	thumb	sma3_Sub08018FC4
0x08019034	thumb	sma3_Sub08019034
0x080190A0	thumb	sma3_Sub080190A0
0x080190E0	thumb	sma3_Sub080190E0
0x08019258	thumb	sma3_Sub08019258
0x0801944C	thumb	sma3_Sub0801944C
0x080194B0	thumb	sma3_Sub080194B0
0x08019538	thumb	sma3_Sub08019538
0x080195C0	thumb	sma3_Sub080195C0
0x080195F4	thumb	sma3_Sub080195F4
0x080196DC	thumb	sma3_Sub080196DC
0x080196F0	thumb	sma3_Return080196F0
0x080196F4	thumb	sma3_Sub080196F4
0x08019700	thumb	sma3_Sub08019700
0x0801974C	thumb	sma3_Sub0801974C
0x0801976C	thumb	sma3_Sub0801976C
0x08019810	thumb	sma3_Sub08019810
0x08019824	thumb	sma3_Sub08019824
0x08019830	thumb	sma3_Sub08019830
0x080198E8	thumb	sma3_Sub080198E8
0x08019A14	thumb	sma3_Sub08019A14
0x08019A44	thumb	sma3_Sub08019A44
0x08019A94	thumb	sma3_L1TilemapOffsetYPlus1
0x08019AFC	thumb	sma3_L1TilemapOffsetYMinus1
0x08019B5C	thumb	sma3_L1TilemapOffsetXMinus1
0x08019BC0	thumb	sma3_L1TilemapOffsetXPlus1
0x08019C28	thumb	sma3_GenRandomByte
0x08019CA4	thumb	sma3_L1TilemapCurrentOffset
0x08019D2C	thumb	sma3_ObjShared_AdjustSlope
0x08019D64	thumb	sma3_ObjShared_SetL1Index
0x08019DA8	thumb	sma3_ObjMain_Shared
0x0801A04C	thumb	sma3_ObjMain_NoRelY
0x0801A070	thumb	sma3_ObjMain_Slope0_NoRelY
0x0801A08C	thumb	sma3_ObjFE_Init
0x0801A0A0	thumb	sma3_ObjF7_FC_Init
0x0801A0B4	thumb	sma3_ObjF6_Init
0x0801A0C8	thumb	sma3_ObjF5_Init
0x0801A0DC	thumb	sma3_ObjF0_F3_Init
0x0801A1A8	thumb	sma3_ObjEE_EF_Init
0x0801A1F4	thumb	sma3_ObjED_Init
0x0801A21C	thumb	sma3_ObjE4E5E6E8E9_AdjustHeight
0x0801A24C	thumb	sma3_ObjEB_EC_Init
0x0801A2A4	thumb	sma3_ObjEA_Init
0x0801A2F0	thumb	sma3_ObjE9_Init
0x0801A320	thumb	sma3_ObjE8_Init
0x0801A350	thumb	sma3_ObjE7_Init
0x0801A39C	thumb	sma3_ObjE6_Init
0x0801A3CC	thumb	sma3_ObjE5_Init
0x0801A3FC	thumb	sma3_ObjE4_Init
0x0801A420	thumb	sma3_ObjE3_Init
0x0801A434	thumb	sma3_ObjE2_Init
0x0801A454	thumb	sma3_ObjE1_Init
0x0801A490	thumb	sma3_ObjE0_Init
0x0801A4A4	thumb	sma3_ObjDF_Init
0x0801A4C8	thumb	sma3_ObjDE_Init
0x0801A4EC	thumb	sma3_ObjDD_Init
0x0801A520	thumb	sma3_ObjDC_Init
0x0801A534	thumb	sma3_ObjDB_Init
0x0801A548	thumb	sma3_ObjDA_Init
0x0801A55C	thumb	sma3_ObjD8_D9_Init
0x0801A594	thumb	sma3_ObjD4_D7_Init
0x0801A5AC	thumb	sma3_ObjD3_Init
0x0801A5C0	thumb	sma3_ObjD2_Init
0x0801A5D4	thumb	sma3_ObjD1_Init
0x0801A5E8	thumb	sma3_ObjD0_Init
0x0801A628	thumb	sma3_ObjCF_Init
0x0801A668	thumb	sma3_ObjCE_Init
0x0801A6A8	thumb	sma3_ObjCC_CD_Init
0x0801A6C8	thumb	sma3_ObjCB_Init
0x0801A6E0	thumb	sma3_ObjCA_Init
0x0801A6F4	thumb	sma3_ObjC4_C9_Init
0x0801A770	thumb	sma3_ObjC0_C3_Init
0x0801A7B8	thumb	sma3_ObjBE_BF_Init
0x0801A7CC	thumb	sma3_ObjBA_BD_Init
0x0801A7E0	thumb	sma3_ObjB8_B9_Init
0x0801A808	thumb	sma3_ObjB6_B7_Init
0x0801A830	thumb	sma3_ObjB4_B5_Init
0x0801A858	thumb	sma3_ObjB2_B3_Init
0x0801A880	thumb	sma3_ObjB1_Init
0x0801A894	thumb	sma3_ObjB0_Init
0x0801A8A8	thumb	sma3_ObjAE_AF_Init
0x0801A8E0	thumb	sma3_ObjAC_AD_Init
0x0801A918	thumb	sma3_ObjAA_AB_Init
0x0801A938	thumb	sma3_ObjA9_Init
0x0801A978	thumb	sma3_ObjA7_A8_Init
0x0801A9C8	thumb	sma3_ObjA5_A6_Init
0x0801AA40	thumb	sma3_ObjA3_A4_Init
0x0801AA94	thumb	sma3_ObjA0_A2_Init
0x0801AAD4	thumb	sma3_Obj9F_Init
0x0801AB0C	thumb	sma3_Obj9E_Init
0x0801AB20	thumb	sma3_Obj9D_Init
0x0801AB34	thumb	sma3_Obj9B_9C_Init
0x0801AB70	thumb	sma3_Obj9A_Init
0x0801ABD0	thumb	sma3_Obj99_Init
0x0801AC18	thumb	sma3_Obj98_Init
0x0801AC2C	thumb	sma3_Obj94_97_Init
0x0801AC68	thumb	sma3_Obj93_Init
0x0801ACB0	thumb	sma3_Obj91_92_Init
0x0801ACF8	thumb	sma3_Obj90_Init
0x0801AD24	thumb	sma3_Obj8F_Init
0x0801AD50	thumb	sma3_Obj8E_Init
0x0801AD88	thumb	sma3_Obj8D_Init
0x0801AD9C	thumb	sma3_Obj8C_Init
0x0801ADBC	thumb	sma3_Obj89_Init
0x0801ADD0	thumb	sma3_Obj87_88_Init
0x0801ADF8	thumb	sma3_Obj86_Init
0x0801AE3C	thumb	sma3_Obj85_Init
0x0801AE50	thumb	sma3_Obj84_Init
0x0801AE70	thumb	sma3_Obj82_83_Init
0x0801AE84	thumb	sma3_Obj81_Init
0x0801AED4	thumb	sma3_Obj80_Init
0x0801AF0C	thumb	sma3_Obj7F_Init
0x0801AF40	thumb	sma3_Obj7D_Init
0x0801AF60	thumb	sma3_Obj7C_Init
0x0801AF98	thumb	sma3_Obj7B_Init
0x0801AFB8	thumb	sma3_Obj7A_Init
0x0801AFCC	thumb	sma3_Obj79_Init
0x0801B000	thumb	sma3_Obj78_Init
0x0801B034	thumb	sma3_Obj77_Init
0x0801B048	thumb	sma3_Obj76_Init
0x0801B068	thumb	sma3_Obj75_Init
0x0801B088	thumb	sma3_Obj74_Init
0x0801B0A8	thumb	sma3_Obj73_Init
0x0801B0E0	thumb	sma3_Obj72_Init
0x0801B118	thumb	sma3_Obj71_Init
0x0801B150	thumb	sma3_Obj70_Init
0x0801B188	thumb	sma3_Obj6F_Init
0x0801B19C	thumb	sma3_Obj6E_8B_Init
0x0801B1B0	thumb	sma3_Obj6D_Init
0x0801B1C4	thumb	sma3_Obj6C_Init
0x0801B1D8	thumb	sma3_Obj6B_Init
0x0801B218	thumb	sma3_Obj6A_Init
0x0801B22C	thumb	sma3_Obj69_Init
0x0801B260	thumb	sma3_Obj68_8A_Init
0x0801B274	thumb	sma3_Obj67_Init
0x0801B288	thumb	sma3_Obj66_Init
0x0801B2B4	thumb	sma3_Obj63_65_Init
0x0801B2E0	thumb	sma3_Obj61_62_Init
0x0801B3AC	thumb	sma3_Obj5F_60_Init
0x0801B42C	thumb	sma3_Obj5C_5E_Init
0x0801B498	thumb	sma3_Obj59_5B_Init
0x0801B514	thumb	sma3_Obj58_Init
0x0801B544	thumb	sma3_Obj57_7E_Init
0x0801B570	thumb	sma3_Obj54_56_Init
0x0801B5B0	thumb	sma3_Obj53_Init
0x0801B5C4	thumb	sma3_Obj52_Init
0x0801B5F0	thumb	sma3_Obj50_51_Init
0x0801B61C	thumb	sma3_Obj4F_Init
0x0801B648	thumb	sma3_Obj4E_Init
0x0801B674	thumb	sma3_Obj4B_4D_Init
0x0801B6C0	thumb	sma3_Obj49_4A_Init
0x0801B6F4	thumb	sma3_Obj48_Init
0x0801B720	thumb	sma3_Obj47_Init
0x0801B734	thumb	sma3_Obj45_46_Init
0x0801B79C	thumb	sma3_Obj44_Init
0x0801B7B4	thumb	sma3_Obj42_43_Init
0x0801B7C8	thumb	sma3_Obj41_Init
0x0801B7DC	thumb	sma3_Obj3F_40_Init
0x0801B7F0	thumb	sma3_Obj3E_Init
0x0801B804	thumb	sma3_Obj3D_Init
0x0801B824	thumb	sma3_Obj3C_F4_Init
0x0801B854	thumb	sma3_Obj3B_Init
0x0801B894	thumb	sma3_Obj3A_Init
0x0801B8A8	thumb	sma3_Obj39_Init
0x0801B8E4	thumb	sma3_Obj38_Init
0x0801B91C	thumb	sma3_Obj37_Init
0x0801B930	thumb	sma3_Obj36_Init
0x0801B948	thumb	sma3_Obj35_Init
0x0801B968	thumb	sma3_Obj34_Init
0x0801B990	thumb	sma3_Obj32_33_Init
0x0801B9A4	thumb	sma3_Obj30_31_Init
0x0801B9D4	thumb	sma3_Obj2F_Init
0x0801B9E8	thumb	sma3_Obj2D_2E_Init
0x0801BA1C	thumb	sma3_Obj2C_Init
0x0801BA40	thumb	sma3_Obj2B_Init
0x0801BA54	thumb	sma3_Obj29_2A_Init
0x0801BA8C	thumb	sma3_Obj27_28_Init
0x0801BAC4	thumb	sma3_Obj25_26_Init
0x0801BAEC	thumb	sma3_Obj24_Init
0x0801BB00	thumb	sma3_Obj23_Init
0x0801BB24	thumb	sma3_Obj22_Init
0x0801BB48	thumb	sma3_Obj21_Init
0x0801BB60	thumb	sma3_Obj1F_20_Init
0x0801BC4C	thumb	sma3_Obj1D_1E_Init
0x0801BC60	thumb	sma3_Obj1C_Init
0x0801BC80	thumb	sma3_Obj1A_1B_Init
0x0801BC94	thumb	sma3_Obj18_19_Init
0x0801BCA8	thumb	sma3_Obj17_Init
0x0801BCE8	thumb	sma3_Obj16_Init
0x0801BCFC	thumb	sma3_Obj15_Init
0x0801BD1C	thumb	sma3_Obj14_Init
0x0801BD30	thumb	sma3_Obj13_Init
0x0801BD44	thumb	sma3_Obj11_12_Init
0x0801BD88	thumb	sma3_Obj10_Init
0x0801BDB0	thumb	sma3_Obj0D_Init
0x0801BDC4	thumb	sma3_Obj0C_0E_0F_Init
0x0801BDD8	thumb	sma3_Obj04_09_AdjustYAndHeight
0x0801BE08	thumb	sma3_Obj06_09_Init
0x0801BE68	thumb	sma3_Obj04_05_Init
0x0801BEB8	thumb	sma3_Obj02_03_0A_0B_Init
0x0801BF58	thumb	sma3_Obj01_Init
0x0801BFA8	thumb	sma3_ExtObjFF_Init
0x0801C004	thumb	sma3_ExtObjFE_Init
0x0801C01C	thumb	sma3_ExtObjFD_Init
0x0801C030	thumb	sma3_Return0801C030
0x0801C034	thumb	sma3_ExtObjFB_Init
0x0801C050	thumb	sma3_Return0801C050
0x0801C054	thumb	sma3_ExtObjE0_Init
0x0801C078	thumb	sma3_ExtObjD4_DF_Init
0x0801C0C8	thumb	sma3_ExtObjCA_D3_Init
0x0801C0E8	thumb	sma3_ExtObjC5_C9_Init
0x0801C134	thumb	sma3_ExtObjC4_Init
0x0801C148	thumb	sma3_ExtObjC2_C3_Init
0x0801C17C	thumb	sma3_ExtObjC1_Init
0x0801C1A8	thumb	sma3_ExtObjC0_Init
0x0801C1CC	thumb	sma3_ExtObjBA_BF_Init
0x0801C220	thumb	sma3_ExtObjB8_B9_Init
0x0801C270	thumb	sma3_ExtObjB6_B7_Init
0x0801C2B8	thumb	sma3_ExtObjB4_B5_Init
0x0801C304	thumb	sma3_ExtObjB3_Init
0x0801C318	thumb	sma3_ExtObjAD_B2_Init
0x0801C37C	thumb	sma3_ExtObjA9_AC_Init
0x0801C3B8	thumb	sma3_ExtObjA7_Init
0x0801C3CC	thumb	sma3_ExtObjA5_A6_Init
0x0801C460	thumb	sma3_ExtObjA4_Init
0x0801C484	thumb	sma3_ExtObjA0_A3_Init
0x0801C4F8	thumb	sma3_ExtObj9E_9F_Init
0x0801C51C	thumb	sma3_ExtObj9A_9D_Init
0x0801C544	thumb	sma3_ExtObj96_99_Init
0x0801C57C	thumb	sma3_ExtObj92_95_Init
0x0801C5B4	thumb	sma3_ExtObj8E_91_Init
0x0801C5DC	thumb	sma3_ExtObj8D_Init
0x0801C5F0	thumb	sma3_ExtObj89_8C_Init
0x0801C64C	thumb	sma3_ExtObj88_Init
0x0801C670	thumb	sma3_ExtObj83_87_Init
0x0801C6FC	thumb	sma3_ExtObj82_Init
0x0801C744	thumb	sma3_ExtObj81_Init
0x0801C764	thumb	sma3_ExtObj80_Init
0x0801C778	thumb	sma3_ExtObj7E_7F_Init
0x0801C7A0	thumb	sma3_ExtObj71_7D_Init
0x0801C7E0	thumb	sma3_ExtObj6D_70_Init
0x0801C818	thumb	sma3_ExtObj6A_6C_SetDimensions
0x0801C83C	thumb	sma3_ExtObj6C_Init
0x0801C868	thumb	sma3_ExtObj6B_Init
0x0801C894	thumb	sma3_ExtObj6A_Init
0x0801C8C0	thumb	sma3_ExtObj68_69_Init
0x0801C8D4	thumb	sma3_ExtObj67_Init
0x0801C8E8	thumb	sma3_ExtObj5F_66_SharedInit
0x0801C918	thumb	sma3_ExtObj66_Init
0x0801C938	thumb	sma3_ExtObj65_Init
0x0801C958	thumb	sma3_ExtObj63_64_SharedInit
0x0801C984	thumb	sma3_ExtObj64_Init
0x0801C9A4	thumb	sma3_ExtObj63_Init
0x0801C9C4	thumb	sma3_ExtObj61_62_SharedInit
0x0801C9F0	thumb	sma3_ExtObj62_Init
0x0801CA10	thumb	sma3_ExtObj61_Init
0x0801CA30	thumb	sma3_ExtObj60_Init
0x0801CA50	thumb	sma3_ExtObj5F_Init
0x0801CA70	thumb	sma3_ExtObj5E_Init
0x0801CA84	thumb	sma3_ExtObj5B_5D_Init
0x0801CABC	thumb	sma3_ExtObj58_5A_Init
0x0801CAF4	thumb	sma3_ExtObj56_57_Init
0x0801CB28	thumb	sma3_ExtObj54_55_Init
0x0801CB5C	thumb	sma3_ExtObj53_Init
0x0801CBA4	thumb	sma3_ExtObj52_Init
0x0801CBEC	thumb	sma3_ExtObj51_Init
0x0801CC00	thumb	sma3_ExtObj50_A8_Init
0x0801CC38	thumb	sma3_ExtObj4F_Init
0x0801CC4C	thumb	sma3_ExtObj4E_Init
0x0801CC78	thumb	sma3_ExtObj4D_Init
0x0801CC9C	thumb	sma3_ExtObj4C_Init
0x0801CCB0	thumb	sma3_ExtObj4B_Init
0x0801CCC4	thumb	sma3_ExtObj4A_Init
0x0801CCD8	thumb	sma3_ExtObj49_4A_Init
0x0801CD20	thumb	sma3_ExtObj48_Init
0x0801CD6C	thumb	sma3_ExtObj47_Init
0x0801CDB0	thumb	sma3_ExtObj46_Init
0x0801CDC4	thumb	sma3_ExtObj32_45_Init
0x0801CDE4	thumb	sma3_ExtObj31_Init
0x0801CE10	thumb	sma3_ExtObj30_Init
0x0801CE58	thumb	sma3_ExtObj20_2F_Init
0x0801CE78	thumb	sma3_ExtObj1F_Init
0x0801CE9C	thumb	sma3_ExtObj1E_Init
0x0801CEC8	thumb	sma3_ExtObj1B_1D_SetDimensions
0x0801CEEC	thumb	sma3_ExtObj1B_Init
0x0801CF0C	thumb	sma3_ExtObj1C_Init
0x0801CF2C	thumb	sma3_ExtObj1D_Init
0x0801CF4C	thumb	sma3_ExtObj19_Init
0x0801CF84	thumb	sma3_ExtObj1A_Init
0x0801CFB0	thumb	sma3_ExtObj18_Init
0x0801CFD4	thumb	sma3_ExtObj17_Init
0x0801CFE8	thumb	sma3_ExtObj16_Init
0x0801CFFC	thumb	sma3_ExtObj14_Init
0x0801D040	thumb	sma3_ExtObj15_Init
0x0801D084	thumb	sma3_ExtObj12_Init
0x0801D0B0	thumb	sma3_ExtObj13_Init
0x0801D0DC	thumb	sma3_ExtObj11_Init
0x0801D0FC	thumb	sma3_ExtObj10_Init
0x0801D11C	thumb	sma3_ExtObj0F_Init
0x0801D130	thumb	sma3_ExtObj0D_0E_Init
0x0801D168	thumb	sma3_ExtObj0C_Init
0x0801D198	thumb	sma3_ExtObj0A_0B_Init
0x0801D1D0	thumb	sma3_ExtObj00_09_Init
0x0801D20C	thumb	sma3_Obj_GetTileXMinus1
0x0801D230	thumb	sma3_Obj_GetTileXPlus1
0x0801D254	thumb	sma3_ObjFE_Main
0x0801D290	thumb	sma3_ObjF7_FC_Main
0x0801D2F0	thumb	sma3_ObjF6_Main
0x0801D318	thumb	sma3_ObjF5_Main
0x0801D34C	thumb	sma3_ObjF0_F3_Main
0x0801D358	thumb	sma3_ObjEE_EF_Main
0x0801D364	thumb	sma3_ObjED_Right
0x0801D39C	thumb	sma3_ObjED_Mid
0x0801D3D4	thumb	sma3_ObjED_Left
0x0801D3F8	thumb	sma3_ObjED_Main
0x0801D4D8	thumb	sma3_ObjE5E6E8_RightEdgeCheck
0x0801D518	thumb	sma3_ObjE5E6E8_LeftEdgeCheck
0x0801D558	thumb	sma3_ObjEC_Main
0x0801D68C	thumb	sma3_ObjEB_Main
0x0801D7C0	thumb	sma3_ObjEB_EC_Main
0x0801D7E8	thumb	sma3_ObjE5E8_FlowerSlopeColumn
0x0801D854	thumb	sma3_ObjE6_EA_FlowerSlopeColumn
0x0801D8D4	thumb	sma3_ObjEA_Main
0x0801D904	thumb	sma3_ObjE9_Main
0x0801D954	thumb	sma3_ObjE8_Main
0x0801DA1C	thumb	sma3_ObjE7_Main
0x0801DA50	thumb	sma3_ObjE6_Main
0x0801DAA8	thumb	sma3_ObjE5_Main
0x0801DB70	thumb	sma3_ObjE4_EA_FlowerInterior
0x0801DBBC	thumb	sma3_ObjE4_Main
0x0801DC38	thumb	sma3_ObjE3_Main
0x0801DCC8	thumb	sma3_ObjE2_Main
0x0801DD24	thumb	sma3_ObjE1_Main
0x0801DE48	thumb	sma3_ObjE0_Main
0x0801DE78	thumb	sma3_ObjDF_Main
0x0801DEF4	thumb	sma3_ObjDE_Main
0x0801DF48	thumb	sma3_ObjDD_RightEdgeMixedCode
0x0801DF80	thumb	sma3_ObjDD_LeftEdgeMixedCode
0x0801DFB8	thumb	sma3_ObjDD_Main
0x0801E088	thumb	sma3_ObjDC_Main
0x0801E158	thumb	sma3_ObjDB_Main
0x0801E1D0	thumb	sma3_ObjDA_Main
0x0801E1EC	thumb	sma3_ObjD8_D9_Main
0x0801E234	thumb	sma3_ObjD7_Finish2x2
0x0801E288	thumb	sma3_ObjD7_Right
0x0801E2E0	thumb	sma3_ObjD7_Left
0x0801E338	thumb	sma3_ObjD7_Main
0x0801E440	thumb	sma3_ObjD6_Finish2x2
0x0801E498	thumb	sma3_ObjD6_Right
0x0801E4F4	thumb	sma3_ObjD6_Left
0x0801E54C	thumb	sma3_ObjD6_Main
0x0801E654	thumb	sma3_ObjD5_Unused
0x0801E6A8	thumb	sma3_ObjD5_Bottom
0x0801E700	thumb	sma3_ObjD5_Top
0x0801E758	thumb	sma3_ObjD5_Main
0x0801E864	thumb	sma3_ObjD4_Unused
0x0801E8BC	thumb	sma3_ObjD4_Bottom
0x0801E914	thumb	sma3_ObjD4_Top
0x0801E968	thumb	sma3_ObjD4_Main
0x0801EA74	thumb	sma3_ObjD4_D7_Main
0x0801EA94	thumb	sma3_ObjD3_CalcParity
0x0801EAB0	thumb	sma3_ObjD3_Main
0x0801EAE0	thumb	sma3_ObjCF_D2_SetTile
0x0801EAF8	thumb	sma3_ObjD2_Main
0x0801EB08	thumb	sma3_ObjD1_Main
0x0801EB18	thumb	sma3_ObjD0_Main
0x0801EB6C	thumb	sma3_ObjCF_Main
0x0801EBAC	thumb	sma3_ObjCE_Main
0x0801EBD8	thumb	sma3_ObjCCCD_AddSlopeShadow
0x0801EC5C	thumb	sma3_ObjCCCD_AddLeftShadow
0x0801ECD8	thumb	sma3_ObjCC_Main
0x0801EDE8	thumb	sma3_ObjCD_Main
0x0801EEDC	thumb	sma3_ObjCC_CD_Main
0x0801EF00	thumb	sma3_ObjCB_Main
0x0801EFA8	thumb	sma3_ObjCA_Main
0x0801F084	thumb	sma3_ObjC4_C9_Shared
0x0801F0CC	thumb	sma3_ObjC6_C9_ParityCheck
0x0801F0F0	thumb	sma3_ObjC5_C8_ParityCheck
0x0801F10C	thumb	sma3_ObjC4_C7_ParityCheck
0x0801F128	thumb	sma3_ObjC4_C9_Main
0x0801F154	thumb	sma3_ObjC3_Main
0x0801F1CC	thumb	sma3_ObjC2_Main
0x0801F244	thumb	sma3_ObjC1_Main
0x0801F388	thumb	sma3_ObjC0_Main
0x0801F4D8	thumb	sma3_ObjC0_C3_Main
0x0801F4F8	thumb	sma3_ObjBE_Main
0x0801F638	thumb	sma3_ObjBF_Main
0x0801F808	thumb	sma3_ObjBE_BF_Main
0x0801F82C	thumb	sma3_ObjBD_Main
0x0801F888	thumb	sma3_ObjBC_Main
0x0801F8E4	thumb	sma3_ObjBB_Main
0x0801F940	thumb	sma3_ObjBA_Main
0x0801F99C	thumb	sma3_ObjBA_BD_Main
0x0801F9C4	thumb	sma3_ObjB9_Main
0x0801FA44	thumb	sma3_ObjB6_B8_Main
0x0801FAC4	thumb	sma3_ObjB7_Main
0x0801FB44	thumb	sma3_ObjB8_B9_Main
0x0801FB68	thumb	sma3_ObjB6_B7_Main
0x0801FB8C	thumb	sma3_ObjB5_Main
0x0801FBCC	thumb	sma3_ObjB2_B4_Main
0x0801FC0C	thumb	sma3_ObjB3_Main
0x0801FC4C	thumb	sma3_ObjB4_B5_Main
0x0801FC70	thumb	sma3_ObjB2_B3_Main
0x0801FC94	thumb	sma3_ObjB1_Main
0x0801FD20	thumb	sma3_ObjB0_Main
0x0801FDB4	thumb	sma3_ObjAF_Main
0x0801FDF0	thumb	sma3_ObjAE_Main
0x0801FE2C	thumb	sma3_ObjAE_AF_Main
0x0801FE50	thumb	sma3_ObjAA_AD_OverlapCheck
0x0801FF24	thumb	sma3_ObjAD_Main
0x0801FF94	thumb	sma3_ObjAC_Main
0x08020024	thumb	sma3_ObjAC_AD_Main
0x08020048	thumb	sma3_ObjAB_Main
0x080200B8	thumb	sma3_ObjAA_Main
0x08020128	thumb	sma3_ObjAA_AB_Main
0x0802014C	thumb	sma3_ObjA9_PipeBottom
0x0802017C	thumb	sma3_ObjA9_PipeMid
0x080201B0	thumb	sma3_ObjA9_PipeTop
0x080201D0	thumb	sma3_ObjA9_PipeConnector
0x08020234	thumb	sma3_ObjA9_Main
0x080202BC	thumb	sma3_ObjA8_DetectAdjacentThorns
0x08020384	thumb	sma3_ObjA8_Main
0x08020468	thumb	sma3_ObjA7_Main
0x08020538	thumb	sma3_ObjA7_A8_Main
0x0802055C	thumb	sma3_ObjA6_T3_Last
0x08020570	thumb	sma3_ObjA6_T3_Mid
0x08020594	thumb	sma3_ObjA6_T3_Left
0x080205A8	thumb	sma3_ObjA6_T3
0x080205FC	thumb	sma3_ObjA5_T3
0x08020648	thumb	sma3_ObjA6_Castle_Right
0x08020678	thumb	sma3_ObjA6_Castle_Mid
0x08020694	thumb	sma3_ObjA6_Castle_Left
0x080206C4	thumb	sma3_ObjA6_Castle
0x08020728	thumb	sma3_ObjA5_Castle_Bottom
0x08020758	thumb	sma3_ObjA5_Castle_Mid
0x08020778	thumb	sma3_ObjA5_Castle_Top
0x080207A8	thumb	sma3_ObjA5_Castle
0x0802080C	thumb	sma3_ObjA5_A6_Main
0x0802084C	thumb	sma3_ObjA3_A4_Main
0x08020890	thumb	sma3_ObjA0_A2_Main
0x080208C4	thumb	sma3_Obj9F_Main
0x08020908	thumb	sma3_Obj9E_Main
0x08020924	thumb	sma3_Obj9D_MidEvenY
0x08020938	thumb	sma3_Obj9D_MidOddY
0x0802094C	thumb	sma3_Obj9D_LastY
0x08020994	thumb	sma3_Obj9D_FirstY
0x080209A8	thumb	sma3_Obj9D_Main
0x08020A28	thumb	sma3_Obj9A_9C_YMidParity0
0x08020A3C	thumb	sma3_Obj9A_9C_YMidParity1
0x08020A50	thumb	sma3_Obj9B_9C_YLast
0x08020A64	thumb	sma3_Obj9B_Y0_HeightEven
0x08020A78	thumb	sma3_Obj9B_Y0_HeightOdd
0x08020A8C	thumb	sma3_Obj9C_Y1_HeightOdd
0x08020AA0	thumb	sma3_Obj9C_Y0_HeightOdd
0x08020AB4	thumb	sma3_Obj9C_Y0_HeightEven
0x08020AC8	thumb	sma3_Obj9C_Y1_HeightEven
0x08020ADC	thumb	sma3_Obj9C_Main
0x08020B6C	thumb	sma3_Obj9B_Main
0x08020BF4	thumb	sma3_Obj9B_9C_Main
0x08020C18	thumb	sma3_Obj9A_YMidOdd_HeightEven
0x08020C40	thumb	sma3_Obj9A_YMidEven_HeightEven
0x08020C68	thumb	sma3_Obj9A_YLast_HeightEven
0x08020C90	thumb	sma3_Obj9A_Y0Y1_HeightEven
0x08020CD4	thumb	sma3_Obj9A_YMidOdd_HeightOdd
0x08020CFC	thumb	sma3_Obj9A_YMidEven_HeightOdd
0x08020D24	thumb	sma3_Obj9A_YLast_HeightOdd
0x08020D4C	thumb	sma3_Obj9A_Y0Y1_HeightOdd
0x08020D90	thumb	sma3_Obj9A_Main
0x08020E0C	thumb	sma3_Obj99_Main
0x08020E6C	thumb	sma3_Obj98_Y2
0x08020E90	thumb	sma3_Obj98_Y1
0x08020EDC	thumb	sma3_Obj98_Y0
0x08020EF0	thumb	sma3_Obj98_Main
0x08020F44	thumb	sma3_Obj94_97_Main
0x08020F90	thumb	sma3_Obj93_Main
0x08021018	thumb	sma3_Obj92_Main
0x080210CC	thumb	sma3_Obj91_Main
0x08021184	thumb	sma3_Obj91_92_Main
0x080211A8	thumb	sma3_Obj90_NotFirstX
0x0802123C	thumb	sma3_Obj90_FirstX
0x0802127C	thumb	sma3_Obj90_Main
0x08021318	thumb	sma3_Obj8F_Return0
0x0802131C	thumb	sma3_Obj8F_EvenXLandSurface
0x08021354	thumb	sma3_Obj8F_EvenXDefault
0x0802138C	thumb	sma3_Obj8F_EvenXMain
0x080213B4	thumb	sma3_Obj8F_OddX
0x0802142C	thumb	sma3_Obj8F_FirstX
0x08021484	thumb	sma3_Obj8F_Main
0x08021564	thumb	sma3_Obj8E_Main
0x0802159C	thumb	sma3_Obj8D_Main
0x080215E8	thumb	sma3_Obj8C_Main
0x0802166C	thumb	sma3_Obj89_Rect
0x080216D4	thumb	sma3_Obj89_Width1
0x08021710	thumb	sma3_Obj89_Height1
0x08021744	thumb	sma3_Obj89_Single
0x0802174C	thumb	sma3_Obj89_Main
0x080217A8	thumb	sma3_Obj87_88_Top
0x08021940	thumb	sma3_Obj87_88_Main
0x08021958	thumb	sma3_Obj85_86_Replace1912With3B0D
0x08021998	thumb	sma3_Obj85_86_Replace1912With3B0E
0x080219D8	thumb	sma3_Obj86_Main
0x08021ACC	thumb	sma3_Obj85_Main
0x08021BEC	thumb	sma3_Obj84_Main
0x08021C38	thumb	sma3_Obj82_83_Main
0x08021C8C	thumb	sma3_Obj81_Y1
0x08021CBC	thumb	sma3_Obj81_Y0
0x08021D04	thumb	sma3_Obj81_Main
0x08021D44	thumb	sma3_Obj80_81_Default
0x08021D98	thumb	sma3_Obj80_SecondLastY
0x08021DC8	thumb	sma3_Obj80_Unused
0x08021E18	thumb	sma3_Obj80_Main
0x08021EA4	thumb	sma3_Obj7F_CarvedBGWall
0x08021F58	thumb	sma3_Obj7F_Main
0x0802202C	thumb	sma3_Obj7D_Main
0x08022118	thumb	sma3_Obj7C_Main
0x080221FC	thumb	sma3_Obj7B_LastY
0x080222CC	thumb	sma3_Obj7B_MidY
0x08022388	thumb	sma3_Obj7B_Y1
0x08022444	thumb	sma3_Obj7B_Y0
0x08022480	thumb	sma3_Obj7B_Main
0x08022528	thumb	sma3_Obj7A_BottomRight
0x080225B8	thumb	sma3_Obj7A_BottomCenter
0x080225DC	thumb	sma3_Obj7A_BottomLeft
0x08022664	thumb	sma3_Obj7A_CenterRight
0x0802271C	thumb	sma3_Obj7A_Center
0x08022730	thumb	sma3_Obj7A_CenterLeft
0x080227EC	thumb	sma3_Obj7A_TopRight
0x08022854	thumb	sma3_Obj7A_TopCenter
0x0802285C	thumb	sma3_Obj7A_TopLeft
0x080228C4	thumb	sma3_Obj7A_Main
0x08022964	thumb	sma3_Obj78_79_Shared
0x08022A20	thumb	sma3_Obj79_Main
0x08022A2C	thumb	sma3_Obj78_Main
0x08022A38	thumb	sma3_Obj77_Main
0x08022A54	thumb	sma3_Obj76_Main
0x08022A80	thumb	sma3_Obj75_Main
0x08022AAC	thumb	sma3_Obj74_Main
0x08022AD8	thumb	sma3_Obj73_Main
0x08022B1C	thumb	sma3_Obj70_72_Shared
0x08022B68	thumb	sma3_Obj72_Main
0x08022B74	thumb	sma3_Obj71_Main
0x08022B80	thumb	sma3_Obj70_Main
0x08022B8C	thumb	sma3_Obj6F_Default
0x08022BC4	thumb	sma3_Obj6F_LandSurfaceCheck
0x08022C10	thumb	sma3_Obj6F_Main
0x08022C44	thumb	sma3_Obj6E_8B_Main
0x08022C88	thumb	sma3_Obj6D_Main
0x08022CDC	thumb	sma3_Obj6C_Main
0x08022D00	thumb	sma3_Obj6B_Main
0x08022E18	thumb	sma3_Obj6A_Main
0x08022E58	thumb	sma3_Obj69_Main
0x08022EC8	thumb	sma3_Obj68_8A_Main
0x08022F10	thumb	sma3_Obj67_AddBottomRightEdge
0x08022F84	thumb	sma3_Obj678586_AddRightEdge
0x08022FDC	thumb	sma3_Obj67_AddTopRightEdge
0x08023050	thumb	sma3_Obj67_AddBottomEdge
0x080230A8	thumb	sma3_Obj67_AddTopEdge
0x08023100	thumb	sma3_Obj67_AddBottomLeftEdge
0x08023170	thumb	sma3_Obj678586_AddLeftEdge
0x080231C8	thumb	sma3_Obj678586_AddTopLeftEdge
0x08023238	thumb	sma3_Obj67_FlowerTileset
0x0802327C	thumb	sma3_Obj67_Main
0x08023374	thumb	sma3_Obj66_Main
0x080233AC	thumb	sma3_Obj63_65_Main
0x080233F4	thumb	sma3_Obj61_62_Main
0x0802360C	thumb	sma3_Obj5F_60_MidXDefault
0x080236A4	thumb	sma3_Obj5F_60_SetSlopeTiles
0x080237A0	thumb	sma3_Obj5F_60_Main
0x08023898	thumb	sma3_Obj59_62_AddBGWallEdgeToLeft
0x080238EC	thumb	sma3_Obj59_62_AddBGWallEdgeToRight
0x08023940	thumb	sma3_Obj5B_5E_Main
0x08023A30	thumb	sma3_Obj5A_5D_Main
0x08023B24	thumb	sma3_Obj59_5C_Main
0x08023C24	thumb	sma3_Obj59_5E_Main
0x08023C50	thumb	sma3_Obj58_ExtendRightWall
0x08023CE4	thumb	sma3_Obj58_Right
0x08023E08	thumb	sma3_Obj58_Center
0x08023EA0	thumb	sma3_Obj58_ExtendLeftWall
0x08023F34	thumb	sma3_Obj58_Left
0x0802405C	thumb	sma3_Obj58_Main
0x0802409C	thumb	sma3_Obj57_7E_Main
0x08024140	thumb	sma3_Obj56_MidX
0x080241A0	thumb	sma3_Obj55_MidX
0x080241FC	thumb	sma3_Obj54_MidX
0x08024268	thumb	sma3_Obj54_56_Main
0x0802435C	thumb	sma3_Obj53_Main
0x08024494	thumb	sma3_Obj52_Main
0x080244F8	thumb	sma3_Obj50_51_Main
0x08024578	thumb	sma3_Obj4F_ReplaceAdjacentTile
0x080245D0	thumb	sma3_Obj4F_Main
0x08024674	thumb	sma3_Obj4E_BottomRight
0x08024688	thumb	sma3_Obj4E_CenterRight
0x0802469C	thumb	sma3_Obj4E_TopRight
0x080246B0	thumb	sma3_Obj4E_BottomCenter
0x080246C4	thumb	sma3_Obj4E_MidCenter
0x080246D8	thumb	sma3_Obj4E_TopCenter
0x080246EC	thumb	sma3_Obj4E_BottomLeft
0x08024700	thumb	sma3_Obj4E_CenterLeft
0x08024714	thumb	sma3_Obj4E_TopLeft
0x08024728	thumb	sma3_Obj4E_SetPrevtileDirtType
0x0802479C	thumb	sma3_Obj4E_DetectDirt
0x080247C8	thumb	sma3_Obj4E_Rect
0x08024A5C	thumb	sma3_Obj4E_Height1
0x08024B34	thumb	sma3_Obj4E_Width1
0x08024C10	thumb	sma3_Obj4E_WidthHeightCheck
0x08024C90	thumb	sma3_Obj4E_Main
0x08024D0C	thumb	sma3_Obj4B_4D_Main
0x08024D88	thumb	sma3_Obj49_4A_Main
0x08024DDC	thumb	sma3_Obj48_DetectLavaToRight
0x08024E5C	thumb	sma3_Obj48_DetectLavaAbove
0x08024EC8	thumb	sma3_Obj48_DetectLavaToLeft
0x08024F30	thumb	sma3_Obj48_MergeBricksRight_OddX
0x08024F90	thumb	sma3_Obj48_MergeBricksLeft
0x08024FE4	thumb	sma3_Obj48_MergeBricksRight_EvenX
0x08025044	thumb	sma3_Obj48_CalcParityOffset
0x08025070	thumb	sma3_Obj48_6C_AddBGWallShadows
0x080250F0	thumb	sma3_Obj48_OddX
0x08025158	thumb	sma3_Obj48_EvenX
0x08025210	thumb	sma3_Obj48_Main
0x08025228	thumb	sma3_Obj47_CheckToLeft
0x08025280	thumb	sma3_Obj47_CheckToRight
0x080252D8	thumb	sma3_Obj47_CheckBelow
0x08025330	thumb	sma3_Obj47_Main
0x08025458	thumb	sma3_Obj45_46_AddShadowY0
0x080254FC	thumb	sma3_Obj45_46_AddShadowY1
0x08025550	thumb	sma3_Obj45_46_Top
0x08025608	thumb	sma3_Obj45_46_Main
0x08025628	thumb	sma3_Obj444546CCCD_AddLeftShadow
0x08025718	thumb	sma3_Obj44CBCCCD_AddTopShadow
0x080257CC	thumb	sma3_Obj44_FixBricksRight
0x08025800	thumb	sma3_Obj44_FixBricksLeft
0x08025858	thumb	sma3_Obj44_Main
0x080258DC	thumb	sma3_Obj414243486C_BGShadowBottomRight
0x08025950	thumb	sma3_Obj41486C_BGShadowBottom
0x080259A8	thumb	sma3_Obj414243486C_BGShadowTopRight
0x08025A00	thumb	sma3_Obj414243486C_BGShadowBottomLeft
0x08025A54	thumb	sma3_Obj4243486C_BGShadowRight
0x08025B18	thumb	sma3_Obj42_43_Shared
0x08025B9C	thumb	sma3_Obj43_Main
0x08025BE8	thumb	sma3_Obj42_Main
0x08025C38	thumb	sma3_Obj42_43_Main
0x08025C5C	thumb	sma3_Obj41_Main
0x08025D14	thumb	sma3_Obj3F_40_Main
0x08025D64	thumb	sma3_Obj3E_Main
0x08025DE0	thumb	sma3_Obj3D_Main
0x08025E8C	thumb	sma3_Obj3C_F4_Main
0x08025F24	thumb	sma3_Obj3B_Main
0x08025F9C	thumb	sma3_Obj_SetRandLandInteriorTile
0x08025FE0	thumb	sma3_Obj3A_Main
0x0802606C	thumb	sma3_Obj39_Main
0x080260C0	thumb	sma3_Obj38_39_TransformEdges
0x080260EC	thumb	sma3_Obj3839_BottomRight
0x080261F8	thumb	sma3_Obj38_BottomEdge
0x080262DC	thumb	sma3_Obj3839_BottomLeft
0x080263E4	thumb	sma3_Obj38_RightEdge
0x080264D8	thumb	sma3_Return080264D8
0x080264DC	thumb	sma3_Obj38_LeftEdge
0x080265BC	thumb	sma3_Obj3839_TopRight
0x080266C8	thumb	sma3_Obj38_TopEdge
0x080267AC	thumb	sma3_Obj3839_TopLeft
0x080268B4	thumb	sma3_Obj38_Main
0x08026958	thumb	sma3_Obj37_Main
0x08026984	thumb	sma3_Obj36_Main
0x08026990	thumb	sma3_Obj35_Main
0x08026ABC	thumb	sma3_Obj34_Main
0x08026B44	thumb	sma3_Obj32_33_LastY
0x08026BD8	thumb	sma3_Obj32_33_RightEdge
0x08026C2C	thumb	sma3_Obj32_33_Center
0x08026C3C	thumb	sma3_Obj32_33_LeftEdge
0x08026C90	thumb	sma3_Obj32_33_MidY
0x08026CEC	thumb	sma3_Obj32_FirstY
0x08026D2C	thumb	sma3_Obj33_FirstY
0x08026D6C	thumb	sma3_Obj33_Main
0x08026DCC	thumb	sma3_Obj32_Main
0x08026E2C	thumb	sma3_Obj32_33_Main
0x08026E50	thumb	sma3_Obj30_Continued
0x08026F28	thumb	sma3_Obj30_Main
0x08026FC0	thumb	sma3_Obj31_36_RightLeaf
0x08027008	thumb	sma3_Obj31_36_LeftLeaf
0x08027050	thumb	sma3_Obj31_36_2WayLeaf
0x0802706C	thumb	sma3_Obj31_36_Main
0x080270F8	thumb	sma3_Obj30_31_Main
0x0802711C	thumb	sma3_Obj2F_Main
0x080271DC	thumb	sma3_Obj2D_2E_RandTopB
0x0802721C	thumb	sma3_Obj2D_2E_RandTopA
0x0802725C	thumb	sma3_Obj2D_Main
0x080272F4	thumb	sma3_Obj2E_Main
0x080273AC	thumb	sma3_Obj2D_2E_Main
0x080273D0	thumb	sma3_Obj2C_Main
0x08027440	thumb	sma3_Obj2B_Main
0x080274A0	thumb	sma3_Obj29_2A_Main
0x08027534	thumb	sma3_ObjJungle_DetectGrass
0x0802758C	thumb	sma3_Obj28_Main
0x080276E0	thumb	sma3_Obj27_Main
0x0802782C	thumb	sma3_Obj27_28_Main
0x0802784C	thumb	sma3_Obj26_Y0
0x08027908	thumb	sma3_Obj25_Y0
0x080279C8	thumb	sma3_Obj25_26_Main
0x08027AA0	thumb	sma3_Obj24_Main
0x08027B0C	thumb	sma3_Obj23_Main
0x08027B98	thumb	sma3_Obj22_Main
0x08027C34	thumb	sma3_Obj21_Y0Check
0x08027D0C	thumb	sma3_Obj21_Y1Check
0x08027E1C	thumb	sma3_Obj21_Main
0x08027EE8	thumb	sma3_ObjEE_ModifyTile
0x08027F60	thumb	sma3_ObjEE_F3_Shading
0x08028024	thumb	sma3_Obj20_EE_F3_Unused
0x08028058	thumb	sma3_Obj20_EE_F3_BottomLeft
0x0802808C	thumb	sma3_Obj20_EE_F3_Top
0x08028168	thumb	sma3_ObjEE_F3_Main
0x08028234	thumb	sma3_Obj1F_Bottom
0x08028250	thumb	sma3_Obj1F_Top
0x08028294	thumb	sma3_Obj1F_20_Bottom
0x080282B8	thumb	sma3_Obj1F_20_Top
0x080282DC	thumb	sma3_Obj1F_20_Main
0x080282FC	thumb	sma3_Obj1D_1E_Main
0x0802832C	thumb	sma3_Obj1C_Main
0x08028390	thumb	sma3_Obj1B_Main
0x0802840C	thumb	sma3_Obj1A_Main
0x08028478	thumb	sma3_Obj19_Main
0x080284E4	thumb	sma3_Obj18_Main
0x08028574	thumb	sma3_Obj17_CalcXIndex
0x080285A0	thumb	sma3_Obj17_VineTop
0x0802867C	thumb	sma3_Obj17_Main
0x08028744	thumb	sma3_Obj16_Main
0x08028770	thumb	sma3_Obj15_Main
0x080287C8	thumb	sma3_Obj14_RectTopReplace
0x08028818	thumb	sma3_Obj14_CalcOverlapIndex
0x0802888C	thumb	sma3_Obj14_Rect
0x080289B4	thumb	sma3_Obj14_Height1
0x08028A10	thumb	sma3_Obj14_Width1
0x08028A68	thumb	sma3_Obj14_Main
0x08028B04	thumb	sma3_Obj13_Main
0x08028B54	thumb	sma3_Obj11_12_Main
0x08028C28	thumb	sma3_Obj10_Default
0x08028C80	thumb	sma3_Obj10_Edges
0x08028CE4	thumb	sma3_Obj10_Main
0x08028D44	thumb	sma3_Obj0D_Main
0x08028E04	thumb	sma3_Obj0C_0E_0F_Main
0x08028E8C	thumb	sma3_Obj06_09_Top
0x08028EEC	thumb	sma3_Obj06_09_Top_EvenXWrapper
0x08028F4C	thumb	sma3_Obj06_09_Main
0x08028F64	thumb	sma3_Obj04_05_OddX
0x08028F94	thumb	sma3_Obj04_05_EvenX
0x08028FBC	thumb	sma3_Obj04_05_Main
0x08029020	thumb	sma3_Obj01_Y2Overlap
0x0802906C	thumb	sma3_Obj01_Top_SameHighByteOverlap
0x08029104	thumb	sma3_Obj_LandWallOverlap
0x080291C0	thumb	sma3_Obj_LandWall
0x080292D8	thumb	sma3_Obj0A_0B_Top
0x08029318	thumb	sma3_Return08029318
0x0802931C	thumb	sma3_Obj02_03_Top
0x080293D8	thumb	sma3_Obj02030A0B_Top
0x080293F8	thumb	sma3_Obj02030A0B_Main
0x08029418	thumb	sma3_Obj_LandInterior_SurfaceOverlap
0x08029548	thumb	sma3_Obj_LandInterior_SideCheck
0x08029610	thumb	sma3_Obj_LandInterior
0x0802970C	thumb	sma3_Obj01_SetDynamicTile
0x08029738	thumb	sma3_Obj01_Top_OddX
0x0802979C	thumb	sma3_Obj01_Top_EvenX
0x08029800	thumb	sma3_Obj01_Main
0x08029818	thumb	sma3_Return08029818
0x0802981C	thumb	sma3_ExtObjFD_Main
0x08029834	thumb	sma3_Return08029834
0x08029838	thumb	sma3_ExtObjE0_Main
0x08029870	thumb	sma3_ExtObjD4_DF_Main
0x08029928	thumb	sma3_ExtObjCA_D3_Main
0x08029950	thumb	sma3_ExtObjC5_C9_Main
0x080299A8	thumb	sma3_ExtObjC4_Main
0x080299C4	thumb	sma3_ExtObjC2_C3_Main
0x08029A08	thumb	sma3_ExtObjC1_Main
0x08029A6C	thumb	sma3_ExtObjC0_Main
0x08029AF0	thumb	sma3_ExtObjBA_BF_Main
0x08029B4C	thumb	sma3_ExtObjB8_B9_Main
0x08029C10	thumb	sma3_ExtObjB6_B7_Main
0x08029CBC	thumb	sma3_ExtObjB4_B5_Main
0x08029D2C	thumb	sma3_ExtObjB3_Main
0x08029D70	thumb	sma3_ExtObjAD_B2_Main
0x08029DB8	thumb	sma3_ExtObjA9_AC_Main
0x08029E04	thumb	sma3_ExtObjA7_Main
0x08029E20	thumb	sma3_ExtObjA5_A6_Main
0x08029E94	thumb	sma3_ExtObjA4_Main
0x08029EC8	thumb	sma3_ExtObjA3_Main
0x08029F74	thumb	sma3_ExtObjA2_Main
0x0802A02C	thumb	sma3_ExtObjA1_Main
0x0802A0F8	thumb	sma3_ExtObjA0_Main
0x0802A1B0	thumb	sma3_ExtObjA0_A3_Main
0x0802A1D0	thumb	sma3_ExtObj9E_9F_Main
0x0802A240	thumb	sma3_ExtObj9C_9D_YMinus1Wrapper
0x0802A254	thumb	sma3_ExtObj9A_9B_YMinus1Wrapper
0x0802A268	thumb	sma3_ExtObj9A_9D_Main
0x0802A2D0	thumb	sma3_ExtObj96_99_Main
0x0802A324	thumb	sma3_ExtObj92_95_Main
0x0802A378	thumb	sma3_ExtObj8E_91_Main
0x0802A39C	thumb	sma3_ExtObj8D_EvenTile
0x0802A42C	thumb	sma3_ExtObj8D_OddTile
0x0802A4B8	thumb	sma3_ExtObj8D_Main
0x0802A508	thumb	sma3_ExtObj8B_8C_Main
0x0802A58C	thumb	sma3_ExtObj89_8A_Main
0x0802A610	thumb	sma3_ExtObj88_Y3
0x0802A690	thumb	sma3_ExtObj88_Y2
0x0802A6FC	thumb	sma3_ExtObj88_Y1
0x0802A768	thumb	sma3_ExtObj88_Y0
0x0802A7DC	thumb	sma3_ExtObj88_Main
0x0802A860	thumb	sma3_ExtObj83_87_Main
0x0802A8F4	thumb	sma3_ExtObj82_Main
0x0802A928	thumb	sma3_ExtObj81_Main
0x0802A94C	thumb	sma3_ExtObj80_Main
0x0802A964	thumb	sma3_ExtObj7E_7F_Main
0x0802A990	thumb	sma3_ExtObj71_74_7D_Shared
0x0802A9A8	thumb	sma3_ExtObj75_7C_Shared
0x0802A9C8	thumb	sma3_ExtObj7D_Main
0x0802A9E8	thumb	sma3_ExtObj7C_Main
0x0802AA18	thumb	sma3_ExtObj7B_Main
0x0802AA48	thumb	sma3_ExtObj7A_Main
0x0802AA78	thumb	sma3_ExtObj79_Main
0x0802AAA8	thumb	sma3_ExtObj78_Main
0x0802AAD8	thumb	sma3_ExtObj77_Main
0x0802AB08	thumb	sma3_ExtObj76_Main
0x0802AB38	thumb	sma3_ExtObj75_Main
0x0802AB68	thumb	sma3_ExtObj74_Main
0x0802AB88	thumb	sma3_ExtObj73_Main
0x0802ABA8	thumb	sma3_ExtObj72_Main
0x0802ABC8	thumb	sma3_ExtObj71_Main
0x0802ABE8	thumb	sma3_Return0802ABE8
0x0802ABEC	thumb	sma3_ExtObj71_7D_Main
0x0802AC0C	thumb	sma3_ExtObj6D_70_Main
0x0802AC50	thumb	sma3_ExtObj6C_TilemapCode
0x0802AC7C	thumb	sma3_ExtObj6B_TilemapCode
0x0802AC90	thumb	sma3_ExtObj6A_TilemapCode
0x0802ACA4	thumb	sma3_ExtObj6A_6C_Main
0x0802ACF0	thumb	sma3_ExtObj68_69_Main
0x0802AD1C	thumb	sma3_ExtObj67_Main
0x0802AD9C	thumb	sma3_ExtObj5F_66_Main
0x0802AE20	thumb	sma3_ExtObj5E_Main
0x0802AE3C	thumb	sma3_ExtObj54_5D_OverlapCheck
0x0802AEA8	thumb	sma3_ExtObj5B_5D_Main
0x0802AEE8	thumb	sma3_ExtObj58_5A_Main
0x0802AF28	thumb	sma3_ExtObj56_57_Main
0x0802AF68	thumb	sma3_ExtObj54_55_Main
0x0802AFA8	thumb	sma3_ExtObj53_Main
0x0802B04C	thumb	sma3_ExtObj52_Main
0x0802B0D0	thumb	sma3_ExtObj51_Main
0x0802B0EC	thumb	sma3_ExtObj50_A8_Main
0x0802B248	thumb	sma3_ExtObj4F_Main
0x0802B264	thumb	sma3_ExtObj4E_Main
0x0802B290	thumb	sma3_ExtObj4D_Main
0x0802B2C4	thumb	sma3_ExtObj4C_Main
0x0802B2E4	thumb	sma3_ExtObj4B_Main
0x0802B348	thumb	sma3_ExtObj4A_Main
0x0802B3AC	thumb	sma3_ExtObj49_Main
0x0802B3D8	thumb	sma3_ExtObj48_X0_X1
0x0802B424	thumb	sma3_ExtObj48_X2_X3
0x0802B474	thumb	sma3_ExtObj48_Main
0x0802B4AC	thumb	sma3_ExtObj47_Main
0x0802B4F0	thumb	sma3_ExtObj46_Main
0x0802B528	thumb	sma3_ExtObj32_45_Main
0x0802B564	thumb	sma3_ExtObj31_Main
0x0802B59C	thumb	sma3_ExtObj30_Main
0x0802B63C	thumb	sma3_Return0802B63C
0x0802B640	thumb	sma3_ExtObj1F_Main
0x0802B680	thumb	sma3_ExtObj1E_Main
0x0802B6E4	thumb	sma3_ExtObj1B_1D_Main
0x0802B730	thumb	sma3_ExtObj19_1A_Main
0x0802B7D4	thumb	sma3_ExtObj18_Main
0x0802B824	thumb	sma3_ExtObj17_Main
0x0802B858	thumb	sma3_ExtObj16_Main
0x0802B898	thumb	sma3_ExtObj15_Main
0x0802B8E4	thumb	sma3_ExtObj14_Main
0x0802B930	thumb	sma3_ExtObj13_Main
0x0802B95C	thumb	sma3_ExtObj12_Main
0x0802B988	thumb	sma3_ExtObj11_Main
0x0802B9B0	thumb	sma3_ExtObj10_Main
0x0802B9F4	thumb	sma3_ExtObj0F_Main
0x0802BA0C	thumb	sma3_ExtObj0D_0E_Main
0x0802BA84	thumb	sma3_ExtObj0C_Main
0x0802BAD0	thumb	sma3_ExtObj0A_0B_Main
0x0802BB14	thumb	sma3_ExtObj00_09_Main
0x0802BB74	thumb	sma3_Sub0802BB74
0x0802C2D4	thumb	sma3_ProcessSublevelHeaderMusic
0x0802C47C	thumb	sma3_Return0802C47C
0x0802C480	thumb	sma3_Sub0802C480
0x0802C504	thumb	sma3_NormalGameplayInit
0x0802CF5C	thumb	sma3_Sub0802CF5C
0x0802D064	thumb	sma3_Sub0802D064
0x0802D0F8	thumb	sma3_Sub0802D0F8
0x0802D15C	thumb	sma3_Sub0802D15C
0x0802D1D0	thumb	sma3_Sub0802D1D0
0x0802D1F8	thumb	sma3_NormalGameplay
0x0802D688	thumb	sma3_Sub0802D688
0x0802D6B0	thumb	sma3_Sub0802D6B0
0x0802D73C	thumb	sma3_FadeToNextState
0x0802D800	thumb	sma3_Sub0802D800
0x0802D85C	thumb	sma3_Sub0802D85C
0x0802D8CC	thumb	sma3_SublevelFade
0x0802D9AC	thumb	sma3_Sub0802D9AC
0x0802D9F4	thumb	sma3_SublevelTransition
0x0802DBE0	thumb	sma3_Sub0802DBE0
0x0802DC50	thumb	sma3_Sub0802DC50
0x0802DCB4	thumb	sma3_Sub0802DCB4
0x0802DEEC	thumb	sma3_Sub0802DEEC
0x0802DF70	thumb	sma3_Sub0802DF70
0x0802DFE8	thumb	sma3_LevelIntro
0x0802E020	thumb	sma3_Sub0802E020
0x0802E0CC	thumb	sma3_GameState_3D
0x0802E0F8	thumb	sma3_DeathTransition
0x0802E3AC	thumb	sma3_PalAnim_LoadFromColorTable
0x0802E44C	thumb	sma3_PalAnim1314
0x0802E49C	thumb	sma3_PalAnim12
0x0802E4D0	thumb	sma3_Sub0802E4D0
0x0802E5C0	thumb	sma3_PalAnim11
0x0802E5E8	thumb	sma3_PalAnim10
0x0802E664	thumb	sma3_PalAnim0F
0x0802E698	thumb	sma3_PalAnim_L2Image00
0x0802E718	thumb	sma3_PalAnim0E
0x0802E788	thumb	sma3_PalAnim0D
0x0802E804	thumb	sma3_PalAnim0C
0x0802E8A0	thumb	sma3_PalAnim0B
0x0802E924	thumb	sma3_PalAnim0A
0x0802E958	thumb	sma3_PalAnim09
0x0802EA00	thumb	sma3_PalAnim08
0x0802EA30	thumb	sma3_PalAnim07
0x0802EA54	thumb	sma3_PalAnim06
0x0802EAB8	thumb	sma3_PalAnim_L2Image13
0x0802EB58	thumb	sma3_PalAnim05
0x0802EBD0	thumb	sma3_PalAnim04
0x0802EC7C	thumb	sma3_PalAnim03
0x0802ED1C	thumb	sma3_PalAnim02
0x0802EE58	thumb	sma3_PalAnim01
0x0802EEC4	thumb	sma3_Return0802EEC4
0x0802EEC8	thumb	sma3_PalAnimMain
0x0802EF48	thumb	sma3_Sub0802EF48
0x0802F050	thumb	sma3_GenBGGradient
0x0802F244	thumb	sma3_Sub0802F244
0x0802F2A4	thumb	sma3_Sub0802F2A4
0x0802F35C	thumb	sma3_StoryIntroText_DispChar
0x0802F3C4	thumb	sma3_StoryIntroText_Cmd01
0x0802F3CC	thumb	sma3_StoryIntroText_SetY
0x0802F3E4	thumb	sma3_StoryIntroText_SetX
0x0802F3FC	thumb	sma3_StoryIntroText_2xScale
0x0802F40C	thumb	sma3_StoryIntroText_Disp1LargeChar
0x0802F504	thumb	sma3_StoryIntroText_Main
0x0802F598	thumb	sma3_Sub0802F598
0x0802F700	thumb	sma3_Sub0802F700
0x0802F72C	thumb	sma3_Sub0802F72C
0x0802F784	thumb	sma3_ToadiesCutsceneInit
0x0802FB0C	thumb	sma3_Sub0802FB0C
0x0802FB30	thumb	sma3_Sub0802FB30
0x0802FCB0	thumb	sma3_StoryIntroInit
0x0803004C	thumb	sma3_Sub0803004C
0x08030120	thumb	sma3_Sub08030120
0x080301DC	thumb	sma3_Sub080301DC
0x0803024C	thumb	sma3_Sub0803024C
0x08030260	thumb	sma3_Sub08030260
0x08030274	thumb	sma3_Sub08030274
0x08030288	thumb	sma3_Sub08030288
0x080302D0	thumb	sma3_Sub080302D0
0x0803032C	thumb	sma3_Sub0803032C
0x0803048C	thumb	sma3_Sub0803048C
0x080304C4	thumb	sma3_Sub080304C4
0x08030560	thumb	sma3_Sub08030560
0x08030640	thumb	sma3_Sub08030640
0x080306CC	thumb	sma3_Sub080306CC
0x08030704	thumb	sma3_Sub08030704
0x08030738	thumb	sma3_Sub08030738
0x0803074C	thumb	sma3_Sub0803074C
0x08030850	thumb	sma3_Sub08030850
0x080309C4	thumb	sma3_Sub080309C4
0x08030A30	thumb	sma3_Sub08030A30
0x08030BC4	thumb	sma3_Sub08030BC4
0x08030CF8	thumb	sma3_Sub08030CF8
0x08030DF8	thumb	sma3_Sub08030DF8
0x08030F00	thumb	sma3_Sub08030F00
0x08030FFC	thumb	sma3_Sub08030FFC
0x08031174	thumb	sma3_Sub08031174
0x0803128C	thumb	sma3_Sub0803128C
0x080312D0	thumb	sma3_Sub080312D0
0x080313A8	thumb	sma3_Sub080313A8
0x080313CC	thumb	sma3_Sub080313CC
0x080314DC	thumb	sma3_Sub080314DC
0x08031508	thumb	sma3_Sub08031508
0x08031534	thumb	sma3_Sub08031534
0x08031560	thumb	sma3_Sub08031560
0x080315B8	thumb	sma3_Sub080315B8
0x08031608	thumb	sma3_Sub08031608
0x080316B8	thumb	sma3_Sub080316B8
0x080316E4	thumb	sma3_Sub080316E4
0x08031710	thumb	sma3_Sub08031710
0x08031738	thumb	sma3_Return08031738
0x0803173C	thumb	sma3_Sub0803173C
0x08031810	thumb	sma3_Sub08031810
0x08031834	thumb	sma3_Sub08031834
0x08031860	thumb	sma3_Sub08031860
0x0803188C	thumb	sma3_Sub0803188C
0x080318AC	thumb	sma3_Sub080318AC
0x08031948	thumb	sma3_Sub08031948
0x08031A14	thumb	sma3_Sub08031A14
0x08031B50	thumb	sma3_Return08031B50
0x08031B54	thumb	sma3_Sub08031B54
0x08031B74	thumb	sma3_Sub08031B74
0x08031BA8	thumb	sma3_Sub08031BA8
0x08031BBC	thumb	sma3_Sub08031BBC
0x08031CA8	thumb	sma3_Sub08031CA8
0x08031CBC	thumb	sma3_Sub08031CBC
0x08031CFC	thumb	sma3_Sub08031CFC
0x08031D7C	thumb	sma3_Sub08031D7C
0x08031DE4	thumb	sma3_Sub08031DE4
0x08031E4C	thumb	sma3_Sub08031E4C
0x08031FD0	thumb	sma3_Sub08031FD0
0x08032038	thumb	sma3_Return08032038
0x0803203C	thumb	sma3_Sub0803203C
0x080320A4	thumb	sma3_Sub080320A4
0x080320E0	thumb	sma3_Return080320E0
0x080320E4	thumb	sma3_Return080320E4
0x080320E8	thumb	sma3_Sub080320E8
0x080321E4	thumb	sma3_Sub080321E4
0x08032284	thumb	sma3_Sub08032284
0x080322EC	thumb	sma3_Sub080322EC
0x0803239C	thumb	sma3_Sub0803239C
0x080323C0	thumb	sma3_Return080323C0
0x080323C4	thumb	sma3_Sub080323C4
0x08032484	thumb	sma3_Sub08032484
0x080324FC	thumb	sma3_Sub080324FC
0x0803254C	thumb	sma3_Sub0803254C
0x08032678	thumb	sma3_Sub08032678
0x080326E4	thumb	sma3_Sub080326E4
0x08032744	thumb	sma3_Sub08032744
0x08032838	thumb	sma3_Sub08032838
0x0803288C	thumb	sma3_Return0803288C
0x08032890	thumb	sma3_Sub08032890
0x080328E0	thumb	sma3_Sub080328E0
0x08032974	thumb	sma3_Sub08032974
0x08032A18	thumb	sma3_Sub08032A18
0x08032A2C	thumb	sma3_Sub08032A2C
0x08032B68	thumb	sma3_Sub08032B68
0x08032B90	thumb	sma3_Sub08032B90
0x08032BB4	thumb	sma3_Sub08032BB4
0x08032BE4	thumb	sma3_Sub08032BE4
0x08032C1C	thumb	sma3_Sub08032C1C
0x08032C98	thumb	sma3_Sub08032C98
0x08032D34	thumb	sma3_Sub08032D34
0x08032D6C	thumb	sma3_Sub08032D6C
0x08032DC0	thumb	sma3_Sub08032DC0
0x08032E54	thumb	sma3_Sub08032E54
0x08032ED8	thumb	sma3_Sub08032ED8
0x08032EFC	thumb	sma3_Sub08032EFC
0x08032F24	thumb	sma3_Sub08032F24
0x08032F60	thumb	sma3_Sub08032F60
0x08033040	thumb	sma3_Sub08033040
0x080330D0	thumb	sma3_Sub080330D0
0x08033158	thumb	sma3_Sub08033158
0x08033164	thumb	sma3_Sub08033164
0x080331B4	thumb	sma3_Sub080331B4
0x08033224	thumb	sma3_Sub08033224
0x080335C8	thumb	sma3_Sub080335C8
0x08033820	thumb	sma3_Sub08033820
0x0803387C	thumb	sma3_Sub0803387C
0x080338B4	thumb	sma3_StoryIntroMain
0x08033940	thumb	sma3_ToadiesCutsceneMain
0x08033A2C	thumb	sma3_Sub08033A2C
0x08033BA8	thumb	sma3_Sub08033BA8
0x08033CD8	thumb	sma3_Sub08033CD8
0x08033DE0	thumb	sma3_CreditsText_DispChar
0x08033E60	thumb	sma3_CreditsText_Cmd01
0x08033E68	thumb	sma3_CreditsText_SetY
0x08033E80	thumb	sma3_CreditsText_SetX
0x08033E94	thumb	sma3_CreditsText_ProcessMsg
0x08033ED0	thumb	sma3_Sub08033ED0
0x08033F2C	thumb	sma3_CreditsInit
0x0803448C	thumb	sma3_Sub0803448C
0x080345F4	thumb	sma3_Sub080345F4
0x0803462C	thumb	sma3_Sub0803462C
0x08034650	thumb	sma3_Sub08034650
0x080346AC	thumb	sma3_Sub080346AC
0x08034718	thumb	sma3_Sub08034718
0x08034728	thumb	sma3_Sub08034728
0x08034744	thumb	sma3_Sub08034744
0x08034764	thumb	sma3_Sub08034764
0x080347A0	thumb	sma3_Sub080347A0
0x08034940	thumb	sma3_Sub08034940
0x0803494C	thumb	sma3_Sub0803494C
0x080349C8	thumb	sma3_Sub080349C8
0x08034AE8	thumb	sma3_Sub08034AE8
0x08034C58	thumb	sma3_Sub08034C58
0x08034C80	thumb	sma3_Sub08034C80
0x08034CF0	thumb	sma3_Sub08034CF0
0x08034D30	thumb	sma3_Sub08034D30
0x08034DA0	thumb	sma3_Sub08034DA0
0x08034E04	thumb	sma3_Sub08034E04
0x08034EC0	thumb	sma3_Sub08034EC0
0x08034F00	thumb	sma3_Sub08034F00
0x08035050	thumb	sma3_Sub08035050
0x0803509C	thumb	sma3_Sub0803509C
0x080350E0	thumb	sma3_Sub080350E0
0x0803517C	thumb	sma3_Return0803517C
0x08035180	thumb	sma3_Sub08035180
0x08035208	thumb	sma3_Credits_State19
0x08035248	thumb	sma3_Credits_State1A
0x08035294	thumb	sma3_Credits_State1B
0x080352BC	thumb	sma3_Sub080352BC
0x0803535C	thumb	sma3_Sub0803535C
0x08035518	thumb	sma3_Sub08035518
0x08035540	thumb	sma3_Sub08035540
0x0803555C	thumb	sma3_Sub0803555C
0x08035578	thumb	sma3_Sub08035578
0x0803558C	thumb	sma3_Sub0803558C
0x080355A0	thumb	sma3_Sub080355A0
0x080355BC	thumb	sma3_Sub080355BC
0x080355D8	thumb	sma3_Sub080355D8
0x08035648	thumb	sma3_Sub08035648
0x08035690	thumb	sma3_Sub08035690
0x080356D4	thumb	sma3_Sub080356D4
0x0803571C	thumb	sma3_Sub0803571C
0x08035758	thumb	sma3_Sub08035758
0x0803576C	thumb	sma3_Sub0803576C
0x080358E0	thumb	sma3_Sub080358E0
0x08035A2C	thumb	sma3_Sub08035A2C
0x08035B64	thumb	sma3_Sub08035B64
0x08035C44	thumb	sma3_Sub08035C44
0x08035D7C	thumb	sma3_Sub08035D7C
0x08035E54	thumb	sma3_Sub08035E54
0x08035F4C	thumb	sma3_Sub08035F4C
0x08035F78	thumb	sma3_Sub08035F78
0x080360B4	thumb	sma3_Sub080360B4
0x08036194	thumb	sma3_Sub08036194
0x08036258	thumb	sma3_Sub08036258
0x08036294	thumb	sma3_Sub08036294
0x080362D0	thumb	sma3_Sub080362D0
0x08036B48	thumb	sma3_Sub08036B48
0x08036B7C	thumb	sma3_Sub08036B7C
0x08036FC8	thumb	sma3_Sub08036FC8
0x080371AC	thumb	sma3_Sub080371AC
0x08037224	thumb	sma3_Sub08037224
0x080373A8	thumb	sma3_Sub080373A8
0x080374E4	thumb	sma3_Sub080374E4
0x08037538	thumb	sma3_Sub08037538
0x080375B8	thumb	sma3_Sub080375B8
0x080376D8	thumb	sma3_SkiEnableCheck
0x08037724	thumb	sma3_Sub08037724
0x080377A0	thumb	sma3_Sub080377A0
0x08037988	thumb	sma3_Sub08037988
0x080379A0	thumb	sma3_Sub080379A0
0x08037B14	thumb	sma3_Sub08037B14
0x08037C70	thumb	sma3_Sub08037C70
0x08037CE4	thumb	sma3_Sub08037CE4
0x08037DC8	thumb	sma3_Sub08037DC8
0x08037E78	thumb	sma3_Sub08037E78
0x080381E0	thumb	sma3_Sub080381E0
0x08038208	thumb	sma3_Sub08038208
0x08038214	thumb	sma3_Sub08038214
0x08038228	thumb	sma3_Sub08038228
0x08038284	thumb	sma3_Sub08038284
0x08038334	thumb	sma3_Sub08038334
0x08038360	thumb	sma3_Sub08038360
0x080384C4	thumb	sma3_Sub080384C4
0x080384DC	thumb	sma3_Sub080384DC
0x08038500	thumb	sma3_Sub08038500
0x0803852C	thumb	sma3_Sub0803852C
0x08038678	thumb	sma3_Sub08038678
0x080387A0	thumb	sma3_Sub080387A0
0x0803892C	thumb	sma3_Sub0803892C
0x08038A7C	thumb	sma3_Sub08038A7C
0x08038AB8	thumb	sma3_Sub08038AB8
0x08038ACC	thumb	sma3_Sub08038ACC
0x08038BAC	thumb	sma3_Sub08038BAC
0x08038BC4	thumb	sma3_Sub08038BC4
0x08038C7C	thumb	sma3_Sub08038C7C
0x08038D04	thumb	sma3_Sub08038D04
0x08038D98	thumb	sma3_Sub08038D98
0x080397F8	thumb	sma3_Sub080397F8
0x08039968	thumb	sma3_Sub08039968
0x08039C30	thumb	sma3_Sub08039C30
0x08039D88	thumb	sma3_Sub08039D88
0x08039DEC	thumb	sma3_Sub08039DEC
0x08039E40	thumb	sma3_Sub08039E40
0x0803A038	thumb	sma3_Sub0803A038
0x0803A0E4	thumb	sma3_Sub0803A0E4
0x0803A164	thumb	sma3_Sub0803A164
0x0803A1E8	thumb	sma3_Sub0803A1E8
0x0803A270	thumb	sma3_Sub0803A270
0x0803A28C	thumb	sma3_Sub0803A28C
0x0803A394	thumb	sma3_Sub0803A394
0x0803A3B0	thumb	sma3_Sub0803A3B0
0x0803A468	thumb	sma3_Sub0803A468
0x0803A494	thumb	sma3_Sub0803A494
0x0803A578	thumb	sma3_Sub0803A578
0x0803A87C	thumb	sma3_Sub0803A87C
0x0803A88C	thumb	sma3_Sub0803A88C
0x0803A904	thumb	sma3_Sub0803A904
0x0803AC08	thumb	sma3_Sub0803AC08
0x0803AC6C	thumb	sma3_Sub0803AC6C
0x0803ACCC	thumb	sma3_Sub0803ACCC
0x0803ADF4	thumb	sma3_Sub0803ADF4
0x0803B100	thumb	sma3_Sub0803B100
0x0803B1EC	thumb	sma3_Sub0803B1EC
0x0803B29C	thumb	sma3_Sub0803B29C
0x0803B360	thumb	sma3_Sub0803B360
0x0803B424	thumb	sma3_Sub0803B424
0x0803B740	thumb	sma3_Sub0803B740
0x0803B830	thumb	sma3_Sub0803B830
0x0803B920	thumb	sma3_Sub0803B920
0x0803B934	thumb	sma3_Sub0803B934
0x0803B998	thumb	sma3_Sub0803B998
0x0803BC00	thumb	sma3_Sub0803BC00
0x0803BCEC	thumb	sma3_Sub0803BCEC
0x0803BD50	thumb	sma3_Sub0803BD50
0x0803C028	thumb	sma3_Sub0803C028
0x0803C08C	thumb	sma3_Sub0803C08C
0x0803C190	thumb	sma3_Sub0803C190
0x0803C308	thumb	sma3_Sub0803C308
0x0803C36C	thumb	sma3_Sub0803C36C
0x0803C3F8	thumb	sma3_Sub0803C3F8
0x0803CC6C	thumb	sma3_Return0803CC6C
0x0803CC70	thumb	sma3_Sub0803CC70
0x0803CD08	thumb	sma3_Sub0803CD08
0x0803D06C	thumb	sma3_Sub0803D06C
0x0803D0B8	thumb	sma3_Sub0803D0B8
0x0803D3FC	thumb	sma3_Sub0803D3FC
0x0803D99C	thumb	sma3_Sub0803D99C
0x0803DA48	thumb	sma3_Sub0803DA48
0x0803DAA4	thumb	sma3_Sub0803DAA4
0x0803DDF4	thumb	sma3_Sub0803DDF4
0x0803DE4C	thumb	sma3_Return0803DE4C
0x0803DE50	thumb	sma3_Sub0803DE50
0x0803DF04	thumb	sma3_Sub0803DF04
0x0803DFB4	thumb	sma3_Sub0803DFB4
0x0803E07C	thumb	sma3_Sub0803E07C
0x0803E2C4	thumb	sma3_Sub0803E2C4
0x0803E33C	thumb	sma3_Sub0803E33C
0x0803E3EC	thumb	sma3_Sub0803E3EC
0x0803E7F0	thumb	sma3_Sub0803E7F0
0x0803E92C	thumb	sma3_Sub0803E92C
0x0803EA04	thumb	sma3_Sub0803EA04
0x0803EC5C	thumb	sma3_Sub0803EC5C
0x0803ECB0	thumb	sma3_Sub0803ECB0
0x0803ED40	thumb	sma3_Return0803ED40
0x0803ED44	thumb	sma3_Sub0803ED44
0x0803EDE8	thumb	sma3_Sub0803EDE8
0x0803EE10	thumb	sma3_Sub0803EE10
0x0803EE24	thumb	sma3_Sub0803EE24
0x0803EE58	thumb	sma3_Sub0803EE58
0x0803EEA0	thumb	sma3_Sub0803EEA0
0x0803EECC	thumb	sma3_Sub0803EECC
0x0803EFB8	thumb	sma3_Sub0803EFB8
0x0803F2D4	thumb	sma3_Sub0803F2D4
0x0803F360	thumb	sma3_Sub0803F360
0x0803F414	thumb	sma3_Sub0803F414
0x0803F624	thumb	sma3_Sub0803F624
0x0803F67C	thumb	sma3_Sub0803F67C
0x0803F788	thumb	sma3_Sub0803F788
0x0803F7C0	thumb	sma3_Sub0803F7C0
0x0803FA04	thumb	sma3_Sub0803FA04
0x0803FD14	thumb	sma3_Sub0803FD14
0x0803FD48	thumb	sma3_Sub0803FD48
0x0803FE2C	thumb	sma3_Sub0803FE2C
0x0804006C	thumb	sma3_Return0804006C
0x08040070	thumb	sma3_Sub08040070
0x08040080	thumb	sma3_Sub08040080
0x080400E8	thumb	sma3_Sub080400E8
0x08040148	thumb	sma3_Sub08040148
0x08040338	thumb	sma3_Sub08040338
0x080403F8	thumb	sma3_Sub080403F8
0x08040440	thumb	sma3_Sub08040440
0x080404EC	thumb	sma3_Sub080404EC
0x08040610	thumb	sma3_Sub08040610
0x08040730	thumb	sma3_Sub08040730
0x08040768	thumb	sma3_Sub08040768
0x08040798	thumb	sma3_Sub08040798
0x08040834	thumb	sma3_Sub08040834
0x08040A78	thumb	sma3_Sub08040A78
0x08040CE0	thumb	sma3_Sub08040CE0
0x08041194	thumb	sma3_Sub08041194
0x080412F0	thumb	sma3_Sub080412F0
0x08041354	thumb	sma3_Sub08041354
0x08041360	thumb	sma3_Return08041360
0x080413C4	thumb	sma3_Sub080413C4
0x08041460	thumb	sma3_Sub08041460
0x080414A8	thumb	sma3_Sub080414A8
0x08041518	thumb	sma3_Sub08041518
0x0804168C	thumb	sma3_Sub0804168C
0x080416BC	thumb	sma3_Sub080416BC
0x080416EC	thumb	sma3_Sub080416EC
0x0804177C	thumb	sma3_Sub0804177C
0x0804189C	thumb	sma3_Sub0804189C
0x08041924	thumb	sma3_Sub08041924
0x0804197C	thumb	sma3_Sub0804197C
0x08041B90	thumb	sma3_Return08041B90
0x08041B94	thumb	sma3_Sub08041B94
0x08041C08	thumb	sma3_Sub08041C08
0x08041C28	thumb	sma3_Sub08041C28
0x08041C34	thumb	sma3_Sub08041C34
0x08041C40	thumb	sma3_Return08041C40
0x08041C44	thumb	sma3_Sub08041C44
0x08041C50	thumb	sma3_Sub08041C50
0x08041C8C	thumb	sma3_Sub08041C8C
0x08041C98	thumb	sma3_Return08041C98
0x08041C9C	thumb	sma3_Sub08041C9C
0x08041CBC	thumb	sma3_Sub08041CBC
0x08041E8C	thumb	sma3_Sub08041E8C
0x0804200C	thumb	sma3_Sub0804200C
0x0804211C	thumb	sma3_Sub0804211C
0x080421A8	thumb	sma3_Sub080421A8
0x0804224C	thumb	sma3_Sub0804224C
0x080424F0	thumb	sma3_Sub080424F0
0x08042524	thumb	sma3_Sub08042524
0x08042848	thumb	sma3_Sub08042848
0x0804295C	thumb	sma3_Return0804295C
0x08042960	thumb	sma3_Sub08042960
0x08042A00	thumb	sma3_Return08042A00
0x08042A04	thumb	sma3_Return08042A04
0x08042A08	thumb	sma3_Sub08042A08
0x08042B58	thumb	sma3_Sub08042B58
0x08042D24	thumb	sma3_Return08042D24
0x08042D28	thumb	sma3_Sub08042D28
0x08042FF8	thumb	sma3_Sub08042FF8
0x0804316C	thumb	sma3_Sub0804316C
0x08043218	thumb	sma3_Sub08043218
0x08043298	thumb	sma3_Sub08043298
0x0804349C	thumb	sma3_Sub0804349C
0x080434BC	thumb	sma3_Sub080434BC
0x0804351C	thumb	sma3_Sub0804351C
0x0804353C	thumb	sma3_Sub0804353C
0x08043574	thumb	sma3_Sub08043574
0x080435F4	thumb	sma3_Return080435F4
0x080435F8	thumb	sma3_Sub080435F8
0x08043608	thumb	sma3_Sub08043608
0x08043638	thumb	sma3_Sub08043638
0x08043668	thumb	sma3_Sub08043668
0x080436B4	thumb	sma3_Sub080436B4
0x080437BC	thumb	sma3_Sub080437BC
0x080439B4	thumb	sma3_Sub080439B4
0x08043AE8	thumb	sma3_Sub08043AE8
0x08043C30	thumb	sma3_Sub08043C30
0x08043C3C	thumb	sma3_Sub08043C3C
0x08043C5C	thumb	sma3_Sub08043C5C
0x08043CF8	thumb	sma3_Sub08043CF8
0x08043D34	thumb	sma3_Sub08043D34
0x08043DB0	thumb	sma3_Sub08043DB0
0x08043E58	thumb	sma3_Sub08043E58
0x08043E78	thumb	sma3_Sub08043E78
0x08043E88	thumb	sma3_Sub08043E88
0x08043FD8	thumb	sma3_Sub08043FD8
0x08043FF8	thumb	sma3_Sub08043FF8
0x08044034	thumb	sma3_Sub08044034
0x0804409C	thumb	sma3_Sub0804409C
0x08044178	thumb	sma3_Sub08044178
0x08044198	thumb	sma3_Sub08044198
0x08044258	thumb	sma3_Sub08044258
0x0804429C	thumb	sma3_Sub0804429C
0x08044354	thumb	sma3_Sub08044354
0x08044364	thumb	sma3_Sub08044364
0x080443D4	thumb	sma3_Sub080443D4
0x08044418	thumb	sma3_Sub08044418
0x08044518	thumb	sma3_Sub08044518
0x08044538	thumb	sma3_Sub08044538
0x08044558	thumb	sma3_Sub08044558
0x080445C4	thumb	sma3_Sub080445C4
0x08044644	thumb	sma3_Sub08044644
0x080446E4	thumb	sma3_Sub080446E4
0x080447E4	thumb	sma3_Sub080447E4
0x08044820	thumb	sma3_Sub08044820
0x08044898	thumb	sma3_Sub08044898
0x08044924	thumb	sma3_Sub08044924
0x08044938	thumb	sma3_Sub08044938
0x0804496C	thumb	sma3_Sub0804496C
0x080449A8	thumb	sma3_Sub080449A8
0x080449E0	thumb	sma3_Sub080449E0
0x08044A08	thumb	sma3_Sub08044A08
0x08044A30	thumb	sma3_Sub08044A30
0x08044A68	thumb	sma3_Sub08044A68
0x08044AA0	thumb	sma3_Sub08044AA0
0x08044B84	thumb	sma3_Sub08044B84
0x08044BB4	thumb	sma3_Sub08044BB4
0x08044BDC	thumb	sma3_Sub08044BDC
0x08044DE4	thumb	sma3_Sub08044DE4
0x08044E1C	thumb	sma3_Sub08044E1C
0x08044EBC	thumb	sma3_Sub08044EBC
0x08044F8C	thumb	sma3_Sub08044F8C
0x08044FFC	thumb	sma3_Sub08044FFC
0x080450E4	thumb	sma3_Sub080450E4
0x080455D0	thumb	sma3_Sub080455D0
0x08045670	thumb	sma3_Sub08045670
0x080456E8	thumb	sma3_Sub080456E8
0x08045790	thumb	sma3_Sub08045790
0x080457B0	thumb	sma3_Sub080457B0
0x080458A0	thumb	sma3_Sub080458A0
0x0804598C	thumb	sma3_Sub0804598C
0x08045A68	thumb	sma3_Sub08045A68
0x08045FF0	thumb	sma3_Sub08045FF0
0x0804602C	thumb	sma3_Sub0804602C
0x08046048	thumb	sma3_Sub08046048
0x0804615C	thumb	sma3_Sub0804615C
0x0804621C	thumb	sma3_Sub0804621C
0x08046288	thumb	sma3_Sub08046288
0x08046318	thumb	sma3_Sub08046318
0x08046B08	thumb	sma3_Sub08046B08
0x08046B88	thumb	sma3_Sub08046B88
0x08046BA8	thumb	sma3_Sub08046BA8
0x08046C3C	thumb	sma3_Sub08046C3C
0x08047020	thumb	sma3_Sub08047020
0x08047188	thumb	sma3_Sub08047188
0x08047248	thumb	sma3_Sub08047248
0x08047378	thumb	sma3_Sub08047378
0x08047394	thumb	sma3_Sub08047394
0x08047698	thumb	sma3_Sub08047698
0x0804792C	thumb	sma3_Sub0804792C
0x08047A5C	thumb	sma3_Return08047A5C
0x08047A60	thumb	sma3_Sub08047A60
0x08047A6C	thumb	sma3_Sub08047A6C
0x08047AA8	thumb	sma3_Sub08047AA8
0x08047AD8	thumb	sma3_Sub08047AD8
0x08047B04	thumb	sma3_SpawnSecondarySprite
0x08047CE0	thumb	sma3_Sub08047CE0
0x08047EB8	thumb	sma3_Sub08047EB8
0x08047F7C	thumb	sma3_Sub08047F7C
0x0804810C	thumb	sma3_Sub0804810C
0x080481FC	thumb	sma3_Sub080481FC
0x080482A4	thumb	sma3_Sub080482A4
0x08048318	thumb	sma3_Sub08048318
0x08048384	thumb	sma3_Sub08048384
0x080483F8	thumb	sma3_Sub080483F8
0x0804846C	thumb	sma3_Sub0804846C
0x080484E0	thumb	sma3_Sub080484E0
0x08048538	thumb	sma3_Sub08048538
0x0804856C	thumb	sma3_Sub0804856C
0x080485DC	thumb	sma3_Sub080485DC
0x08048608	thumb	sma3_Sub08048608
0x08048624	thumb	sma3_Sub08048624
0x080486A0	thumb	sma3_Sub080486A0
0x080487AC	thumb	sma3_Sub080487AC
0x08048880	thumb	sma3_Sub08048880
0x080488F4	thumb	sma3_Sub080488F4
0x08048914	thumb	sma3_Sub08048914
0x0804894C	thumb	sma3_Sub0804894C
0x08048984	thumb	sma3_Sub08048984
0x080489D0	thumb	sma3_Sub080489D0
0x08048A14	thumb	sma3_Sub08048A14
0x08048AB4	thumb	sma3_Sub08048AB4
0x08048AD4	thumb	sma3_Sub08048AD4
0x08048AF4	thumb	sma3_Sub08048AF4
0x08048B48	thumb	sma3_Sub08048B48
0x08048B98	thumb	sma3_Sub08048B98
0x08048BE4	thumb	sma3_Sub08048BE4
0x08048C30	thumb	sma3_Sub08048C30
0x08048CD0	thumb	sma3_Sub08048CD0
0x08048D1C	thumb	sma3_Sub08048D1C
0x08048DC8	thumb	sma3_Sub08048DC8
0x08048E14	thumb	sma3_Sub08048E14
0x08048E20	thumb	sma3_Sub08048E20
0x08048E60	thumb	sma3_Sub08048E60
0x08048EBC	thumb	sma3_Sub08048EBC
0x08048F08	thumb	sma3_Sub08048F08
0x08048F54	thumb	sma3_Sub08048F54
0x08048FA0	thumb	sma3_Sub08048FA0
0x08048FEC	thumb	sma3_Sub08048FEC
0x08049074	thumb	sma3_Sub08049074
0x080490C4	thumb	sma3_Sub080490C4
0x08049110	thumb	sma3_Sub08049110
0x0804915C	thumb	sma3_Sub0804915C
0x0804919C	thumb	sma3_Sub0804919C
0x080491C8	thumb	sma3_Sub080491C8
0x080492CC	thumb	sma3_Sub080492CC
0x08049324	thumb	sma3_Sub08049324
0x08049368	thumb	sma3_Sub08049368
0x080493E4	thumb	sma3_Sub080493E4
0x08049428	thumb	sma3_Sub08049428
0x08049434	thumb	sma3_Sub08049434
0x08049440	thumb	sma3_Sub08049440
0x08049474	thumb	sma3_Sub08049474
0x080494A8	thumb	sma3_Sub080494A8
0x080494DC	thumb	sma3_Sub080494DC
0x08049510	thumb	sma3_Sub08049510
0x08049544	thumb	sma3_Sub08049544
0x08049578	thumb	sma3_Sub08049578
0x080495BC	thumb	sma3_Sub080495BC
0x080495FC	thumb	sma3_Sub080495FC
0x08049684	thumb	sma3_Sub08049684
0x080496CC	thumb	sma3_Sub080496CC
0x08049708	thumb	sma3_Sub08049708
0x08049770	thumb	sma3_Sub08049770
0x080497B8	thumb	sma3_Sub080497B8
0x08049878	thumb	sma3_Sub08049878
0x080498E4	thumb	sma3_Sub080498E4
0x08049930	thumb	sma3_Sub08049930
0x0804999C	thumb	sma3_Sub0804999C
0x080499F8	thumb	sma3_Sub080499F8
0x08049A38	thumb	sma3_Sub08049A38
0x08049A94	thumb	sma3_Sub08049A94
0x08049AD8	thumb	sma3_Sub08049AD8
0x08049B24	thumb	sma3_Sub08049B24
0x08049B58	thumb	sma3_Sub08049B58
0x08049B98	thumb	sma3_Sub08049B98
0x08049BE0	thumb	sma3_Sub08049BE0
0x08049C34	thumb	sma3_Sub08049C34
0x08049C9C	thumb	sma3_Sub08049C9C
0x08049CDC	thumb	sma3_Sub08049CDC
0x08049D14	thumb	sma3_Sub08049D14
0x08049D4C	thumb	sma3_Sub08049D4C
0x08049DFC	thumb	sma3_Sub08049DFC
0x08049E3C	thumb	sma3_Sub08049E3C
0x08049E74	thumb	sma3_Sub08049E74
0x08049E80	thumb	sma3_Sub08049E80
0x08049F40	thumb	sma3_Return08049F40
0x08049F44	thumb	sma3_Return08049F44
0x08049F48	thumb	sma3_Sub08049F48
0x08049F8C	thumb	sma3_InitSpriteSlot
0x0804A15C	thumb	sma3_InitSpriteSlotWithStatus
0x0804A1A0	thumb	sma3_Sub0804A1A0
0x0804A1E4	thumb	sma3_SpawnSpriteMainLowestSlot
0x0804A1F8	thumb	sma3_Sub0804A1F8
0x0804A23C	thumb	sma3_Sub0804A23C
0x0804A250	thumb	sma3_Sub0804A250
0x0804A260	thumb	sma3_Sub0804A260
0x0804A2AC	thumb	sma3_Sub0804A2AC
0x0804A2EC	thumb	sma3_Sub0804A2EC
0x0804A324	thumb	sma3_Sub0804A324
0x0804A364	thumb	sma3_Sub0804A364
0x0804A3A4	thumb	sma3_Sub0804A3A4
0x0804A3B8	thumb	sma3_Sub0804A3B8
0x0804A3FC	thumb	sma3_Sub0804A3FC
0x0804A428	thumb	sma3_Sub0804A428
0x0804A498	thumb	sma3_SpawnLifeSecSpr
0x0804A50C	thumb	sma3_Spawn1upSecSpr
0x0804A51C	thumb	sma3_Spawn1upAtSprCoords
0x0804A550	thumb	sma3_Spawn3upSecSpr
0x0804A55C	thumb	sma3_Sub0804A55C
0x0804A5A4	thumb	sma3_Sub0804A5A4
0x0804A63C	thumb	sma3_Sub0804A63C
0x0804A670	thumb	sma3_Sub0804A670
0x0804A6E8	thumb	sma3_ClearSpriteSlot
0x0804A6F8	thumb	sma3_DespawnSprite
0x0804A718	thumb	sma3_Sub0804A718
0x0804A75C	thumb	sma3_Sub0804A75C
0x0804A790	thumb	sma3_Sub0804A790
0x0804A7C0	thumb	sma3_Sub0804A7C0
0x0804A7F0	thumb	sma3_Sub0804A7F0
0x0804A838	thumb	sma3_Sub0804A838
0x0804A880	thumb	sma3_Sub0804A880
0x0804A900	thumb	sma3_Sub0804A900
0x0804A948	thumb	sma3_Sub0804A948
0x0804A99C	thumb	sma3_Sub0804A99C
0x0804A9B8	thumb	sma3_Sub0804A9B8
0x0804A9F0	thumb	sma3_Sub0804A9F0
0x0804AA08	thumb	sma3_Sub0804AA08
0x0804AA78	thumb	sma3_Sub0804AA78
0x0804AAA0	thumb	sma3_Sub0804AAA0
0x0804AAF4	thumb	sma3_Sub0804AAF4
0x0804AB44	thumb	sma3_Sub0804AB44
0x0804ABB8	thumb	sma3_Sub0804ABB8
0x0804ABE4	thumb	sma3_Sub0804ABE4
0x0804AC04	thumb	sma3_Sub0804AC04
0x0804AC30	thumb	sma3_Sub0804AC30
0x0804AC50	thumb	sma3_Sub0804AC50
0x0804AC94	thumb	sma3_Sub0804AC94
0x0804ACB4	thumb	sma3_Sub0804ACB4
0x0804AD64	thumb	sma3_Sub0804AD64
0x0804AE24	thumb	sma3_Sub0804AE24
0x0804AEDC	thumb	sma3_Sub0804AEDC
0x0804AF3C	thumb	sma3_Sub0804AF3C
0x0804AFA4	thumb	sma3_Sub0804AFA4
0x0804B008	thumb	sma3_Sub0804B008
0x0804B074	thumb	sma3_Sub0804B074
0x0804B138	thumb	sma3_Sub0804B138
0x0804B1A4	thumb	sma3_Sub0804B1A4
0x0804B208	thumb	sma3_Sub0804B208
0x0804B24C	thumb	sma3_Sub0804B24C
0x0804B29C	thumb	sma3_Sub0804B29C
0x0804B2F4	thumb	sma3_Sub0804B2F4
0x0804B344	thumb	sma3_ClearDynamicSlot
0x0804B3B8	thumb	sma3_LoadDynGfx_16x16Corner
0x0804B400	thumb	sma3_LoadDynGfx_16x16Center
0x0804B448	thumb	sma3_LoadDynGfx_16x32
0x0804B4C4	thumb	sma3_LoadDynGfx_32x32
0x0804B534	thumb	sma3_Sub0804B534
0x0804B554	thumb	sma3_Sub0804B554
0x0804B570	thumb	sma3_Sub0804B570
0x0804B594	thumb	sma3_Sub0804B594
0x0804B5B0	thumb	sma3_Sub0804B5B0
0x0804B64C	thumb	sma3_Sub0804B64C
0x0804B658	thumb	sma3_Sub0804B658
0x0804B664	thumb	sma3_Sub0804B664
0x0804B6F8	thumb	sma3_SprShared_CollectRedCoin
0x0804B748	thumb	sma3_SprShared_CollectCoin
0x0804B784	thumb	sma3_Sub0804B784
0x0804B978	thumb	sma3_Sub0804B978
0x0804B9A4	thumb	sma3_Sub0804B9A4
0x0804BA28	thumb	sma3_Sub0804BA28
0x0804BA54	thumb	sma3_Sub0804BA54
0x0804BA6C	thumb	sma3_Sub0804BA6C
0x0804BAA4	thumb	sma3_Sub0804BAA4
0x0804BB48	thumb	sma3_Sub0804BB48
0x0804BBC0	thumb	sma3_Sub0804BBC0
0x0804BC1C	thumb	sma3_Sub0804BC1C
0x0804BC60	thumb	sma3_Sub0804BC60
0x0804BCB8	thumb	sma3_Sub0804BCB8
0x0804BEB8	thumb	sma3_Sub0804BEB8
0x0804BFE4	thumb	sma3_Sub0804BFE4
0x0804C0C8	thumb	sma3_Sub0804C0C8
0x0804C330	thumb	sma3_Sub0804C330
0x0804C378	thumb	sma3_Sub0804C378
0x0804C478	thumb	sma3_Sub0804C478
0x0804C4B0	thumb	sma3_Sub0804C4B0
0x0804C4F0	thumb	sma3_AddToEggSlots
0x0804C6F8	thumb	sma3_RemoveFromEggSlots
0x0804C7C4	thumb	sma3_RemoveFromEggSlotsIfPresent
0x0804C7E0	thumb	sma3_Sub0804C7E0
0x0804C858	thumb	sma3_Sub0804C858
0x0804C890	thumb	sma3_Sub0804C890
0x0804C89C	thumb	sma3_Sub0804C89C
0x0804C8A8	thumb	sma3_Sub0804C8A8
0x0804C8F0	thumb	sma3_Sub0804C8F0
0x0804C950	thumb	sma3_Sub0804C950
0x0804C9A4	thumb	sma3_Sub0804C9A4
0x0804CA78	thumb	sma3_Sub0804CA78
0x0804CAB8	thumb	sma3_Sub0804CAB8
0x0804CB64	thumb	sma3_Sub0804CB64
0x0804CC28	thumb	sma3_Sub0804CC28
0x0804CC9C	thumb	sma3_Sub0804CC9C
0x0804CEC8	thumb	sma3_Sub0804CEC8
0x0804CFDC	thumb	sma3_Sub0804CFDC
0x0804CFF4	thumb	sma3_Sub0804CFF4
0x0804D12C	thumb	sma3_Sub0804D12C
0x0804D1A4	thumb	sma3_Sub0804D1A4
0x0804D1C4	thumb	sma3_Sub0804D1C4
0x0804D23C	thumb	sma3_Sub0804D23C
0x0804D268	thumb	sma3_Sub0804D268
0x0804D294	thumb	sma3_Sub0804D294
0x0804D51C	thumb	sma3_Sub0804D51C
0x0804D5BC	thumb	sma3_Sub0804D5BC
0x0804D878	thumb	sma3_Sub0804D878
0x0804D8F4	thumb	sma3_SpriteStatus1_Init
0x0804D910	thumb	sma3_SpriteStatus8_Main
0x0804D928	thumb	sma3_SpriteStatus3
0x0804DB24	thumb	sma3_Sub0804DB24
0x0804DC4C	thumb	sma3_SpriteStatus4
0x0804E434	thumb	sma3_SpriteStatus5
0x0804E50C	thumb	sma3_SpriteStatus6
0x0804E540	thumb	sma3_SpriteStatus7
0x0804E558	thumb	sma3_SpriteStatus9
0x0804E620	thumb	sma3_Sub0804E620
0x0804E660	thumb	sma3_Sub0804E660
0x0804E6CC	thumb	sma3_Sub0804E6CC
0x0804E6D8	thumb	sma3_Sub0804E6D8
0x0804E6EC	thumb	sma3_Sub0804E6EC
0x0804E780	thumb	sma3_Sub0804E780
0x0804E82C	thumb	sma3_Sub0804E82C
0x0804E89C	thumb	sma3_Sub0804E89C
0x0804E904	thumb	sma3_Sub0804E904
0x0804EC08	thumb	sma3_Sub0804EC08
0x0804ECA4	thumb	sma3_Sub0804ECA4
0x0804ECB8	thumb	sma3_Sub0804ECB8
0x0804ECE8	thumb	sma3_Sub0804ECE8
0x0804EDF0	thumb	sma3_Sub0804EDF0
0x0804EEFC	thumb	sma3_Sub0804EEFC
0x0804EF5C	thumb	sma3_Sub0804EF5C
0x0804EFCC	thumb	sma3_Sub0804EFCC
0x0804F298	thumb	sma3_Sub0804F298
0x0804F2F8	thumb	sma3_Sub0804F2F8
0x0804F304	thumb	sma3_Sub0804F304
0x0804F314	thumb	sma3_Return0804F314
0x0804F318	thumb	sma3_Sub0804F318
0x0804F4C4	thumb	sma3_Sub0804F4C4
0x0804F654	thumb	sma3_Sub0804F654
0x0804F6BC	thumb	sma3_Sub0804F6BC
0x0804F850	thumb	sma3_Sub0804F850
0x0804F8FC	thumb	sma3_Sub0804F8FC
0x0804F97C	thumb	sma3_Sub0804F97C
0x0804FA38	thumb	sma3_Sub0804FA38
0x0804FB44	thumb	sma3_Toadies0Stars_Main
0x0804FDC8	thumb	sma3_Toadies0Stars_Status7
0x0804FE08	thumb	sma3_Sub0804FE08
0x0804FE68	thumb	sma3_Sub0804FE68
0x0804FEBC	thumb	sma3_CrazeeDayzee_Init
0x0804FF18	thumb	sma3_Sub0804FF18
0x0804FF80	thumb	sma3_Sub0804FF80
0x0805007C	thumb	sma3_Sub0805007C
0x080500DC	thumb	sma3_Sub080500DC
0x08050158	thumb	sma3_Sub08050158
0x080501D4	thumb	sma3_Sub080501D4
0x0805022C	thumb	sma3_CrazeeDayzee_Main
0x08050290	thumb	sma3_Sub08050290
0x080502F0	thumb	sma3_Sub080502F0
0x08050300	thumb	sma3_Sub08050300
0x08050310	thumb	sma3_CrazeeDayzee_Status7
0x08050358	thumb	sma3_YellowEgg_Init
0x08050384	thumb	sma3_FlashingEgg_Init
0x08050398	thumb	sma3_RedEgg_Init
0x080503A4	thumb	sma3_Return080503A4
0x080503A8	thumb	sma3_Return080503A8
0x080503AC	thumb	sma3_Return080503AC
0x080503B0	thumb	sma3_Return080503B0
0x080503B4	thumb	sma3_Sub080503B4
0x08050984	thumb	sma3_Sub08050984
0x080509EC	thumb	sma3_Sub080509EC
0x08050A58	thumb	sma3_Sub08050A58
0x08050ADC	thumb	sma3_Sub08050ADC
0x08050B10	thumb	sma3_Sub08050B10
0x08050B58	thumb	sma3_Sub08050B58
0x08050DBC	thumb	sma3_Sub08050DBC
0x08050E20	thumb	sma3_Sub08050E20
0x08050E68	thumb	sma3_Sub08050E68
0x080510A0	thumb	sma3_SharedEgg_Main
0x080510D8	thumb	sma3_FlashingEgg_Main
0x080510EC	thumb	sma3_RedEgg_Main
0x080510F8	thumb	sma3_GreenEgg_Main
0x08051104	thumb	sma3_GiantEgg02A_Main
0x08051110	thumb	sma3_GiantEgg02B_Main
0x0805111C	thumb	sma3_Sub0805111C
0x08051154	thumb	sma3_SuperBabyEgg_Main
0x080512AC	thumb	sma3_Return080512AC
0x080512B0	thumb	sma3_Sub080512B0
0x080512E8	thumb	sma3_FullEgg_Main
0x080513F4	thumb	sma3_Sub080513F4
0x08051434	thumb	sma3_RedArrow_CardinalInit
0x0805146C	thumb	sma3_RedArrow_DiagInit
0x080514A4	thumb	sma3_RedArrow_CardinalMain
0x08051538	thumb	sma3_RedArrow_DiagMain
0x08051570	thumb	sma3_Sub08051570
0x0805159C	thumb	sma3_Sub0805159C
0x080515BC	thumb	sma3_Sub080515BC
0x080515D0	thumb	sma3_Melon_FireInit
0x08051628	thumb	sma3_Melon_GreenInit
0x08051648	thumb	sma3_Melon_IceInit
0x08051654	thumb	sma3_Sub08051654
0x080516B4	thumb	sma3_Melon_SharedMain
0x080517B8	thumb	sma3_Sub080517B8
0x080517DC	thumb	sma3_Melon_GreenMain
0x080517E8	thumb	sma3_Melon_IceMain
0x080517F4	thumb	sma3_Return080517F4
0x080517F8	thumb	sma3_YoshiFireBreath_Main
0x08051A1C	thumb	sma3_Return08051A1C
0x08051A20	thumb	sma3_Sub08051A20
0x08051A7C	thumb	sma3_MelonSeed_Main
0x08051B48	thumb	sma3_Return08051B48
0x08051B4C	thumb	sma3_IceBreath_Main
0x08051C68	thumb	sma3_Sub08051C68
0x08051CC8	thumb	sma3_Sub08051CC8
0x08051D98	thumb	sma3_Sub08051D98
0x08051DE4	thumb	sma3_Bubble_Main
0x08051F38	thumb	sma3_RedCoinSpr_Init
0x08051FBC	thumb	sma3_Sub08051FBC
0x0805201C	thumb	sma3_Sub0805201C
0x08052030	thumb	sma3_RedCoinSpr_Main
0x080520EC	thumb	sma3_CoinStationary_Init
0x08052144	thumb	sma3_Sub08052144
0x080521C8	thumb	sma3_CoinStationary_Main
0x08052244	thumb	sma3_Sub08052244
0x08052260	thumb	sma3_Torpedo_Init
0x08052284	thumb	sma3_Sub08052284
0x08052374	thumb	sma3_Sub08052374
0x080524A8	thumb	sma3_Sub080524A8
0x080524E0	thumb	sma3_Torpedo_Main
0x08052850	thumb	sma3_Sub08052850
0x08052980	thumb	sma3_Sub08052980
0x080529AC	thumb	sma3_Sub080529AC
0x080529F4	thumb	sma3_SpFlower_DynInit
0x08052B24	thumb	sma3_Sub08052B24
0x08052C10	thumb	sma3_Sub08052C10
0x08052C28	thumb	sma3_Sub08052C28
0x08052C3C	thumb	sma3_Sub08052C3C
0x08052CA0	thumb	sma3_Sub08052CA0
0x08052D0C	thumb	sma3_Sub08052D0C
0x08052D98	thumb	sma3_Sub08052D98
0x08052DE8	thumb	sma3_Sub08052DE8
0x08052E4C	thumb	sma3_SpFlower_DynMain
0x08052E88	thumb	sma3_SpFlower_TSInit
0x08052EB8	thumb	sma3_Sub08052EB8
0x08052EE8	thumb	sma3_Sub08052EE8
0x08052F1C	thumb	sma3_Sub08052F1C
0x08052F70	thumb	sma3_SpFlower_TSMain
0x08052FA0	thumb	sma3_StarSpr_Init
0x08052FAC	thumb	sma3_Sub08052FAC
0x08052FF4	thumb	sma3_StarSpr_Main
0x080531A4	thumb	sma3_CoinMoving_Init
0x080531C0	thumb	sma3_Sub080531C0
0x08053228	thumb	sma3_Sub08053228
0x0805323C	thumb	sma3_CoinMoving_Main
0x08053378	thumb	sma3_Return08053378
0x0805337C	thumb	sma3_Bubbled1up_Main
0x0805355C	thumb	sma3_Sub0805355C
0x080535DC	thumb	sma3_Key_Init
0x08053644	thumb	sma3_Key_Main
0x080536F4	thumb	sma3_Sub080536F4
0x08053754	thumb	sma3_Sub08053754
0x080537A8	thumb	sma3_Sub080537A8
0x080537F8	thumb	sma3_BonusChText_Init
0x080538A8	thumb	sma3_Sub080538A8
0x080539CC	thumb	sma3_Sub080539CC
0x08053A94	thumb	sma3_Sub08053A94
0x08053B50	thumb	sma3_Sub08053B50
0x08053B74	thumb	sma3_Sub08053B74
0x08053BEC	thumb	sma3_BonusChText_Main
0x08053C44	thumb	sma3_GOALText_Init
0x08053CE4	thumb	sma3_Sub08053CE4
0x08053E90	thumb	sma3_Sub08053E90
0x08053EB4	thumb	sma3_Sub08053EB4
0x08053EE0	thumb	sma3_Sub08053EE0
0x08053F30	thumb	sma3_Sub08053F30
0x08053FDC	thumb	sma3_GOALText_Main
0x08054074	thumb	sma3_Sub08054074
0x0805411C	thumb	sma3_Sub0805411C
0x08054164	thumb	sma3_GoalPrevYoshi_Init
0x08054184	thumb	sma3_GoalPrevYoshi_Main
0x0805421C	thumb	sma3_GoalRing_Init
0x0805428C	thumb	sma3_Sub0805428C
0x08054B3C	thumb	sma3_Sub08054B3C
0x08054BC4	thumb	sma3_Sub08054BC4
0x08054C14	thumb	sma3_LevelClear_CollectFlashingEgg
0x08054C58	thumb	sma3_LevelClear_DestroyKey
0x08054C70	thumb	sma3_LevelClear_RemoveHuffinPuffin
0x08054C88	thumb	sma3_LevelClear_DestroyGiantEgg
0x08054D2C	thumb	sma3_Return08054D2C
0x08054D30	thumb	sma3_LevelClear_CheckEggSlots
0x08054D9C	thumb	sma3_Sub08054D9C
0x08054FA4	thumb	sma3_Sub08054FA4
0x08054FD8	thumb	sma3_Sub08054FD8
0x08055074	thumb	sma3_Sub08055074
0x08055208	thumb	sma3_Sub08055208
0x0805532C	thumb	sma3_Sub0805532C
0x08055350	thumb	sma3_Sub08055350
0x080553A4	thumb	sma3_Sub080553A4
0x080554C0	thumb	sma3_Sub080554C0
0x08055514	thumb	sma3_Sub08055514
0x080555DC	thumb	sma3_GoalRing_Main
0x080559C8	thumb	sma3_Sub080559C8
0x080559FC	thumb	sma3_Sub080559FC
0x08055A58	thumb	sma3_Sub08055A58
0x08055A98	thumb	sma3_Sub08055A98
0x08055B2C	thumb	sma3_Sub08055B2C
0x08055C48	thumb	sma3_Sub08055C48
0x08055CCC	thumb	sma3_Sub08055CCC
0x08055D10	thumb	sma3_Sub08055D10
0x08055D94	thumb	sma3_Sub08055D94
0x08055E2C	thumb	sma3_Sub08055E2C
0x08055EC4	thumb	sma3_Sub08055EC4
0x08055F40	thumb	sma3_Sub08055F40
0x08055F78	thumb	sma3_Sub08055F78
0x080560CC	thumb	sma3_Sub080560CC
0x08056188	thumb	sma3_Sub08056188
0x080561B0	thumb	sma3_Sub080561B0
0x08056510	thumb	sma3_Sub08056510
0x080565A0	thumb	sma3_Sub080565A0
0x08056624	thumb	sma3_Sub08056624
0x08056654	thumb	sma3_Sub08056654
0x08056698	thumb	sma3_Sub08056698
0x0805670C	thumb	sma3_Sub0805670C
0x08056738	thumb	sma3_Sub08056738
0x08056760	thumb	sma3_Sub08056760
0x080567A0	thumb	sma3_Sub080567A0
0x0805685C	thumb	sma3_Sub0805685C
0x08056910	thumb	sma3_Sub08056910
0x080569A4	thumb	sma3_Sub080569A4
0x080569AC	thumb	sma3_Sub080569AC
0x08056A04	thumb	sma3_Return08056A04
0x08056A08	thumb	sma3_Sub08056A08
0x08056AF8	thumb	sma3_Sub08056AF8
0x08056B04	thumb	sma3_Sub08056B04
0x08056BA8	thumb	sma3_Sub08056BA8
0x08056BD4	thumb	sma3_Sub08056BD4
0x08056D98	thumb	sma3_Sub08056D98
0x08056FD4	thumb	sma3_Sub08056FD4
0x08057030	thumb	sma3_Sub08057030
0x08057040	thumb	sma3_Sub08057040
0x080570C0	thumb	sma3_Sub080570C0
0x080572E8	thumb	sma3_Sub080572E8
0x08057310	thumb	sma3_Sub08057310
0x080573A4	thumb	sma3_Sub080573A4
0x080573C0	thumb	sma3_Sub080573C0
0x0805743C	thumb	sma3_Sub0805743C
0x080574FC	thumb	sma3_Sub080574FC
0x0805758C	thumb	sma3_Sub0805758C
0x080575E4	thumb	sma3_Sub080575E4
0x08057680	thumb	sma3_Sub08057680
0x08057704	thumb	sma3_Sub08057704
0x080577F0	thumb	sma3_Sub080577F0
0x08057840	thumb	sma3_Sub08057840
0x080578A0	thumb	sma3_Sub080578A0
0x08057910	thumb	sma3_Sub08057910
0x08057A48	thumb	sma3_Sub08057A48
0x08057A78	thumb	sma3_Sub08057A78
0x08057ACC	thumb	sma3_Sub08057ACC
0x08057ADC	thumb	sma3_Sub08057ADC
0x08057C00	thumb	sma3_Sub08057C00
0x08057D58	thumb	sma3_Sub08057D58
0x08057D6C	thumb	sma3_Sub08057D6C
0x08057D78	thumb	sma3_Sub08057D78
0x08057DFC	thumb	sma3_Sub08057DFC
0x08057E60	thumb	sma3_Sub08057E60
0x08057EC8	thumb	sma3_Sub08057EC8
0x08057F10	thumb	sma3_Sub08057F10
0x08057FA0	thumb	sma3_Sub08057FA0
0x08057FD0	thumb	sma3_Sub08057FD0
0x0805801C	thumb	sma3_Sub0805801C
0x08058090	thumb	sma3_Sub08058090
0x08058130	thumb	sma3_Sub08058130
0x08058140	thumb	sma3_Sub08058140
0x08058150	thumb	sma3_Sub08058150
0x08058228	thumb	sma3_Sub08058228
0x0805829C	thumb	sma3_Sub0805829C
0x080582C4	thumb	sma3_Sub080582C4
0x08058314	thumb	sma3_Sub08058314
0x08058334	thumb	sma3_Sub08058334
0x0805847C	thumb	sma3_Sub0805847C
0x080584AC	thumb	sma3_Sub080584AC
0x08058538	thumb	sma3_Sub08058538
0x08058664	thumb	sma3_Sub08058664
0x08058730	thumb	sma3_Sub08058730
0x08058790	thumb	sma3_Sub08058790
0x080587B8	thumb	sma3_Sub080587B8
0x08058890	thumb	sma3_Sub08058890
0x08058944	thumb	sma3_Sub08058944
0x080589F4	thumb	sma3_Sub080589F4
0x08058A6C	thumb	sma3_Sub08058A6C
0x08058B88	thumb	sma3_Sub08058B88
0x08058BEC	thumb	sma3_Sub08058BEC
0x08058CD8	thumb	sma3_Sub08058CD8
0x08058D1C	thumb	sma3_Sub08058D1C
0x08058D58	thumb	sma3_Sub08058D58
0x08058E10	thumb	sma3_Sub08058E10
0x08058E68	thumb	sma3_Sub08058E68
0x08058F6C	thumb	sma3_Sub08058F6C
0x08058FC4	thumb	sma3_Sub08058FC4
0x08059010	thumb	sma3_Sub08059010
0x080591EC	thumb	sma3_Sub080591EC
0x080592A8	thumb	sma3_Sub080592A8
0x08059310	thumb	sma3_Sub08059310
0x08059344	thumb	sma3_Sub08059344
0x080593B8	thumb	sma3_Sub080593B8
0x0805957C	thumb	sma3_Sub0805957C
0x0805958C	thumb	sma3_Sub0805958C
0x080595DC	thumb	sma3_Sub080595DC
0x08059610	thumb	sma3_Sub08059610
0x08059640	thumb	sma3_Sub08059640
0x08059754	thumb	sma3_Sub08059754
0x080597C0	thumb	sma3_Sub080597C0
0x080598D4	thumb	sma3_Sub080598D4
0x080599E8	thumb	sma3_Sub080599E8
0x08059AC8	thumb	sma3_Sub08059AC8
0x08059B48	thumb	sma3_Sub08059B48
0x08059B8C	thumb	sma3_Sub08059B8C
0x08059C14	thumb	sma3_Sub08059C14
0x08059C5C	thumb	sma3_Sub08059C5C
0x08059C78	thumb	sma3_Sub08059C78
0x08059C98	thumb	sma3_Sub08059C98
0x08059D3C	thumb	sma3_Sub08059D3C
0x08059D4C	thumb	sma3_Sub08059D4C
0x08059D94	thumb	sma3_Sub08059D94
0x08059DE4	thumb	sma3_Sub08059DE4
0x08059EAC	thumb	sma3_Sub08059EAC
0x08059EC8	thumb	sma3_Sub08059EC8
0x08059EEC	thumb	sma3_Sub08059EEC
0x08059F90	thumb	sma3_Return08059F90
0x08059F94	thumb	sma3_Sub08059F94
0x08059FB4	thumb	sma3_Sub08059FB4
0x08059FC8	thumb	sma3_Sub08059FC8
0x0805A050	thumb	sma3_Sub0805A050
0x0805A108	thumb	sma3_Sub0805A108
0x0805A1E4	thumb	sma3_Sub0805A1E4
0x0805A26C	thumb	sma3_Sub0805A26C
0x0805A2B4	thumb	sma3_Sub0805A2B4
0x0805A2C4	thumb	sma3_Sub0805A2C4
0x0805A344	thumb	sma3_Sub0805A344
0x0805A478	thumb	sma3_Sub0805A478
0x0805A4E8	thumb	sma3_Sub0805A4E8
0x0805A518	thumb	sma3_Sub0805A518
0x0805A67C	thumb	sma3_Sub0805A67C
0x0805A73C	thumb	sma3_Return0805A73C
0x0805A740	thumb	sma3_Sub0805A740
0x0805A75C	thumb	sma3_Sub0805A75C
0x0805A784	thumb	sma3_Sub0805A784
0x0805A80C	thumb	sma3_Sub0805A80C
0x0805A8C4	thumb	sma3_Sub0805A8C4
0x0805A970	thumb	sma3_Return0805A970
0x0805A974	thumb	sma3_Sub0805A974
0x0805A990	thumb	sma3_Sub0805A990
0x0805AC34	thumb	sma3_Sub0805AC34
0x0805AC54	thumb	sma3_Sub0805AC54
0x0805AC84	thumb	sma3_Sub0805AC84
0x0805AD50	thumb	sma3_Sub0805AD50
0x0805AE90	thumb	sma3_Sub0805AE90
0x0805AEF4	thumb	sma3_Sub0805AEF4
0x0805AF40	thumb	sma3_Sub0805AF40
0x0805B144	thumb	sma3_Sub0805B144
0x0805B15C	thumb	sma3_Sub0805B15C
0x0805B1B0	thumb	sma3_Sub0805B1B0
0x0805B200	thumb	sma3_Sub0805B200
0x0805B26C	thumb	sma3_Sub0805B26C
0x0805B2F4	thumb	sma3_Sub0805B2F4
0x0805B3A0	thumb	sma3_Sub0805B3A0
0x0805B3C8	thumb	sma3_Sub0805B3C8
0x0805B528	thumb	sma3_Sub0805B528
0x0805B584	thumb	sma3_Sub0805B584
0x0805B5D4	thumb	sma3_Sub0805B5D4
0x0805B654	thumb	sma3_Sub0805B654
0x0805B684	thumb	sma3_Sub0805B684
0x0805B700	thumb	sma3_Sub0805B700
0x0805B808	thumb	sma3_Sub0805B808
0x0805B878	thumb	sma3_Sub0805B878
0x0805B918	thumb	sma3_Sub0805B918
0x0805B970	thumb	sma3_Sub0805B970
0x0805B9C8	thumb	sma3_Sub0805B9C8
0x0805BA18	thumb	sma3_Sub0805BA18
0x0805BA68	thumb	sma3_Sub0805BA68
0x0805BB88	thumb	sma3_Sub0805BB88
0x0805BB94	thumb	sma3_Sub0805BB94
0x0805BBA0	thumb	sma3_Sub0805BBA0
0x0805BBF4	thumb	sma3_Sub0805BBF4
0x0805BC88	thumb	sma3_Sub0805BC88
0x0805BCE0	thumb	sma3_Sub0805BCE0
0x0805BDC0	thumb	sma3_Sub0805BDC0
0x0805BDCC	thumb	sma3_Sub0805BDCC
0x0805BE3C	thumb	sma3_Sub0805BE3C
0x0805BEAC	thumb	sma3_Sub0805BEAC
0x0805BED0	thumb	sma3_Sub0805BED0
0x0805BF14	thumb	sma3_Sub0805BF14
0x0805BF68	thumb	sma3_Return0805BF68
0x0805BF6C	thumb	sma3_Sub0805BF6C
0x0805BFC0	thumb	sma3_Sub0805BFC0
0x0805C010	thumb	sma3_Sub0805C010
0x0805C054	thumb	sma3_Sub0805C054
0x0805C1A8	thumb	sma3_Sub0805C1A8
0x0805C22C	thumb	sma3_Sub0805C22C
0x0805C2B0	thumb	sma3_Sub0805C2B0
0x0805C330	thumb	sma3_Sub0805C330
0x0805C3E0	thumb	sma3_Sub0805C3E0
0x0805C514	thumb	sma3_Sub0805C514
0x0805C70C	thumb	sma3_Sub0805C70C
0x0805C774	thumb	sma3_Sub0805C774
0x0805C7A8	thumb	sma3_Sub0805C7A8
0x0805C8C4	thumb	sma3_Sub0805C8C4
0x0805C928	thumb	sma3_Sub0805C928
0x0805C9BC	thumb	sma3_Sub0805C9BC
0x0805CA60	thumb	sma3_Sub0805CA60
0x0805CA90	thumb	sma3_Sub0805CA90
0x0805CB18	thumb	sma3_Sub0805CB18
0x0805CC50	thumb	sma3_Sub0805CC50
0x0805CC84	thumb	sma3_Sub0805CC84
0x0805CCA4	thumb	sma3_Sub0805CCA4
0x0805CCEC	thumb	sma3_Sub0805CCEC
0x0805CDA8	thumb	sma3_Sub0805CDA8
0x0805CE28	thumb	sma3_Sub0805CE28
0x0805CF54	thumb	sma3_Sub0805CF54
0x0805CF7C	thumb	sma3_Sub0805CF7C
0x0805CFB0	thumb	sma3_Sub0805CFB0
0x0805CFCC	thumb	sma3_Sub0805CFCC
0x0805D190	thumb	sma3_Sub0805D190
0x0805D244	thumb	sma3_Sub0805D244
0x0805D2F4	thumb	sma3_Sub0805D2F4
0x0805D338	thumb	sma3_Sub0805D338
0x0805D344	thumb	sma3_Sub0805D344
0x0805D3A8	thumb	sma3_Sub0805D3A8
0x0805D3EC	thumb	sma3_Sub0805D3EC
0x0805D4F4	thumb	sma3_Sub0805D4F4
0x0805D568	thumb	sma3_Sub0805D568
0x0805D64C	thumb	sma3_Sub0805D64C
0x0805D6D0	thumb	sma3_Sub0805D6D0
0x0805D774	thumb	sma3_Sub0805D774
0x0805D7C8	thumb	sma3_Sub0805D7C8
0x0805D88C	thumb	sma3_Sub0805D88C
0x0805D8BC	thumb	sma3_Sub0805D8BC
0x0805D8EC	thumb	sma3_Sub0805D8EC
0x0805D958	thumb	sma3_Sub0805D958
0x0805D9D4	thumb	sma3_Sub0805D9D4
0x0805DB74	thumb	sma3_Sub0805DB74
0x0805DBE8	thumb	sma3_CheckIfAllEnemiesDead
0x0805DC40	thumb	sma3_Sub0805DC40
0x0805DC70	thumb	sma3_Sub0805DC70
0x0805DD64	thumb	sma3_Sub0805DD64
0x0805E158	thumb	sma3_Sub0805E158
0x0805E198	thumb	sma3_Sub0805E198
0x0805E200	thumb	sma3_Sub0805E200
0x0805E254	thumb	sma3_Sub0805E254
0x0805E30C	thumb	sma3_Sub0805E30C
0x0805E540	thumb	sma3_Sub0805E540
0x0805E678	thumb	sma3_Sub0805E678
0x0805E6D0	thumb	sma3_Sub0805E6D0
0x0805E6DC	thumb	sma3_Sub0805E6DC
0x0805E6E8	thumb	sma3_Sub0805E6E8
0x0805E7A0	thumb	sma3_Sub0805E7A0
0x0805E84C	thumb	sma3_Sub0805E84C
0x0805E888	thumb	sma3_Sub0805E888
0x0805E944	thumb	sma3_Sub0805E944
0x0805E9AC	thumb	sma3_Sub0805E9AC
0x0805E9C8	thumb	sma3_Sub0805E9C8
0x0805EA08	thumb	sma3_Sub0805EA08
0x0805EA84	thumb	sma3_Sub0805EA84
0x0805EB64	thumb	sma3_Sub0805EB64
0x0805EB94	thumb	sma3_Sub0805EB94
0x0805EBC8	thumb	sma3_Sub0805EBC8
0x0805EC70	thumb	sma3_Sub0805EC70
0x0805EDA0	thumb	sma3_Sub0805EDA0
0x0805EE94	thumb	sma3_Sub0805EE94
0x0805F040	thumb	sma3_Sub0805F040
0x0805F0C4	thumb	sma3_Sub0805F0C4
0x0805F114	thumb	sma3_Sub0805F114
0x0805F144	thumb	sma3_Sub0805F144
0x0805F1A8	thumb	sma3_Sub0805F1A8
0x0805F210	thumb	sma3_Sub0805F210
0x0805F278	thumb	sma3_Sub0805F278
0x0805F2E0	thumb	sma3_Sub0805F2E0
0x0805F334	thumb	sma3_Sub0805F334
0x0805F350	thumb	sma3_Sub0805F350
0x0805F384	thumb	sma3_Sub0805F384
0x0805F3D8	thumb	sma3_Sub0805F3D8
0x0805F414	thumb	sma3_Sub0805F414
0x0805F42C	thumb	sma3_Sub0805F42C
0x0805F494	thumb	sma3_Sub0805F494
0x0805F5E8	thumb	sma3_Sub0805F5E8
0x0805F624	thumb	sma3_Sub0805F624
0x0805F63C	thumb	sma3_Sub0805F63C
0x0805F6AC	thumb	sma3_Sub0805F6AC
0x0805F800	thumb	sma3_Sub0805F800
0x0805F8D4	thumb	sma3_Sub0805F8D4
0x0805F968	thumb	sma3_Sub0805F968
0x0805F9A8	thumb	sma3_Sub0805F9A8
0x0805FAA0	thumb	sma3_Sub0805FAA0
0x0805FB14	thumb	sma3_Sub0805FB14
0x0805FB40	thumb	sma3_Sub0805FB40
0x0805FBA8	thumb	sma3_Sub0805FBA8
0x0805FCCC	thumb	sma3_Sub0805FCCC
0x0805FD1C	thumb	sma3_Sub0805FD1C
0x0805FD4C	thumb	sma3_Sub0805FD4C
0x0805FE98	thumb	sma3_Sub0805FE98
0x0805FFD0	thumb	sma3_Sub0805FFD0
0x08060078	thumb	sma3_Sub08060078
0x08060158	thumb	sma3_Sub08060158
0x08060194	thumb	sma3_Sub08060194
0x080601C4	thumb	sma3_Sub080601C4
0x08060200	thumb	sma3_Sub08060200
0x08060230	thumb	sma3_Sub08060230
0x08060268	thumb	sma3_Sub08060268
0x08060320	thumb	sma3_Sub08060320
0x080603E8	thumb	sma3_Sub080603E8
0x08060474	thumb	sma3_GrimLeecher_Init
0x08060484	thumb	sma3_GrimLeecher_Main
0x080605B4	thumb	sma3_Sub080605B4
0x08060620	thumb	sma3_Sub08060620
0x080607E4	thumb	sma3_Sub080607E4
0x0806082C	thumb	sma3_Sub0806082C
0x0806086C	thumb	sma3_Sub0806086C
0x08060894	thumb	sma3_Sub08060894
0x08060918	thumb	sma3_Sub08060918
0x08060988	thumb	sma3_Sub08060988
0x08060A00	thumb	sma3_Sub08060A00
0x08060A38	thumb	sma3_GrimLeecher_RidingYoshi
0x08060A54	thumb	sma3_Sub08060A54
0x08060B58	thumb	sma3_Sub08060B58
0x08060BE0	thumb	sma3_Sub08060BE0
0x08060C10	thumb	sma3_PottedGhostFlame_Main
0x08060D54	thumb	sma3_Sub08060D54
0x08060DFC	thumb	sma3_Sub08060DFC
0x08060E4C	thumb	sma3_SuperStar_ContinuousInit
0x08060E70	thumb	sma3_SuperStar_SharedInit
0x08060E7C	thumb	sma3_Sub08060E7C
0x08060E9C	thumb	sma3_SuperStar_LoadGraphics
0x08060EE0	thumb	sma3_Sub08060EE0
0x08060F18	thumb	sma3_SuperStar_Main
0x08060F34	thumb	sma3_SuperStar_Substate0
0x08061054	thumb	sma3_SuperStar_Substate1
0x08061204	thumb	sma3_Sub08061204
0x08061234	thumb	sma3_Sub08061234
0x08061244	thumb	sma3_StarBlockBounceSpr_Init
0x08061258	thumb	sma3_StarBlockBounceSpr_Main
0x08061370	thumb	sma3_Sub08061370
0x080614DC	thumb	sma3_Sub080614DC
0x0806158C	thumb	sma3_Sub0806158C
0x080616D4	thumb	sma3_Sub080616D4
0x080617F8	thumb	sma3_Sub080617F8
0x0806184C	thumb	sma3_Sub0806184C
0x080618B0	thumb	sma3_Sub080618B0
0x08061914	thumb	sma3_Sub08061914
0x080619E8	thumb	sma3_Sub080619E8
0x08061AE8	thumb	sma3_Sub08061AE8
0x08061C90	thumb	sma3_Sub08061C90
0x08061C9C	thumb	sma3_Sub08061C9C
0x08061E20	thumb	sma3_Sub08061E20
0x08061EAC	thumb	sma3_Sub08061EAC
0x08061FC0	thumb	sma3_Sub08061FC0
0x08062080	thumb	sma3_Sub08062080
0x08062104	thumb	sma3_Sub08062104
0x080622F0	thumb	sma3_Sub080622F0
0x0806246C	thumb	sma3_Sub0806246C
0x080627B8	thumb	sma3_Sub080627B8
0x08062814	thumb	sma3_Sub08062814
0x08062854	thumb	sma3_Sub08062854
0x080628B8	thumb	sma3_Sub080628B8
0x08062970	thumb	sma3_Sub08062970
0x08062988	thumb	sma3_Sub08062988
0x080629B8	thumb	sma3_Sub080629B8
0x08062A2C	thumb	sma3_Sub08062A2C
0x08062AB0	thumb	sma3_Sub08062AB0
0x08062B68	thumb	sma3_Sub08062B68
0x08062BBC	thumb	sma3_Sub08062BBC
0x08062C10	thumb	sma3_Sub08062C10
0x08062C7C	thumb	sma3_Sub08062C7C
0x08062CC4	thumb	sma3_Sub08062CC4
0x08062D14	thumb	sma3_Sub08062D14
0x08062D40	thumb	sma3_Sub08062D40
0x08062D60	thumb	sma3_Sub08062D60
0x08062DA8	thumb	sma3_Sub08062DA8
0x08062DC4	thumb	sma3_Sub08062DC4
0x08062EB8	thumb	sma3_Sub08062EB8
0x08062F6C	thumb	sma3_Sub08062F6C
0x08062FF8	thumb	sma3_Sub08062FF8
0x080630F8	thumb	sma3_Sub080630F8
0x080632E8	thumb	sma3_Sub080632E8
0x0806338C	thumb	sma3_Sub0806338C
0x080634D0	thumb	sma3_Sub080634D0
0x08063518	thumb	sma3_Sub08063518
0x0806354C	thumb	sma3_Sub0806354C
0x080635B8	thumb	sma3_Sub080635B8
0x08063618	thumb	sma3_Sub08063618
0x08063790	thumb	sma3_Sub08063790
0x08063894	thumb	sma3_Sub08063894
0x08063934	thumb	sma3_Sub08063934
0x08063940	thumb	sma3_Sub08063940
0x080639B4	thumb	sma3_Sub080639B4
0x080639F8	thumb	sma3_Sub080639F8
0x08063A3C	thumb	sma3_Sub08063A3C
0x08063C7C	thumb	sma3_Sub08063C7C
0x08063E0C	thumb	sma3_Sub08063E0C
0x08063E20	thumb	sma3_Sub08063E20
0x08063E2C	thumb	sma3_Sub08063E2C
0x08063E40	thumb	sma3_Sub08063E40
0x08063EDC	thumb	sma3_Sub08063EDC
0x08064080	thumb	sma3_Sub08064080
0x08064190	thumb	sma3_Sub08064190
0x08064250	thumb	sma3_Sub08064250
0x08064280	thumb	sma3_MelonBug_Main
0x080643D8	thumb	sma3_Sub080643D8
0x08064448	thumb	sma3_Sub08064448
0x080644B4	thumb	sma3_Sub080644B4
0x08064548	thumb	sma3_Sub08064548
0x0806472C	thumb	sma3_Sub0806472C
0x080648A4	thumb	sma3_Sub080648A4
0x080648D4	thumb	sma3_Sub080648D4
0x0806490C	thumb	sma3_Sub0806490C
0x08064974	thumb	sma3_Sub08064974
0x080649D8	thumb	sma3_Sub080649D8
0x08064A74	thumb	sma3_Sub08064A74
0x08064AF8	thumb	sma3_Sub08064AF8
0x08064B68	thumb	sma3_Sub08064B68
0x08064B7C	thumb	sma3_Sub08064B7C
0x08064C40	thumb	sma3_Sub08064C40
0x08064CE8	thumb	sma3_Sub08064CE8
0x08064E88	thumb	sma3_Sub08064E88
0x08064ED4	thumb	sma3_Sub08064ED4
0x08064F5C	thumb	sma3_Sub08064F5C
0x08065118	thumb	sma3_Sub08065118
0x080652D0	thumb	sma3_Sub080652D0
0x0806539C	thumb	sma3_Sub0806539C
0x08065538	thumb	sma3_Sub08065538
0x08065578	thumb	sma3_Sub08065578
0x080656CC	thumb	sma3_Sub080656CC
0x08065810	thumb	sma3_Sub08065810
0x080658E8	thumb	sma3_Sub080658E8
0x080659F0	thumb	sma3_Sub080659F0
0x08065BC0	thumb	sma3_Sub08065BC0
0x08065D58	thumb	sma3_Sub08065D58
0x08065E68	thumb	sma3_Sub08065E68
0x08065F24	thumb	sma3_Sub08065F24
0x08065F7C	thumb	sma3_Sub08065F7C
0x0806608C	thumb	sma3_Sub0806608C
0x080660DC	thumb	sma3_Sub080660DC
0x0806628C	thumb	sma3_Sub0806628C
0x08066318	thumb	sma3_Sub08066318
0x0806642C	thumb	sma3_Sub0806642C
0x0806647C	thumb	sma3_Sub0806647C
0x08066490	thumb	sma3_Sub08066490
0x080664A4	thumb	sma3_Sub080664A4
0x080665D4	thumb	sma3_Sub080665D4
0x08066684	thumb	sma3_Sub08066684
0x0806669C	thumb	sma3_Sub0806669C
0x08066774	thumb	sma3_Sub08066774
0x080667C4	thumb	sma3_Sub080667C4
0x08066808	thumb	sma3_Sub08066808
0x08066848	thumb	sma3_Sub08066848
0x08066A64	thumb	sma3_Sub08066A64
0x08066AC8	thumb	sma3_Sub08066AC8
0x08066B44	thumb	sma3_Sub08066B44
0x08066B6C	thumb	sma3_Sub08066B6C
0x08066CA4	thumb	sma3_Sub08066CA4
0x08066DE4	thumb	sma3_Sub08066DE4
0x08066E58	thumb	sma3_Sub08066E58
0x08066F5C	thumb	sma3_Sub08066F5C
0x08067020	thumb	sma3_Sub08067020
0x08067084	thumb	sma3_Sub08067084
0x08067114	thumb	sma3_Sub08067114
0x0806718C	thumb	sma3_Sub0806718C
0x0806728C	thumb	sma3_Sub0806728C
0x080672C0	thumb	sma3_Sub080672C0
0x08067304	thumb	sma3_Sub08067304
0x08067360	thumb	sma3_Sub08067360
0x080673B8	thumb	sma3_Sub080673B8
0x08067420	thumb	sma3_Sub08067420
0x0806745C	thumb	sma3_Sub0806745C
0x080675E4	thumb	sma3_Sub080675E4
0x08067704	thumb	sma3_Sub08067704
0x08067764	thumb	sma3_Sub08067764
0x08067814	thumb	sma3_Sub08067814
0x08067B54	thumb	sma3_Sub08067B54
0x08067EC8	thumb	sma3_Sub08067EC8
0x08068048	thumb	sma3_Sub08068048
0x080680CC	thumb	sma3_Sub080680CC
0x08068118	thumb	sma3_Sub08068118
0x08068138	thumb	sma3_Sub08068138
0x080682AC	thumb	sma3_Sub080682AC
0x08068338	thumb	sma3_Sub08068338
0x0806845C	thumb	sma3_Sub0806845C
0x08068554	thumb	sma3_Sub08068554
0x0806864C	thumb	sma3_Sub0806864C
0x08068730	thumb	sma3_Sub08068730
0x0806873C	thumb	sma3_Sub0806873C
0x08068748	thumb	sma3_Sub08068748
0x08068768	thumb	sma3_Sub08068768
0x08068788	thumb	sma3_Sub08068788
0x08068800	thumb	sma3_Sub08068800
0x080688D0	thumb	sma3_Sub080688D0
0x08068904	thumb	sma3_Sub08068904
0x08068B38	thumb	sma3_Sub08068B38
0x08068B68	thumb	sma3_GeorgetteJelly_Main
0x08068BAC	thumb	sma3_Sub08068BAC
0x08068DE8	thumb	sma3_Sub08068DE8
0x08068F88	thumb	sma3_Sub08068F88
0x08068FE8	thumb	sma3_Sub08068FE8
0x0806903C	thumb	sma3_Sub0806903C
0x08069090	thumb	sma3_Sub08069090
0x08069260	thumb	sma3_Sub08069260
0x080692E8	thumb	sma3_Sub080692E8
0x08069338	thumb	sma3_Sub08069338
0x080693AC	thumb	sma3_Sub080693AC
0x080693C4	thumb	sma3_Sub080693C4
0x08069434	thumb	sma3_Sub08069434
0x0806945C	thumb	sma3_Sub0806945C
0x0806949C	thumb	sma3_Sub0806949C
0x080694AC	thumb	sma3_Sub080694AC
0x08069500	thumb	sma3_Sub08069500
0x08069548	thumb	sma3_Sub08069548
0x08069618	thumb	sma3_Sub08069618
0x0806969C	thumb	sma3_Sub0806969C
0x0806974C	thumb	sma3_Sub0806974C
0x08069810	thumb	sma3_Sub08069810
0x080698EC	thumb	sma3_Sub080698EC
0x0806993C	thumb	sma3_Sub0806993C
0x08069994	thumb	sma3_Sub08069994
0x080699DC	thumb	sma3_Sub080699DC
0x08069A24	thumb	sma3_Sub08069A24
0x08069AA8	thumb	sma3_Sub08069AA8
0x08069AB8	thumb	sma3_Sub08069AB8
0x08069B90	thumb	sma3_Sub08069B90
0x08069C48	thumb	sma3_Sub08069C48
0x08069CA4	thumb	sma3_Sub08069CA4
0x08069D08	thumb	sma3_Sub08069D08
0x08069FB0	thumb	sma3_Sub08069FB0
0x0806A080	thumb	sma3_Sub0806A080
0x0806A20C	thumb	sma3_Sub0806A20C
0x0806A358	thumb	sma3_Sub0806A358
0x0806A3B8	thumb	sma3_Sub0806A3B8
0x0806A3E0	thumb	sma3_Sub0806A3E0
0x0806A42C	thumb	sma3_Sub0806A42C
0x0806A544	thumb	sma3_Sub0806A544
0x0806A60C	thumb	sma3_Sub0806A60C
0x0806A650	thumb	sma3_Sub0806A650
0x0806A6DC	thumb	sma3_Sub0806A6DC
0x0806A7E4	thumb	sma3_Sub0806A7E4
0x0806A8C8	thumb	sma3_Sub0806A8C8
0x0806AA1C	thumb	sma3_Sub0806AA1C
0x0806AA9C	thumb	sma3_Sub0806AA9C
0x0806AB7C	thumb	sma3_Sub0806AB7C
0x0806AC1C	thumb	sma3_Sub0806AC1C
0x0806AFE4	thumb	sma3_Sub0806AFE4
0x0806B218	thumb	sma3_Sub0806B218
0x0806B2A8	thumb	sma3_Sub0806B2A8
0x0806B2DC	thumb	sma3_Sub0806B2DC
0x0806B2FC	thumb	sma3_Sub0806B2FC
0x0806B434	thumb	sma3_Sub0806B434
0x0806B56C	thumb	sma3_Sub0806B56C
0x0806B708	thumb	sma3_Sub0806B708
0x0806B7C0	thumb	sma3_Sub0806B7C0
0x0806B804	thumb	sma3_Sub0806B804
0x0806B820	thumb	sma3_Sub0806B820
0x0806B8B0	thumb	sma3_Sub0806B8B0
0x0806BA68	thumb	sma3_Sub0806BA68
0x0806BAE4	thumb	sma3_Sub0806BAE4
0x0806BC30	thumb	sma3_Sub0806BC30
0x0806BD08	thumb	sma3_Sub0806BD08
0x0806BDB8	thumb	sma3_Sub0806BDB8
0x0806BE74	thumb	sma3_Sub0806BE74
0x0806BF3C	thumb	sma3_Sub0806BF3C
0x0806BFB8	thumb	sma3_Sub0806BFB8
0x0806BFE4	thumb	sma3_Sub0806BFE4
0x0806C080	thumb	sma3_Sub0806C080
0x0806C0B4	thumb	sma3_Sub0806C0B4
0x0806C10C	thumb	sma3_Sub0806C10C
0x0806C1F4	thumb	sma3_Sub0806C1F4
0x0806C208	thumb	sma3_Sub0806C208
0x0806C23C	thumb	sma3_Sub0806C23C
0x0806C37C	thumb	sma3_Sub0806C37C
0x0806C400	thumb	sma3_Sub0806C400
0x0806C4F4	thumb	sma3_Sub0806C4F4
0x0806C670	thumb	sma3_Sub0806C670
0x0806C6C0	thumb	sma3_Sub0806C6C0
0x0806C72C	thumb	sma3_Sub0806C72C
0x0806C744	thumb	sma3_Sub0806C744
0x0806C888	thumb	sma3_Sub0806C888
0x0806C8B0	thumb	sma3_Sub0806C8B0
0x0806C940	thumb	sma3_Sub0806C940
0x0806CAFC	thumb	sma3_Sub0806CAFC
0x0806CC60	thumb	sma3_Sub0806CC60
0x0806CD18	thumb	sma3_Sub0806CD18
0x0806CD4C	thumb	sma3_Sub0806CD4C
0x0806CD78	thumb	sma3_Sub0806CD78
0x0806CE28	thumb	sma3_Sub0806CE28
0x0806CEAC	thumb	sma3_Sub0806CEAC
0x0806CEC8	thumb	sma3_Sub0806CEC8
0x0806D07C	thumb	sma3_Sub0806D07C
0x0806D0CC	thumb	sma3_Sub0806D0CC
0x0806D124	thumb	sma3_Sub0806D124
0x0806D1F0	thumb	sma3_Sub0806D1F0
0x0806D334	thumb	sma3_Sub0806D334
0x0806D3E8	thumb	sma3_Sub0806D3E8
0x0806D538	thumb	sma3_Sub0806D538
0x0806D550	thumb	sma3_Sub0806D550
0x0806D6B8	thumb	sma3_Sub0806D6B8
0x0806D6FC	thumb	sma3_Sub0806D6FC
0x0806D724	thumb	sma3_Sub0806D724
0x0806D774	thumb	sma3_Sub0806D774
0x0806D7DC	thumb	sma3_Sub0806D7DC
0x0806D820	thumb	sma3_Sub0806D820
0x0806D8F8	thumb	sma3_Sub0806D8F8
0x0806DA50	thumb	sma3_Sub0806DA50
0x0806DC6C	thumb	sma3_Sub0806DC6C
0x0806DE74	thumb	sma3_Sub0806DE74
0x0806DF8C	thumb	sma3_Sub0806DF8C
0x0806E000	thumb	sma3_Sub0806E000
0x0806E084	thumb	sma3_Sub0806E084
0x0806E0AC	thumb	sma3_Sub0806E0AC
0x0806E150	thumb	sma3_Sub0806E150
0x0806E17C	thumb	sma3_Sub0806E17C
0x0806E1B0	thumb	sma3_Sub0806E1B0
0x0806E230	thumb	sma3_Sub0806E230
0x0806E254	thumb	sma3_Sub0806E254
0x0806E2A8	thumb	sma3_Sub0806E2A8
0x0806E2D0	thumb	sma3_Sub0806E2D0
0x0806E3A8	thumb	sma3_Sub0806E3A8
0x0806E444	thumb	sma3_Sub0806E444
0x0806E514	thumb	sma3_Sub0806E514
0x0806E530	thumb	sma3_Sub0806E530
0x0806E560	thumb	sma3_Sub0806E560
0x0806E5DC	thumb	sma3_Sub0806E5DC
0x0806E71C	thumb	sma3_Sub0806E71C
0x0806E7A0	thumb	sma3_Sub0806E7A0
0x0806E810	thumb	sma3_Sub0806E810
0x0806E860	thumb	sma3_Sub0806E860
0x0806E8D4	thumb	sma3_Sub0806E8D4
0x0806E920	thumb	sma3_Sub0806E920
0x0806E9BC	thumb	sma3_Sub0806E9BC
0x0806EA58	thumb	sma3_Sub0806EA58
0x0806EB40	thumb	sma3_Sub0806EB40
0x0806ECF8	thumb	sma3_Sub0806ECF8
0x0806EE64	thumb	sma3_Sub0806EE64
0x0806EF8C	thumb	sma3_Sub0806EF8C
0x0806EFF8	thumb	sma3_Sub0806EFF8
0x0806F044	thumb	sma3_Sub0806F044
0x0806F120	thumb	sma3_Sub0806F120
0x0806F370	thumb	sma3_Sub0806F370
0x0806F3F0	thumb	sma3_Sub0806F3F0
0x0806F464	thumb	sma3_Sub0806F464
0x0806F470	thumb	sma3_Sub0806F470
0x0806F4A0	thumb	sma3_Sub0806F4A0
0x0806F4E8	thumb	sma3_Sub0806F4E8
0x0806F508	thumb	sma3_Sub0806F508
0x0806F52C	thumb	sma3_Sub0806F52C
0x0806F53C	thumb	sma3_Sub0806F53C
0x0806F560	thumb	sma3_Sub0806F560
0x0806F590	thumb	sma3_Sub0806F590
0x0806F634	thumb	sma3_Sub0806F634
0x0806F79C	thumb	sma3_Sub0806F79C
0x0806F7F0	thumb	sma3_Sub0806F7F0
0x0806F8E4	thumb	sma3_Sub0806F8E4
0x0806F978	thumb	sma3_NipperSpore_Main
0x0806FAAC	thumb	sma3_Sub0806FAAC
0x0806FB14	thumb	sma3_Sub0806FB14
0x0806FB68	thumb	sma3_Sub0806FB68
0x0806FBAC	thumb	sma3_Sub0806FBAC
0x0806FD30	thumb	sma3_Sub0806FD30
0x0806FD50	thumb	sma3_Sub0806FD50
0x0806FD88	thumb	sma3_Sub0806FD88
0x0806FDA8	thumb	sma3_Sub0806FDA8
0x0806FE10	thumb	sma3_Sub0806FE10
0x080700D4	thumb	sma3_Sub080700D4
0x08070160	thumb	sma3_Sub08070160
0x0807022C	thumb	sma3_Sub0807022C
0x0807030C	thumb	sma3_Sub0807030C
0x08070500	thumb	sma3_Sub08070500
0x08070610	thumb	sma3_Sub08070610
0x0807068C	thumb	sma3_Sub0807068C
0x08070768	thumb	sma3_Sub08070768
0x080707A4	thumb	sma3_Sub080707A4
0x08070888	thumb	sma3_Sub08070888
0x080709C4	thumb	sma3_Sub080709C4
0x08070AE4	thumb	sma3_Sub08070AE4
0x08070B0C	thumb	sma3_Sub08070B0C
0x08070B84	thumb	sma3_Sub08070B84
0x08070BBC	thumb	sma3_Sub08070BBC
0x08070BE0	thumb	sma3_HuffinPuffinBaby_Main
0x08070FA4	thumb	sma3_Sub08070FA4
0x080710B8	thumb	sma3_Sub080710B8
0x080711B4	thumb	sma3_Sub080711B4
0x080711D4	thumb	sma3_Sub080711D4
0x08071230	thumb	sma3_Sub08071230
0x08071288	thumb	sma3_Sub08071288
0x080713B8	thumb	sma3_Sub080713B8
0x080713E0	thumb	sma3_Sub080713E0
0x080714F4	thumb	sma3_Sub080714F4
0x08071680	thumb	sma3_Sub08071680
0x080718B0	thumb	sma3_Sub080718B0
0x08071924	thumb	sma3_Sub08071924
0x08071980	thumb	sma3_Sub08071980
0x08071ABC	thumb	sma3_Sub08071ABC
0x08071B68	thumb	sma3_Sub08071B68
0x08071BF8	thumb	sma3_Sub08071BF8
0x08071C44	thumb	sma3_Sub08071C44
0x08071CD0	thumb	sma3_Sub08071CD0
0x08071DB8	thumb	sma3_Sub08071DB8
0x08071E08	thumb	sma3_Sub08071E08
0x08071FC4	thumb	sma3_Sub08071FC4
0x08071FD0	thumb	sma3_Sub08071FD0
0x08071FEC	thumb	sma3_Sub08071FEC
0x08072008	thumb	sma3_Sub08072008
0x08072030	thumb	sma3_Sub08072030
0x0807203C	thumb	sma3_Sub0807203C
0x08072048	thumb	sma3_Sub08072048
0x08072054	thumb	sma3_Sub08072054
0x08072060	thumb	sma3_Sub08072060
0x0807206C	thumb	sma3_Sub0807206C
0x08072078	thumb	sma3_Sub08072078
0x08072084	thumb	sma3_Sub08072084
0x080720E0	thumb	sma3_Sub080720E0
0x08072254	thumb	sma3_Sub08072254
0x08072278	thumb	sma3_Sub08072278
0x0807229C	thumb	sma3_Sub0807229C
0x080722E0	thumb	sma3_Sub080722E0
0x08072324	thumb	sma3_Sub08072324
0x08072374	thumb	sma3_Sub08072374
0x080723B0	thumb	sma3_Sub080723B0
0x0807245C	thumb	sma3_Sub0807245C
0x080724AC	thumb	sma3_Sub080724AC
0x08072504	thumb	sma3_Sub08072504
0x0807256C	thumb	sma3_Sub0807256C
0x080725A0	thumb	sma3_Sub080725A0
0x0807269C	thumb	sma3_Sub0807269C
0x08072760	thumb	sma3_Sub08072760
0x08072A14	thumb	sma3_Sub08072A14
0x08072AD8	thumb	sma3_Sub08072AD8
0x08072BBC	thumb	sma3_Sub08072BBC
0x08072BF0	thumb	sma3_Sub08072BF0
0x08072D78	thumb	sma3_Sub08072D78
0x08072D8C	thumb	sma3_Sub08072D8C
0x08072DC8	thumb	sma3_Sub08072DC8
0x08072DEC	thumb	sma3_Sub08072DEC
0x08072E18	thumb	sma3_Sub08072E18
0x08072E48	thumb	sma3_Sub08072E48
0x08072E7C	thumb	sma3_Sub08072E7C
0x08072E98	thumb	sma3_Sub08072E98
0x08072ED4	thumb	sma3_Sub08072ED4
0x08072F2C	thumb	sma3_Sub08072F2C
0x08072FBC	thumb	sma3_Sub08072FBC
0x08072FE8	thumb	sma3_Sub08072FE8
0x08073020	thumb	sma3_Sub08073020
0x08073040	thumb	sma3_Sub08073040
0x08073074	thumb	sma3_Return08073074
0x08073078	thumb	sma3_Sub08073078
0x080730A0	thumb	sma3_Sub080730A0
0x080730BC	thumb	sma3_Sub080730BC
0x080730D4	thumb	sma3_Sub080730D4
0x08073180	thumb	sma3_Sub08073180
0x08073240	thumb	sma3_Sub08073240
0x080732AC	thumb	sma3_Sub080732AC
0x08073314	thumb	sma3_Sub08073314
0x08073320	thumb	sma3_Sub08073320
0x080733D0	thumb	sma3_Sub080733D0
0x0807342C	thumb	sma3_Sub0807342C
0x08073500	thumb	sma3_Sub08073500
0x080735B0	thumb	sma3_Sub080735B0
0x080735F0	thumb	sma3_Sub080735F0
0x080735FC	thumb	sma3_Sub080735FC
0x08073624	thumb	sma3_Sub08073624
0x08073664	thumb	sma3_Sub08073664
0x080736A4	thumb	sma3_Sub080736A4
0x0807372C	thumb	sma3_Sub0807372C
0x0807377C	thumb	sma3_Sub0807377C
0x080737C4	thumb	sma3_Sub080737C4
0x08073800	thumb	sma3_Sub08073800
0x08073848	thumb	sma3_Sub08073848
0x08073884	thumb	sma3_Sub08073884
0x080738D4	thumb	sma3_Sub080738D4
0x08073988	thumb	sma3_Sub08073988
0x080739A8	thumb	sma3_Sub080739A8
0x080739EC	thumb	sma3_Sub080739EC
0x08073A80	thumb	sma3_Sub08073A80
0x08073ADC	thumb	sma3_Sub08073ADC
0x08073B14	thumb	sma3_Sub08073B14
0x08073B74	thumb	sma3_Sub08073B74
0x08073C3C	thumb	sma3_Sub08073C3C
0x08073C80	thumb	sma3_Sub08073C80
0x08073D2C	thumb	sma3_Sub08073D2C
0x08073D64	thumb	sma3_Sub08073D64
0x08073E8C	thumb	sma3_Sub08073E8C
0x08073EC4	thumb	sma3_Sub08073EC4
0x08074124	thumb	sma3_Sub08074124
0x0807418C	thumb	sma3_Sub0807418C
0x080741D4	thumb	sma3_Sub080741D4
0x08074244	thumb	sma3_Sub08074244
0x080742A4	thumb	sma3_Sub080742A4
0x08074310	thumb	sma3_Sub08074310
0x08074444	thumb	sma3_Sub08074444
0x080744EC	thumb	sma3_Sub080744EC
0x08074668	thumb	sma3_Sub08074668
0x08074700	thumb	sma3_Sub08074700
0x08074784	thumb	sma3_Sub08074784
0x080747D8	thumb	sma3_Sub080747D8
0x08074838	thumb	sma3_Sub08074838
0x080748A4	thumb	sma3_Sub080748A4
0x080748F0	thumb	sma3_Sub080748F0
0x08074A44	thumb	sma3_Sub08074A44
0x08074A84	thumb	sma3_Sub08074A84
0x08074B10	thumb	sma3_Sub08074B10
0x08074B88	thumb	sma3_Sub08074B88
0x08074C48	thumb	sma3_Sub08074C48
0x08074C54	thumb	sma3_Sub08074C54
0x08074C9C	thumb	sma3_Sub08074C9C
0x08074CA8	thumb	sma3_Sub08074CA8
0x08074CD0	thumb	sma3_Sub08074CD0
0x08074CEC	thumb	sma3_Sub08074CEC
0x08074D14	thumb	sma3_Sub08074D14
0x08074DA8	thumb	sma3_Sub08074DA8
0x08074DC0	thumb	sma3_Sub08074DC0
0x08074E90	thumb	sma3_Sub08074E90
0x08074EA8	thumb	sma3_Sub08074EA8
0x0807509C	thumb	sma3_Sub0807509C
0x080751E8	thumb	sma3_Sub080751E8
0x08075248	thumb	sma3_Sub08075248
0x08075254	thumb	sma3_Sub08075254
0x08075324	thumb	sma3_Sub08075324
0x080753A4	thumb	sma3_Sub080753A4
0x080754A4	thumb	sma3_Sub080754A4
0x080754F0	thumb	sma3_Sub080754F0
0x08075548	thumb	sma3_Sub08075548
0x080755E4	thumb	sma3_Sub080755E4
0x08075738	thumb	sma3_Sub08075738
0x080758D8	thumb	sma3_Sub080758D8
0x08075DE8	thumb	sma3_Sub08075DE8
0x08075E18	thumb	sma3_Sub08075E18
0x08075E84	thumb	sma3_Sub08075E84
0x08075FD4	thumb	sma3_Sub08075FD4
0x08076040	thumb	sma3_Sub08076040
0x080763D0	thumb	sma3_Sub080763D0
0x08076438	thumb	sma3_Sub08076438
0x08076714	thumb	sma3_Sub08076714
0x080767E0	thumb	sma3_Sub080767E0
0x08076828	thumb	sma3_Sub08076828
0x080768AC	thumb	sma3_Sub080768AC
0x08076914	thumb	sma3_Sub08076914
0x08076928	thumb	sma3_Sub08076928
0x0807693C	thumb	sma3_Sub0807693C
0x08076988	thumb	sma3_Sub08076988
0x08076A8C	thumb	sma3_Sub08076A8C
0x08076BDC	thumb	sma3_Sub08076BDC
0x08076CA0	thumb	sma3_Sub08076CA0
0x08076D04	thumb	sma3_Sub08076D04
0x08076D54	thumb	sma3_Sub08076D54
0x08076D94	thumb	sma3_Sub08076D94
0x08076E9C	thumb	sma3_Sub08076E9C
0x08076F9C	thumb	sma3_Sub08076F9C
0x080770D4	thumb	sma3_Sub080770D4
0x08077170	thumb	sma3_Sub08077170
0x080772CC	thumb	sma3_Sub080772CC
0x080773AC	thumb	sma3_Sub080773AC
0x080773C0	thumb	sma3_Sub080773C0
0x080773D4	thumb	sma3_Sub080773D4
0x08077404	thumb	sma3_Sub08077404
0x08077584	thumb	sma3_Sub08077584
0x0807768C	thumb	sma3_Sub0807768C
0x08077714	thumb	sma3_Sub08077714
0x080777DC	thumb	sma3_Sub080777DC
0x08077984	thumb	sma3_Sub08077984
0x08077A08	thumb	sma3_Sub08077A08
0x08077B4C	thumb	sma3_Sub08077B4C
0x08077B8C	thumb	sma3_Sub08077B8C
0x08077E38	thumb	sma3_Sub08077E38
0x08077E78	thumb	sma3_Sub08077E78
0x08077EFC	thumb	sma3_Sub08077EFC
0x08077F94	thumb	sma3_Sub08077F94
0x08077FE8	thumb	sma3_Sub08077FE8
0x08078144	thumb	sma3_Sub08078144
0x08078168	thumb	sma3_Sub08078168
0x0807817C	thumb	sma3_Sub0807817C
0x08078210	thumb	sma3_Sub08078210
0x08078240	thumb	sma3_Sub08078240
0x08078288	thumb	sma3_Sub08078288
0x08078318	thumb	sma3_Sub08078318
0x08078370	thumb	sma3_Sub08078370
0x080784E0	thumb	sma3_Sub080784E0
0x0807855C	thumb	sma3_Sub0807855C
0x080785F4	thumb	sma3_Sub080785F4
0x080786C4	thumb	sma3_Sub080786C4
0x08078700	thumb	sma3_Sub08078700
0x08078788	thumb	sma3_Sub08078788
0x0807891C	thumb	sma3_Sub0807891C
0x080789D8	thumb	sma3_Sub080789D8
0x08078A90	thumb	sma3_Sub08078A90
0x08078C18	thumb	sma3_Sub08078C18
0x08078CC8	thumb	sma3_Sub08078CC8
0x08078D64	thumb	sma3_Sub08078D64
0x08078DF0	thumb	sma3_Sub08078DF0
0x08078F38	thumb	sma3_Sub08078F38
0x08078FC0	thumb	sma3_Sub08078FC0
0x08079068	thumb	sma3_Sub08079068
0x080790D4	thumb	sma3_Sub080790D4
0x08079180	thumb	sma3_Sub08079180
0x080791E4	thumb	sma3_Sub080791E4
0x08079340	thumb	sma3_Sub08079340
0x080793C0	thumb	sma3_Sub080793C0
0x080793E8	thumb	sma3_Sub080793E8
0x0807947C	thumb	sma3_Sub0807947C
0x080794C8	thumb	sma3_Sub080794C8
0x080795AC	thumb	sma3_Sub080795AC
0x0807963C	thumb	sma3_Sub0807963C
0x080798D4	thumb	sma3_Sub080798D4
0x0807991C	thumb	sma3_Sub0807991C
0x08079970	thumb	sma3_Sub08079970
0x080799CC	thumb	sma3_Sub080799CC
0x08079A1C	thumb	sma3_Sub08079A1C
0x08079A70	thumb	sma3_Sub08079A70
0x08079AF8	thumb	sma3_Sub08079AF8
0x08079BE0	thumb	sma3_Sub08079BE0
0x08079C0C	thumb	sma3_Sub08079C0C
0x08079D50	thumb	sma3_Sub08079D50
0x08079DF8	thumb	sma3_Sub08079DF8
0x08079EC0	thumb	sma3_Sub08079EC0
0x08079F48	thumb	sma3_Sub08079F48
0x0807A060	thumb	sma3_Sub0807A060
0x0807A1CC	thumb	sma3_Sub0807A1CC
0x0807A29C	thumb	sma3_Sub0807A29C
0x0807A424	thumb	sma3_Sub0807A424
0x0807A4C4	thumb	sma3_Sub0807A4C4
0x0807A550	thumb	sma3_Sub0807A550
0x0807A5DC	thumb	sma3_Sub0807A5DC
0x0807A858	thumb	sma3_Sub0807A858
0x0807AAF4	thumb	sma3_Sub0807AAF4
0x0807AB3C	thumb	sma3_Sub0807AB3C
0x0807AB9C	thumb	sma3_Sub0807AB9C
0x0807AE98	thumb	sma3_Sub0807AE98
0x0807AED8	thumb	sma3_Sub0807AED8
0x0807AF04	thumb	sma3_Sub0807AF04
0x0807AF44	thumb	sma3_Sub0807AF44
0x0807AF68	thumb	sma3_Sub0807AF68
0x0807AFF8	thumb	sma3_Sub0807AFF8
0x0807B024	thumb	sma3_Sub0807B024
0x0807B0C8	thumb	sma3_Sub0807B0C8
0x0807B12C	thumb	sma3_Sub0807B12C
0x0807B1B8	thumb	sma3_Sub0807B1B8
0x0807B1E4	thumb	sma3_Sub0807B1E4
0x0807B284	thumb	sma3_Sub0807B284
0x0807B314	thumb	sma3_Sub0807B314
0x0807B378	thumb	sma3_Sub0807B378
0x0807B3D8	thumb	sma3_Sub0807B3D8
0x0807B41C	thumb	sma3_Sub0807B41C
0x0807B470	thumb	sma3_Sub0807B470
0x0807B4BC	thumb	sma3_Sub0807B4BC
0x0807B56C	thumb	sma3_Sub0807B56C
0x0807B6A0	thumb	sma3_Sub0807B6A0
0x0807B6E8	thumb	sma3_Sub0807B6E8
0x0807B73C	thumb	sma3_Sub0807B73C
0x0807B7F4	thumb	sma3_Sub0807B7F4
0x0807B814	thumb	sma3_Sub0807B814
0x0807BB3C	thumb	sma3_Sub0807BB3C
0x0807BE38	thumb	sma3_Sub0807BE38
0x0807BF68	thumb	sma3_Sub0807BF68
0x0807BFE0	thumb	sma3_Sub0807BFE0
0x0807C054	thumb	sma3_Sub0807C054
0x0807C114	thumb	sma3_Sub0807C114
0x0807C130	thumb	sma3_Sub0807C130
0x0807C178	thumb	sma3_Sub0807C178
0x0807C214	thumb	sma3_Sub0807C214
0x0807C278	thumb	sma3_Sub0807C278
0x0807C374	thumb	sma3_Sub0807C374
0x0807C3A4	thumb	sma3_Sub0807C3A4
0x0807C454	thumb	sma3_Sub0807C454
0x0807C4B8	thumb	sma3_Sub0807C4B8
0x0807C50C	thumb	sma3_Sub0807C50C
0x0807C548	thumb	sma3_Sub0807C548
0x0807C718	thumb	sma3_Sub0807C718
0x0807C850	thumb	sma3_Sub0807C850
0x0807C86C	thumb	sma3_Sub0807C86C
0x0807CADC	thumb	sma3_Sub0807CADC
0x0807CBF4	thumb	sma3_Sub0807CBF4
0x0807CC50	thumb	sma3_Sub0807CC50
0x0807CCC8	thumb	sma3_Sub0807CCC8
0x0807CE68	thumb	sma3_Sub0807CE68
0x0807CEA8	thumb	sma3_Sub0807CEA8
0x0807CF2C	thumb	sma3_Sub0807CF2C
0x0807CF6C	thumb	sma3_Sub0807CF6C
0x0807CFB8	thumb	sma3_Sub0807CFB8
0x0807D00C	thumb	sma3_Sub0807D00C
0x0807D030	thumb	sma3_Sub0807D030
0x0807D080	thumb	sma3_Sub0807D080
0x0807D0A0	thumb	sma3_Sub0807D0A0
0x0807D110	thumb	sma3_Sub0807D110
0x0807D180	thumb	sma3_Sub0807D180
0x0807D1D8	thumb	sma3_Sub0807D1D8
0x0807D25C	thumb	sma3_Sub0807D25C
0x0807D2A4	thumb	sma3_Sub0807D2A4
0x0807D3C0	thumb	sma3_Sub0807D3C0
0x0807D4B8	thumb	sma3_Sub0807D4B8
0x0807D584	thumb	sma3_Sub0807D584
0x0807D5E0	thumb	sma3_Sub0807D5E0
0x0807D6E4	thumb	sma3_Sub0807D6E4
0x0807D764	thumb	sma3_Sub0807D764
0x0807D7F8	thumb	sma3_Sub0807D7F8
0x0807D900	thumb	sma3_Sub0807D900
0x0807DB78	thumb	sma3_Sub0807DB78
0x0807DB98	thumb	sma3_Sub0807DB98
0x0807DC14	thumb	sma3_Sub0807DC14
0x0807DCC4	thumb	sma3_Sub0807DCC4
0x0807DD44	thumb	sma3_Sub0807DD44
0x0807DD6C	thumb	sma3_Sub0807DD6C
0x0807DD8C	thumb	sma3_Sub0807DD8C
0x0807DE20	thumb	sma3_Sub0807DE20
0x0807DED0	thumb	sma3_Sub0807DED0
0x0807E118	thumb	sma3_Sub0807E118
0x0807E154	thumb	sma3_Sub0807E154
0x0807E2B4	thumb	sma3_Sub0807E2B4
0x0807E2E0	thumb	sma3_Sub0807E2E0
0x0807E3E4	thumb	sma3_Sub0807E3E4
0x0807E478	thumb	sma3_Sub0807E478
0x0807E548	thumb	sma3_Sub0807E548
0x0807E550	thumb	sma3_Sub0807E550
0x0807E55C	thumb	sma3_Sub0807E55C
0x0807E588	thumb	sma3_Sub0807E588
0x0807E5A8	thumb	sma3_Sub0807E5A8
0x0807E608	thumb	sma3_Sub0807E608
0x0807E618	thumb	sma3_Sub0807E618
0x0807E644	thumb	sma3_Sub0807E644
0x0807E6A4	thumb	sma3_Sub0807E6A4
0x0807E6C0	thumb	sma3_Sub0807E6C0
0x0807E71C	thumb	sma3_Sub0807E71C
0x0807E7A4	thumb	sma3_Sub0807E7A4
0x0807E7C4	thumb	sma3_Sub0807E7C4
0x0807E810	thumb	sma3_Sub0807E810
0x0807E828	thumb	sma3_Sub0807E828
0x0807E8D0	thumb	sma3_Sub0807E8D0
0x0807E95C	thumb	sma3_Sub0807E95C
0x0807E978	thumb	sma3_Sub0807E978
0x0807E9E0	thumb	sma3_Sub0807E9E0
0x0807EA2C	thumb	sma3_Sub0807EA2C
0x0807EAB0	thumb	sma3_Sub0807EAB0
0x0807EB10	thumb	sma3_Sub0807EB10
0x0807EB9C	thumb	sma3_Sub0807EB9C
0x0807EBBC	thumb	sma3_Sub0807EBBC
0x0807EC10	thumb	sma3_Sub0807EC10
0x0807ED24	thumb	sma3_Sub0807ED24
0x0807ED40	thumb	sma3_Sub0807ED40
0x0807EE3C	thumb	sma3_Sub0807EE3C
0x0807EED8	thumb	sma3_Sub0807EED8
0x0807EF54	thumb	sma3_Sub0807EF54
0x0807EFD4	thumb	sma3_Sub0807EFD4
0x0807F018	thumb	sma3_Sub0807F018
0x0807F0C4	thumb	sma3_Sub0807F0C4
0x0807F164	thumb	sma3_Sub0807F164
0x0807F204	thumb	sma3_Sub0807F204
0x0807F230	thumb	sma3_Sub0807F230
0x0807F2B8	thumb	sma3_Sub0807F2B8
0x0807F308	thumb	sma3_Sub0807F308
0x0807F37C	thumb	sma3_Sub0807F37C
0x0807F3C0	thumb	sma3_Sub0807F3C0
0x0807F4B4	thumb	sma3_Sub0807F4B4
0x0807F524	thumb	sma3_Sub0807F524
0x0807F5D4	thumb	sma3_Sub0807F5D4
0x0807F62C	thumb	sma3_Sub0807F62C
0x0807F638	thumb	sma3_Sub0807F638
0x0807F720	thumb	sma3_Sub0807F720
0x0807F7D4	thumb	sma3_Sub0807F7D4
0x0807F7E4	thumb	sma3_Sub0807F7E4
0x0807F8B4	thumb	sma3_Sub0807F8B4
0x0807F910	thumb	sma3_Sub0807F910
0x0807F984	thumb	sma3_Sub0807F984
0x0807F9A0	thumb	sma3_Sub0807F9A0
0x0807FA94	thumb	sma3_Sub0807FA94
0x0807FB50	thumb	sma3_Sub0807FB50
0x0807FC2C	thumb	sma3_Sub0807FC2C
0x0807FCA4	thumb	sma3_Sub0807FCA4
0x0807FCF0	thumb	sma3_Sub0807FCF0
0x0807FD48	thumb	sma3_Sub0807FD48
0x0807FEC4	thumb	sma3_Sub0807FEC4
0x0807FEE4	thumb	sma3_Sub0807FEE4
0x0807FF0C	thumb	sma3_Sub0807FF0C
0x0807FF44	thumb	sma3_Sub0807FF44
0x08080014	thumb	sma3_Sub08080014
0x08080048	thumb	sma3_Sub08080048
0x080800E0	thumb	sma3_Sub080800E0
0x080801B4	thumb	sma3_Sub080801B4
0x080801EC	thumb	sma3_Sub080801EC
0x08080210	thumb	sma3_Sub08080210
0x08080290	thumb	sma3_Sub08080290
0x080802D4	thumb	sma3_Sub080802D4
0x08080428	thumb	sma3_Sub08080428
0x08080444	thumb	sma3_Sub08080444
0x08080490	thumb	sma3_Sub08080490
0x080804E8	thumb	sma3_Sub080804E8
0x0808050C	thumb	sma3_Sub0808050C
0x08080684	thumb	sma3_Sub08080684
0x08080794	thumb	sma3_Sub08080794
0x080807E8	thumb	sma3_Sub080807E8
0x08080834	thumb	sma3_Sub08080834
0x0808086C	thumb	sma3_Sub0808086C
0x080808D0	thumb	sma3_Sub080808D0
0x0808096C	thumb	sma3_Sub0808096C
0x08080A24	thumb	sma3_Sub08080A24
0x08080A74	thumb	sma3_Sub08080A74
0x08080D20	thumb	sma3_Sub08080D20
0x08080DC8	thumb	sma3_Sub08080DC8
0x08080E08	thumb	sma3_Sub08080E08
0x08080E48	thumb	sma3_Sub08080E48
0x08080EE4	thumb	sma3_Sub08080EE4
0x08080FA4	thumb	sma3_Sub08080FA4
0x08081088	thumb	sma3_Sub08081088
0x080810B0	thumb	sma3_Sub080810B0
0x08081154	thumb	sma3_Sub08081154
0x080811B4	thumb	sma3_Sub080811B4
0x08081334	thumb	sma3_Sub08081334
0x080814B8	thumb	sma3_Sub080814B8
0x0808150C	thumb	sma3_Sub0808150C
0x08081570	thumb	sma3_Sub08081570
0x080815B0	thumb	sma3_Sub080815B0
0x08081600	thumb	sma3_Sub08081600
0x08081788	thumb	sma3_Sub08081788
0x08081800	thumb	sma3_Sub08081800
0x0808188C	thumb	sma3_Sub0808188C
0x08081964	thumb	sma3_Sub08081964
0x080819DC	thumb	sma3_Sub080819DC
0x08081A74	thumb	sma3_Sub08081A74
0x08081C24	thumb	sma3_Sub08081C24
0x08081C94	thumb	sma3_Sub08081C94
0x08081DBC	thumb	sma3_Sub08081DBC
0x08081EFC	thumb	sma3_Sub08081EFC
0x08081FAC	thumb	sma3_Sub08081FAC
0x08081FE8	thumb	sma3_Sub08081FE8
0x08082004	thumb	sma3_Return08082004
0x08082008	thumb	sma3_Sub08082008
0x080820C4	thumb	sma3_RewardItem_Init
0x080820F8	thumb	sma3_RewardItem_Main
0x08082174	thumb	sma3_RewardItem_InitRedCoin
0x080821B4	thumb	sma3_RewardItem_InitOther
0x080821C4	thumb	sma3_Sub080821C4
0x080821F8	thumb	sma3_Sub080821F8
0x08082218	thumb	sma3_Sub08082218
0x08082250	thumb	sma3_Sub08082250
0x080822AC	thumb	sma3_Sub080822AC
0x08082304	thumb	sma3_Sub08082304
0x08082330	thumb	sma3_Sub08082330
0x080824FC	thumb	sma3_Sub080824FC
0x08082504	thumb	sma3_Sub08082504
0x08082530	thumb	sma3_Sub08082530
0x08082578	thumb	sma3_Sub08082578
0x080825D0	thumb	sma3_Sub080825D0
0x080825F8	thumb	sma3_Sub080825F8
0x08082618	thumb	sma3_Sub08082618
0x080826A0	thumb	sma3_Sub080826A0
0x08082714	thumb	sma3_Sub08082714
0x0808278C	thumb	sma3_Sub0808278C
0x080827B0	thumb	sma3_Sub080827B0
0x08082800	thumb	sma3_Sub08082800
0x08082828	thumb	sma3_Sub08082828
0x08082848	thumb	sma3_Sub08082848
0x0808285C	thumb	sma3_Sub0808285C
0x080828C8	thumb	sma3_Sub080828C8
0x08082948	thumb	sma3_Sub08082948
0x080829E8	thumb	sma3_Sub080829E8
0x08082A44	thumb	sma3_Sub08082A44
0x08082AB0	thumb	sma3_Sub08082AB0
0x08082C34	thumb	sma3_Sub08082C34
0x08082D50	thumb	sma3_Sub08082D50
0x08082D6C	thumb	sma3_Sub08082D6C
0x08082D98	thumb	sma3_Sub08082D98
0x08082ED8	thumb	sma3_Sub08082ED8
0x08082F18	thumb	sma3_Sub08082F18
0x08082FF0	thumb	sma3_Sub08082FF0
0x08083024	thumb	sma3_Sub08083024
0x08083058	thumb	sma3_Sub08083058
0x08083070	thumb	sma3_Sub08083070
0x080830C4	thumb	sma3_Sub080830C4
0x08083194	thumb	sma3_Sub08083194
0x08083294	thumb	sma3_Sub08083294
0x08083318	thumb	sma3_Sub08083318
0x08083394	thumb	sma3_Sub08083394
0x080834D4	thumb	sma3_Sub080834D4
0x08083558	thumb	sma3_KamekFlying_Init
0x08083598	thumb	sma3_Sub08083598
0x080835D0	thumb	sma3_Sub080835D0
0x080835FC	thumb	sma3_KamekFlying_Main
0x0808361C	thumb	sma3_Sub0808361C
0x0808365C	thumb	sma3_Sub0808365C
0x080836BC	thumb	sma3_Sub080836BC
0x08083728	thumb	sma3_Sub08083728
0x080837B8	thumb	sma3_Sub080837B8
0x080837F4	thumb	sma3_Sub080837F4
0x08083818	thumb	sma3_Sub08083818
0x08083968	thumb	sma3_Sub08083968
0x080839D8	thumb	sma3_Sub080839D8
0x08083A38	thumb	sma3_Sub08083A38
0x08083AB8	thumb	sma3_Sub08083AB8
0x08083AF8	thumb	sma3_Sub08083AF8
0x08083C14	thumb	sma3_Sub08083C14
0x08083C74	thumb	sma3_Sub08083C74
0x08083D04	thumb	sma3_Sub08083D04
0x08083E58	thumb	sma3_Sub08083E58
0x08083EA0	thumb	sma3_Sub08083EA0
0x08083FFC	thumb	sma3_Sub08083FFC
0x0808404C	thumb	sma3_Sub0808404C
0x0808409C	thumb	sma3_Sub0808409C
0x080840E4	thumb	sma3_Sub080840E4
0x08084148	thumb	sma3_Sub08084148
0x08084198	thumb	sma3_Sub08084198
0x08084204	thumb	sma3_Sub08084204
0x08084290	thumb	sma3_Sub08084290
0x080842F4	thumb	sma3_Sub080842F4
0x08084360	thumb	sma3_Sub08084360
0x080843B0	thumb	sma3_Sub080843B0
0x08084694	thumb	sma3_Sub08084694
0x08084800	thumb	sma3_Sub08084800
0x08084890	thumb	sma3_Sub08084890
0x080848E8	thumb	sma3_Sub080848E8
0x08084984	thumb	sma3_Sub08084984
0x08084A0C	thumb	sma3_Sub08084A0C
0x08084A74	thumb	sma3_Sub08084A74
0x08084A98	thumb	sma3_Sub08084A98
0x08084AD8	thumb	sma3_Sub08084AD8
0x08084B18	thumb	sma3_Sub08084B18
0x08084BE0	thumb	sma3_Sub08084BE0
0x08084DC4	thumb	sma3_Sub08084DC4
0x08084E30	thumb	sma3_Sub08084E30
0x08084E48	thumb	sma3_Sub08084E48
0x08084F10	thumb	sma3_Sub08084F10
0x08084F90	thumb	sma3_Sub08084F90
0x0808500C	thumb	sma3_Sub0808500C
0x08085070	thumb	sma3_Sub08085070
0x080850D8	thumb	sma3_Sub080850D8
0x080851F4	thumb	sma3_Sub080851F4
0x0808524C	thumb	sma3_Sub0808524C
0x080852DC	thumb	sma3_Sub080852DC
0x08085310	thumb	sma3_Sub08085310
0x08085380	thumb	sma3_Sub08085380
0x0808541C	thumb	sma3_Sub0808541C
0x0808546C	thumb	sma3_Sub0808546C
0x08085494	thumb	sma3_Sub08085494
0x080854EC	thumb	sma3_Sub080854EC
0x08085510	thumb	sma3_Sub08085510
0x08085544	thumb	sma3_Sub08085544
0x080855EC	thumb	sma3_Return080855EC
0x080855F0	thumb	sma3_Sub080855F0
0x08085660	thumb	sma3_Sub08085660
0x080856E0	thumb	sma3_Sub080856E0
0x08085714	thumb	sma3_Sub08085714
0x080857CC	thumb	sma3_Sub080857CC
0x080857E0	thumb	sma3_Sub080857E0
0x08085830	thumb	sma3_Sub08085830
0x0808586C	thumb	sma3_Sub0808586C
0x080858A0	thumb	sma3_Sub080858A0
0x080858F8	thumb	sma3_Sub080858F8
0x08085938	thumb	sma3_Sub08085938
0x0808597C	thumb	sma3_Sub0808597C
0x080859A0	thumb	sma3_Sub080859A0
0x080859E0	thumb	sma3_Sub080859E0
0x08085A0C	thumb	sma3_Sub08085A0C
0x08085A3C	thumb	sma3_Sub08085A3C
0x08085A84	thumb	sma3_Sub08085A84
0x08085AC4	thumb	sma3_Sub08085AC4
0x08085AF8	thumb	sma3_Sub08085AF8
0x08085B20	thumb	sma3_Sub08085B20
0x08085BB8	thumb	sma3_Sub08085BB8
0x08085D24	thumb	sma3_Sub08085D24
0x08086044	thumb	sma3_Sub08086044
0x08086090	thumb	sma3_Sub08086090
0x08086150	thumb	sma3_Sub08086150
0x080861F4	thumb	sma3_Sub080861F4
0x080862DC	thumb	sma3_Sub080862DC
0x08086320	thumb	sma3_Sub08086320
0x08086368	thumb	sma3_Sub08086368
0x08086398	thumb	sma3_Sub08086398
0x080863D8	thumb	sma3_Sub080863D8
0x0808643C	thumb	sma3_Sub0808643C
0x08086488	thumb	sma3_Sub08086488
0x080864F0	thumb	sma3_Sub080864F0
0x08086558	thumb	sma3_Sub08086558
0x080865A8	thumb	sma3_Sub080865A8
0x08086638	thumb	sma3_Sub08086638
0x0808665C	thumb	sma3_Sub0808665C
0x080866D0	thumb	sma3_Sub080866D0
0x08086754	thumb	sma3_Sub08086754
0x0808683C	thumb	sma3_Sub0808683C
0x080868AC	thumb	sma3_Sub080868AC
0x080868CC	thumb	sma3_Sub080868CC
0x0808695C	thumb	sma3_Sub0808695C
0x080869B4	thumb	sma3_Sub080869B4
0x08086B3C	thumb	sma3_Sub08086B3C
0x08086C48	thumb	sma3_Sub08086C48
0x08086C94	thumb	sma3_Sub08086C94
0x08086CBC	thumb	sma3_Sub08086CBC
0x08086EAC	thumb	sma3_Sub08086EAC
0x08086F48	thumb	sma3_Sub08086F48
0x08086FB8	thumb	sma3_Sub08086FB8
0x08087028	thumb	sma3_Sub08087028
0x0808703C	thumb	sma3_Sub0808703C
0x08087144	thumb	sma3_Sub08087144
0x08087238	thumb	sma3_Sub08087238
0x080872A8	thumb	sma3_Sub080872A8
0x0808744C	thumb	sma3_Sub0808744C
0x08087514	thumb	sma3_Sub08087514
0x0808762C	thumb	sma3_Sub0808762C
0x08087698	thumb	sma3_Sub08087698
0x080876E0	thumb	sma3_Sub080876E0
0x08087784	thumb	sma3_Sub08087784
0x080878F0	thumb	sma3_Sub080878F0
0x08087A20	thumb	sma3_Sub08087A20
0x08087A94	thumb	sma3_Sub08087A94
0x08087B90	thumb	sma3_Sub08087B90
0x08087CA4	thumb	sma3_Sub08087CA4
0x08087DC8	thumb	sma3_Sub08087DC8
0x08087F98	thumb	sma3_Sub08087F98
0x08088090	thumb	sma3_Sub08088090
0x08088230	thumb	sma3_Sub08088230
0x080882B8	thumb	sma3_Sub080882B8
0x08088338	thumb	sma3_Sub08088338
0x08088354	thumb	sma3_Sub08088354
0x08088578	thumb	sma3_Sub08088578
0x0808863C	thumb	sma3_Sub0808863C
0x0808867C	thumb	sma3_Sub0808867C
0x080886B4	thumb	sma3_Sub080886B4
0x08088734	thumb	sma3_Sub08088734
0x080887B0	thumb	sma3_Sub080887B0
0x080887D8	thumb	sma3_Sub080887D8
0x080888B0	thumb	sma3_Sub080888B0
0x0808896C	thumb	sma3_Sub0808896C
0x08088AD0	thumb	sma3_Sub08088AD0
0x08088B2C	thumb	sma3_Sub08088B2C
0x08088B98	thumb	sma3_Sub08088B98
0x08088CA4	thumb	sma3_Sub08088CA4
0x08088DA4	thumb	sma3_Sub08088DA4
0x08088E14	thumb	sma3_Sub08088E14
0x08088E7C	thumb	sma3_Sub08088E7C
0x08088FB0	thumb	sma3_Sub08088FB0
0x08088FD8	thumb	sma3_Sub08088FD8
0x08088FF4	thumb	sma3_Sub08088FF4
0x0808900C	thumb	sma3_Sub0808900C
0x08089044	thumb	sma3_Sub08089044
0x08089060	thumb	sma3_Sub08089060
0x080890B8	thumb	sma3_Sub080890B8
0x08089160	thumb	sma3_Sub08089160
0x08089290	thumb	sma3_Sub08089290
0x080892DC	thumb	sma3_Sub080892DC
0x0808930C	thumb	sma3_Sub0808930C
0x080893B0	thumb	sma3_Sub080893B0
0x08089440	thumb	sma3_Sub08089440
0x080894AC	thumb	sma3_Sub080894AC
0x080895AC	thumb	sma3_Sub080895AC
0x08089654	thumb	sma3_Sub08089654
0x08089684	thumb	sma3_Sub08089684
0x080896E0	thumb	sma3_Sub080896E0
0x08089788	thumb	sma3_Sub08089788
0x08089794	thumb	sma3_Sub08089794
0x080897E8	thumb	sma3_Sub080897E8
0x0808987C	thumb	sma3_Sub0808987C
0x08089890	thumb	sma3_Sub08089890
0x080899A0	thumb	sma3_Sub080899A0
0x080899E8	thumb	sma3_Sub080899E8
0x08089ABC	thumb	sma3_Sub08089ABC
0x08089BA8	thumb	sma3_Sub08089BA8
0x08089C3C	thumb	sma3_Sub08089C3C
0x08089CD8	thumb	sma3_Sub08089CD8
0x08089DC4	thumb	sma3_Sub08089DC4
0x08089E3C	thumb	sma3_Sub08089E3C
0x08089ECC	thumb	sma3_Sub08089ECC
0x08089F14	thumb	sma3_Sub08089F14
0x0808A028	thumb	sma3_Sub0808A028
0x0808A084	thumb	sma3_Sub0808A084
0x0808A14C	thumb	sma3_Sub0808A14C
0x0808A224	thumb	sma3_Sub0808A224
0x0808A28C	thumb	sma3_Sub0808A28C
0x0808A2AC	thumb	sma3_Sub0808A2AC
0x0808A304	thumb	sma3_Sub0808A304
0x0808A31C	thumb	sma3_Sub0808A31C
0x0808A334	thumb	sma3_Sub0808A334
0x0808A354	thumb	sma3_Sub0808A354
0x0808A3C4	thumb	sma3_Sub0808A3C4
0x0808A3FC	thumb	sma3_Sub0808A3FC
0x0808A45C	thumb	sma3_Sub0808A45C
0x0808A534	thumb	sma3_Sub0808A534
0x0808A678	thumb	sma3_Sub0808A678
0x0808A6C8	thumb	sma3_Sub0808A6C8
0x0808A7F0	thumb	sma3_Sub0808A7F0
0x0808A8D4	thumb	sma3_Sub0808A8D4
0x0808A90C	thumb	sma3_Sub0808A90C
0x0808A9AC	thumb	sma3_Sub0808A9AC
0x0808AA5C	thumb	sma3_Sub0808AA5C
0x0808AAF8	thumb	sma3_Sub0808AAF8
0x0808ABB8	thumb	sma3_Sub0808ABB8
0x0808AC38	thumb	sma3_Sub0808AC38
0x0808AC64	thumb	sma3_Sub0808AC64
0x0808ACA0	thumb	sma3_Sub0808ACA0
0x0808AD94	thumb	sma3_Sub0808AD94
0x0808AE14	thumb	sma3_Sub0808AE14
0x0808AE94	thumb	sma3_Sub0808AE94
0x0808AEE8	thumb	sma3_Sub0808AEE8
0x0808B000	thumb	sma3_Sub0808B000
0x0808B014	thumb	sma3_Sub0808B014
0x0808B0D8	thumb	sma3_Sub0808B0D8
0x0808B0F0	thumb	sma3_Sub0808B0F0
0x0808B134	thumb	sma3_Sub0808B134
0x0808B174	thumb	sma3_Sub0808B174
0x0808B1F8	thumb	sma3_Sub0808B1F8
0x0808B238	thumb	sma3_Sub0808B238
0x0808B27C	thumb	sma3_Sub0808B27C
0x0808B2BC	thumb	sma3_Sub0808B2BC
0x0808B2DC	thumb	sma3_Sub0808B2DC
0x0808B368	thumb	sma3_Sub0808B368
0x0808B3A0	thumb	sma3_Sub0808B3A0
0x0808B3D4	thumb	sma3_Sub0808B3D4
0x0808B3F0	thumb	sma3_Sub0808B3F0
0x0808B44C	thumb	sma3_Sub0808B44C
0x0808B468	thumb	sma3_Sub0808B468
0x0808B4D0	thumb	sma3_Sub0808B4D0
0x0808B58C	thumb	sma3_Sub0808B58C
0x0808B5AC	thumb	sma3_Sub0808B5AC
0x0808B65C	thumb	sma3_Sub0808B65C
0x0808B674	thumb	sma3_Sub0808B674
0x0808B6AC	thumb	sma3_Sub0808B6AC
0x0808B810	thumb	sma3_Sub0808B810
0x0808B850	thumb	sma3_Sub0808B850
0x0808B8A8	thumb	sma3_Sub0808B8A8
0x0808B8E8	thumb	sma3_Sub0808B8E8
0x0808B920	thumb	sma3_Sub0808B920
0x0808B964	thumb	sma3_Sub0808B964
0x0808B98C	thumb	sma3_Sub0808B98C
0x0808BA78	thumb	sma3_Sub0808BA78
0x0808BAF8	thumb	sma3_Sub0808BAF8
0x0808BB48	thumb	sma3_Sub0808BB48
0x0808BC60	thumb	sma3_Sub0808BC60
0x0808BCF4	thumb	sma3_Sub0808BCF4
0x0808BE10	thumb	sma3_Sub0808BE10
0x0808BE54	thumb	sma3_Sub0808BE54
0x0808BED4	thumb	sma3_Sub0808BED4
0x0808C07C	thumb	sma3_Sub0808C07C
0x0808C150	thumb	sma3_Sub0808C150
0x0808C15C	thumb	sma3_Sub0808C15C
0x0808C1CC	thumb	sma3_Sub0808C1CC
0x0808C1FC	thumb	sma3_Sub0808C1FC
0x0808C28C	thumb	sma3_Sub0808C28C
0x0808C2E8	thumb	sma3_Sub0808C2E8
0x0808C34C	thumb	sma3_Sub0808C34C
0x0808C374	thumb	sma3_Sub0808C374
0x0808C3D4	thumb	sma3_Sub0808C3D4
0x0808C44C	thumb	sma3_Sub0808C44C
0x0808C4BC	thumb	sma3_Sub0808C4BC
0x0808C518	thumb	sma3_Sub0808C518
0x0808C5A8	thumb	sma3_Sub0808C5A8
0x0808C5E0	thumb	sma3_Sub0808C5E0
0x0808C648	thumb	sma3_Sub0808C648
0x0808C6F8	thumb	sma3_Sub0808C6F8
0x0808C718	thumb	sma3_Sub0808C718
0x0808C740	thumb	sma3_Sub0808C740
0x0808C7C8	thumb	sma3_Return0808C7C8
0x0808C7CC	thumb	sma3_Sub0808C7CC
0x0808C800	thumb	sma3_Sub0808C800
0x0808C874	thumb	sma3_Sub0808C874
0x0808C978	thumb	sma3_Sub0808C978
0x0808C9E8	thumb	sma3_Sub0808C9E8
0x0808CA18	thumb	sma3_Sub0808CA18
0x0808CA30	thumb	sma3_Sub0808CA30
0x0808CA58	thumb	sma3_Sub0808CA58
0x0808CA6C	thumb	sma3_Sub0808CA6C
0x0808CA9C	thumb	sma3_Sub0808CA9C
0x0808CB98	thumb	sma3_Sub0808CB98
0x0808CC80	thumb	sma3_Sub0808CC80
0x0808CD44	thumb	sma3_Sub0808CD44
0x0808CDA0	thumb	sma3_Sub0808CDA0
0x0808CDE8	thumb	sma3_Sub0808CDE8
0x0808CE0C	thumb	sma3_Sub0808CE0C
0x0808CE60	thumb	sma3_Sub0808CE60
0x0808CEA4	thumb	sma3_Sub0808CEA4
0x0808D00C	thumb	sma3_Sub0808D00C
0x0808D0C4	thumb	sma3_Sub0808D0C4
0x0808D180	thumb	sma3_Sub0808D180
0x0808D1B0	thumb	sma3_Sub0808D1B0
0x0808D3C0	thumb	sma3_Sub0808D3C0
0x0808D3E8	thumb	sma3_Sub0808D3E8
0x0808D460	thumb	sma3_Sub0808D460
0x0808D4BC	thumb	sma3_Sub0808D4BC
0x0808D4FC	thumb	sma3_Sub0808D4FC
0x0808D548	thumb	sma3_Sub0808D548
0x0808D5B8	thumb	sma3_Sub0808D5B8
0x0808D620	thumb	sma3_Sub0808D620
0x0808D690	thumb	sma3_Sub0808D690
0x0808D758	thumb	sma3_Sub0808D758
0x0808D7D0	thumb	sma3_Sub0808D7D0
0x0808D7F4	thumb	sma3_Sub0808D7F4
0x0808D8F4	thumb	sma3_Sub0808D8F4
0x0808D950	thumb	sma3_Sub0808D950
0x0808DA4C	thumb	sma3_Sub0808DA4C
0x0808DC34	thumb	sma3_Sub0808DC34
0x0808DC5C	thumb	sma3_Sub0808DC5C
0x0808DEBC	thumb	sma3_Sub0808DEBC
0x0808DF80	thumb	sma3_Sub0808DF80
0x0808DFF0	thumb	sma3_Sub0808DFF0
0x0808E144	thumb	sma3_Sub0808E144
0x0808E34C	thumb	sma3_Sub0808E34C
0x0808E3D4	thumb	sma3_Sub0808E3D4
0x0808E468	thumb	sma3_Sub0808E468
0x0808E4FC	thumb	sma3_Sub0808E4FC
0x0808E558	thumb	sma3_Sub0808E558
0x0808E88C	thumb	sma3_Sub0808E88C
0x0808EA00	thumb	sma3_Sub0808EA00
0x0808EC00	thumb	sma3_Sub0808EC00
0x0808ECA0	thumb	sma3_Sub0808ECA0
0x0808ED58	thumb	sma3_Sub0808ED58
0x0808EDF0	thumb	sma3_Sub0808EDF0
0x0808EF28	thumb	sma3_Sub0808EF28
0x0808F1CC	thumb	sma3_Sub0808F1CC
0x0808F21C	thumb	sma3_Sub0808F21C
0x0808F26C	thumb	sma3_Sub0808F26C
0x0808F2F4	thumb	sma3_Sub0808F2F4
0x0808F388	thumb	sma3_Sub0808F388
0x0808F5D0	thumb	sma3_Sub0808F5D0
0x0808F610	thumb	sma3_Sub0808F610
0x0808F634	thumb	sma3_Sub0808F634
0x0808F660	thumb	sma3_Sub0808F660
0x0808F688	thumb	sma3_Sub0808F688
0x0808F6D0	thumb	sma3_Sub0808F6D0
0x0808F718	thumb	sma3_Sub0808F718
0x0808F784	thumb	sma3_Sub0808F784
0x0808F81C	thumb	sma3_Sub0808F81C
0x0808F84C	thumb	sma3_Sub0808F84C
0x0808F890	thumb	sma3_Sub0808F890
0x0808F910	thumb	sma3_Sub0808F910
0x0808F9EC	thumb	sma3_Sub0808F9EC
0x0808FAD4	thumb	sma3_Sub0808FAD4
0x0808FB0C	thumb	sma3_Sub0808FB0C
0x0808FB68	thumb	sma3_Sub0808FB68
0x0808FC4C	thumb	sma3_Sub0808FC4C
0x0808FD90	thumb	sma3_Sub0808FD90
0x0808FDC0	thumb	sma3_Sub0808FDC0
0x0808FE6C	thumb	sma3_Sub0808FE6C
0x0808FEE8	thumb	sma3_Sub0808FEE8
0x0808FF18	thumb	sma3_Sub0808FF18
0x0808FFDC	thumb	sma3_Sub0808FFDC
0x08090000	thumb	sma3_Sub08090000
0x08090008	thumb	sma3_Sub08090008
0x08090070	thumb	sma3_Sub08090070
0x080900E8	thumb	sma3_Sub080900E8
0x08090130	thumb	sma3_Sub08090130
0x0809016C	thumb	sma3_Sub0809016C
0x080901B4	thumb	sma3_Sub080901B4
0x08090234	thumb	sma3_Sub08090234
0x0809032C	thumb	sma3_Sub0809032C
0x08090358	thumb	sma3_Sub08090358
0x08090374	thumb	sma3_Sub08090374
0x08090438	thumb	sma3_Sub08090438
0x08090498	thumb	sma3_Return08090498
0x0809049C	thumb	sma3_Sub0809049C
0x08090528	thumb	sma3_Sub08090528
0x080905A0	thumb	sma3_Sub080905A0
0x080905E0	thumb	sma3_Sub080905E0
0x08090778	thumb	sma3_Sub08090778
0x080907C0	thumb	sma3_Sub080907C0
0x080908A8	thumb	sma3_Sub080908A8
0x080908C8	thumb	sma3_Sub080908C8
0x080908E0	thumb	sma3_Sub080908E0
0x08090944	thumb	sma3_Sub08090944
0x08090974	thumb	sma3_Sub08090974
0x08090998	thumb	sma3_Sub08090998
0x080909AC	thumb	sma3_Sub080909AC
0x080909FC	thumb	sma3_Sub080909FC
0x08090A30	thumb	sma3_Sub08090A30
0x08090A8C	thumb	sma3_Sub08090A8C
0x08090AB0	thumb	sma3_Sub08090AB0
0x08090B58	thumb	sma3_Sub08090B58
0x08090BA4	thumb	sma3_Sub08090BA4
0x08090D14	thumb	sma3_Sub08090D14
0x08090D50	thumb	sma3_Sub08090D50
0x08090E30	thumb	sma3_Sub08090E30
0x08090F44	thumb	sma3_Sub08090F44
0x08090F8C	thumb	sma3_Sub08090F8C
0x08091064	thumb	sma3_Sub08091064
0x080910C0	thumb	sma3_Sub080910C0
0x080910F0	thumb	sma3_Sub080910F0
0x08091168	thumb	sma3_Sub08091168
0x0809117C	thumb	sma3_Sub0809117C
0x080911C4	thumb	sma3_Sub080911C4
0x08091244	thumb	sma3_Sub08091244
0x080912A8	thumb	sma3_Sub080912A8
0x08091340	thumb	sma3_Sub08091340
0x08091368	thumb	sma3_Sub08091368
0x080913E4	thumb	sma3_Sub080913E4
0x08091560	thumb	sma3_Sub08091560
0x08091620	thumb	sma3_Sub08091620
0x08091664	thumb	sma3_Sub08091664
0x080917B8	thumb	sma3_Sub080917B8
0x080917CC	thumb	sma3_Sub080917CC
0x0809181C	thumb	sma3_Sub0809181C
0x08091878	thumb	sma3_Sub08091878
0x0809193C	thumb	sma3_Sub0809193C
0x080919B0	thumb	sma3_Sub080919B0
0x08091B34	thumb	sma3_Sub08091B34
0x08091BCC	thumb	sma3_Sub08091BCC
0x08091C1C	thumb	sma3_Sub08091C1C
0x08091C34	thumb	sma3_Sub08091C34
0x08091C50	thumb	sma3_Sub08091C50
0x08091CEC	thumb	sma3_Sub08091CEC
0x08091E18	thumb	sma3_Sub08091E18
0x08091E94	thumb	sma3_Sub08091E94
0x08091EF0	thumb	sma3_Sub08091EF0
0x08091F74	thumb	sma3_Sub08091F74
0x08092038	thumb	sma3_Sub08092038
0x0809206C	thumb	sma3_Sub0809206C
0x080921C4	thumb	sma3_Sub080921C4
0x08092220	thumb	sma3_Sub08092220
0x080922C8	thumb	sma3_Sub080922C8
0x080923D8	thumb	sma3_Sub080923D8
0x0809240C	thumb	sma3_Sub0809240C
0x08092428	thumb	sma3_Sub08092428
0x080924B0	thumb	sma3_Sub080924B0
0x08092594	thumb	sma3_Sub08092594
0x080925D0	thumb	sma3_Sub080925D0
0x080925F8	thumb	sma3_Sub080925F8
0x080926E4	thumb	sma3_Sub080926E4
0x080926F0	thumb	sma3_Sub080926F0
0x080927B0	thumb	sma3_Sub080927B0
0x080928C4	thumb	sma3_Sub080928C4
0x08092950	thumb	sma3_Sub08092950
0x08092984	thumb	sma3_Sub08092984
0x080929B8	thumb	sma3_Sub080929B8
0x08092A08	thumb	sma3_Sub08092A08
0x08092A1C	thumb	sma3_Sub08092A1C
0x08092AC4	thumb	sma3_Sub08092AC4
0x08092AFC	thumb	sma3_Sub08092AFC
0x08092B48	thumb	sma3_Sub08092B48
0x08092C8C	thumb	sma3_Sub08092C8C
0x08092C94	thumb	sma3_Sub08092C94
0x08092DC0	thumb	sma3_Sub08092DC0
0x08092F94	thumb	sma3_Sub08092F94
0x080930B4	thumb	sma3_Sub080930B4
0x080930F4	thumb	sma3_Sub080930F4
0x0809325C	thumb	sma3_Sub0809325C
0x08093328	thumb	sma3_Sub08093328
0x080933EC	thumb	sma3_Sub080933EC
0x08093554	thumb	sma3_Sub08093554
0x08093668	thumb	sma3_Sub08093668
0x080936E4	thumb	sma3_Sub080936E4
0x08093780	thumb	sma3_Sub08093780
0x080937FC	thumb	sma3_Sub080937FC
0x08093980	thumb	sma3_Sub08093980
0x08093B6C	thumb	sma3_Sub08093B6C
0x08093BA4	thumb	sma3_Sub08093BA4
0x08093C28	thumb	sma3_Sub08093C28
0x08093C74	thumb	sma3_Sub08093C74
0x08093C98	thumb	sma3_Sub08093C98
0x08093D3C	thumb	sma3_Sub08093D3C
0x08093DCC	thumb	sma3_Sub08093DCC
0x08093E44	thumb	sma3_Sub08093E44
0x08093F04	thumb	sma3_Sub08093F04
0x08093F98	thumb	sma3_Sub08093F98
0x0809423C	thumb	sma3_Sub0809423C
0x080942BC	thumb	sma3_Sub080942BC
0x08094310	thumb	sma3_Sub08094310
0x08094370	thumb	sma3_Sub08094370
0x08094484	thumb	sma3_Sub08094484
0x08094514	thumb	sma3_Sub08094514
0x08094584	thumb	sma3_Sub08094584
0x08094674	thumb	sma3_Sub08094674
0x080946FC	thumb	sma3_Sub080946FC
0x08094858	thumb	sma3_Sub08094858
0x080948F4	thumb	sma3_Sub080948F4
0x08094940	thumb	sma3_Sub08094940
0x08094A0C	thumb	sma3_Return08094A0C
0x08094A10	thumb	sma3_Sub08094A10
0x08094B14	thumb	sma3_Sub08094B14
0x08094B54	thumb	sma3_Sub08094B54
0x08094C28	thumb	sma3_Sub08094C28
0x08094CC4	thumb	sma3_Sub08094CC4
0x08094CFC	thumb	sma3_Sub08094CFC
0x08094DF4	thumb	sma3_Sub08094DF4
0x08094E74	thumb	sma3_Sub08094E74
0x08094F3C	thumb	sma3_Sub08094F3C
0x08094FEC	thumb	sma3_Sub08094FEC
0x080950CC	thumb	sma3_Sub080950CC
0x08095160	thumb	sma3_Sub08095160
0x080951CC	thumb	sma3_Sub080951CC
0x080951E8	thumb	sma3_Sub080951E8
0x08095240	thumb	sma3_Sub08095240
0x0809527C	thumb	sma3_Sub0809527C
0x080952C0	thumb	sma3_Sub080952C0
0x0809530C	thumb	sma3_Sub0809530C
0x080954AC	thumb	sma3_Sub080954AC
0x08095538	thumb	sma3_Sub08095538
0x0809559C	thumb	sma3_Sub0809559C
0x080955BC	thumb	sma3_Sub080955BC
0x08095734	thumb	sma3_Sub08095734
0x080957D0	thumb	sma3_Sub080957D0
0x080958A4	thumb	sma3_Sub080958A4
0x080959A0	thumb	sma3_Sub080959A0
0x080959E4	thumb	sma3_Sub080959E4
0x08095A0C	thumb	sma3_Sub08095A0C
0x08095A94	thumb	sma3_Sub08095A94
0x08095BA0	thumb	sma3_Sub08095BA0
0x08095BC0	thumb	sma3_Sub08095BC0
0x08095C00	thumb	sma3_Sub08095C00
0x08095C44	thumb	sma3_Sub08095C44
0x08095C70	thumb	sma3_Sub08095C70
0x08095D74	thumb	sma3_Sub08095D74
0x08095E20	thumb	sma3_Sub08095E20
0x08095FC4	thumb	sma3_Sub08095FC4
0x08096074	thumb	sma3_Sub08096074
0x080960B4	thumb	sma3_RelayBooGuy_Init
0x080962E4	thumb	sma3_RelayBooGuy105_Init
0x080962F0	thumb	sma3_RelayBooGuy106_Init
0x080962FC	thumb	sma3_Sub080962FC
0x08096634	thumb	sma3_Sub08096634
0x0809669C	thumb	sma3_Sub0809669C
0x080966E0	thumb	sma3_Sub080966E0
0x080967DC	thumb	sma3_Sub080967DC
0x08096908	thumb	sma3_Sub08096908
0x080969D8	thumb	sma3_Sub080969D8
0x08096A3C	thumb	sma3_Sub08096A3C
0x08096B58	thumb	sma3_Sub08096B58
0x08096C2C	thumb	sma3_RelayBooGuy_Main
0x08096C90	thumb	sma3_Sub08096C90
0x08096CC0	thumb	sma3_Sub08096CC0
0x08096D40	thumb	sma3_Sub08096D40
0x08096DA0	thumb	sma3_Sub08096DA0
0x08096E24	thumb	sma3_Sub08096E24
0x08096EB8	thumb	sma3_Sub08096EB8
0x08096FD0	thumb	sma3_Sub08096FD0
0x08096FFC	thumb	sma3_Sub08096FFC
0x08097140	thumb	sma3_Sub08097140
0x080971C4	thumb	sma3_Sub080971C4
0x08097324	thumb	sma3_Sub08097324
0x08097380	thumb	sma3_Sub08097380
0x0809749C	thumb	sma3_Sub0809749C
0x080974F0	thumb	sma3_Sub080974F0
0x080975F8	thumb	sma3_Sub080975F8
0x08097658	thumb	sma3_Sub08097658
0x08097664	thumb	sma3_Sub08097664
0x080976DC	thumb	sma3_Sub080976DC
0x08097764	thumb	sma3_Sub08097764
0x08097770	thumb	sma3_Sub08097770
0x0809789C	thumb	sma3_TrainShyGuy_Init
0x080978C0	thumb	sma3_Sub080978C0
0x080978FC	thumb	sma3_Sub080978FC
0x08097950	thumb	sma3_Sub08097950
0x08097A08	thumb	sma3_Sub08097A08
0x08097A60	thumb	sma3_Sub08097A60
0x08097B08	thumb	sma3_Sub08097B08
0x08097BC4	thumb	sma3_TrainShyGuy_Main
0x08097C14	thumb	sma3_Sub08097C14
0x08097CB0	thumb	sma3_Sub08097CB0
0x08097D2C	thumb	sma3_Sub08097D2C
0x08097DCC	thumb	sma3_Sub08097DCC
0x08097DFC	thumb	sma3_Sub08097DFC
0x08097E40	thumb	sma3_Sub08097E40
0x08097E84	thumb	sma3_Sub08097E84
0x08097F20	thumb	sma3_Sub08097F20
0x08097F5C	thumb	sma3_Sub08097F5C
0x08097F94	thumb	sma3_Sub08097F94
0x08097FEC	thumb	sma3_Sub08097FEC
0x0809804C	thumb	sma3_Sub0809804C
0x08098078	thumb	sma3_Sub08098078
0x08098140	thumb	sma3_Sub08098140
0x08098260	thumb	sma3_Sub08098260
0x08098304	thumb	sma3_Sub08098304
0x08098368	thumb	sma3_Sub08098368
0x08098384	thumb	sma3_Sub08098384
0x080983FC	thumb	sma3_Sub080983FC
0x08098528	thumb	sma3_Sub08098528
0x08098654	thumb	sma3_Sub08098654
0x080986A8	thumb	sma3_Sub080986A8
0x08098708	thumb	sma3_Sub08098708
0x080987D8	thumb	sma3_Sub080987D8
0x080987FC	thumb	sma3_Sub080987FC
0x08098850	thumb	sma3_Sub08098850
0x080988D0	thumb	sma3_Sub080988D0
0x0809890C	thumb	sma3_Sub0809890C
0x0809893C	thumb	sma3_Sub0809893C
0x080989A8	thumb	sma3_Sub080989A8
0x08098A38	thumb	sma3_Sub08098A38
0x08098A74	thumb	sma3_Sub08098A74
0x08098BC4	thumb	sma3_Sub08098BC4
0x08098C08	thumb	sma3_Sub08098C08
0x08098D6C	thumb	sma3_Sub08098D6C
0x08098D7C	thumb	sma3_Sub08098D7C
0x08098E24	thumb	sma3_Sub08098E24
0x08098ED0	thumb	sma3_Sub08098ED0
0x08098F58	thumb	sma3_Sub08098F58
0x08098FA4	thumb	sma3_Sub08098FA4
0x08098FC0	thumb	sma3_Sub08098FC0
0x08099118	thumb	sma3_Sub08099118
0x0809914C	thumb	sma3_Sub0809914C
0x0809922C	thumb	sma3_Sub0809922C
0x0809932C	thumb	sma3_Sub0809932C
0x08099430	thumb	sma3_Sub08099430
0x08099520	thumb	sma3_Sub08099520
0x08099688	thumb	sma3_Sub08099688
0x08099718	thumb	sma3_Sub08099718
0x08099800	thumb	sma3_Sub08099800
0x08099834	thumb	sma3_Sub08099834
0x080998DC	thumb	sma3_Sub080998DC
0x08099998	thumb	sma3_Sub08099998
0x080999E8	thumb	sma3_Sub080999E8
0x08099A08	thumb	sma3_Sub08099A08
0x08099A48	thumb	sma3_Sub08099A48
0x08099A9C	thumb	sma3_Sub08099A9C
0x08099AD4	thumb	sma3_Sub08099AD4
0x08099B0C	thumb	sma3_Sub08099B0C
0x08099B34	thumb	sma3_Sub08099B34
0x08099B50	thumb	sma3_Sub08099B50
0x08099B70	thumb	sma3_Sub08099B70
0x08099BD8	thumb	sma3_Sub08099BD8
0x08099C34	thumb	sma3_Sub08099C34
0x08099C78	thumb	sma3_Sub08099C78
0x08099D58	thumb	sma3_Sub08099D58
0x08099D74	thumb	sma3_Sub08099D74
0x08099D90	thumb	sma3_Sub08099D90
0x08099DD8	thumb	sma3_Sub08099DD8
0x08099E10	thumb	sma3_Sub08099E10
0x08099E54	thumb	sma3_Sub08099E54
0x08099E94	thumb	sma3_Sub08099E94
0x08099EBC	thumb	sma3_Sub08099EBC
0x08099EEC	thumb	sma3_Sub08099EEC
0x08099F98	thumb	sma3_Sub08099F98
0x08099FD8	thumb	sma3_Sub08099FD8
0x0809A02C	thumb	sma3_Sub0809A02C
0x0809A080	thumb	sma3_Sub0809A080
0x0809A15C	thumb	sma3_Sub0809A15C
0x0809A19C	thumb	sma3_Sub0809A19C
0x0809A200	thumb	sma3_Sub0809A200
0x0809A254	thumb	sma3_Sub0809A254
0x0809A2BC	thumb	sma3_Sub0809A2BC
0x0809A304	thumb	sma3_Sub0809A304
0x0809A398	thumb	sma3_Sub0809A398
0x0809A3F4	thumb	sma3_Sub0809A3F4
0x0809A470	thumb	sma3_Sub0809A470
0x0809A4E0	thumb	sma3_Sub0809A4E0
0x0809A514	thumb	sma3_Sub0809A514
0x0809A558	thumb	sma3_Sub0809A558
0x0809A5B0	thumb	sma3_Sub0809A5B0
0x0809A5E8	thumb	sma3_Sub0809A5E8
0x0809A6E4	thumb	sma3_Sub0809A6E4
0x0809A710	thumb	sma3_Sub0809A710
0x0809A7DC	thumb	sma3_Sub0809A7DC
0x0809A830	thumb	sma3_Sub0809A830
0x0809A870	thumb	sma3_Sub0809A870
0x0809A910	thumb	sma3_Sub0809A910
0x0809A984	thumb	sma3_Sub0809A984
0x0809A9FC	thumb	sma3_Sub0809A9FC
0x0809AA48	thumb	sma3_Sub0809AA48
0x0809AA94	thumb	sma3_Sub0809AA94
0x0809AC04	thumb	sma3_Sub0809AC04
0x0809AC5C	thumb	sma3_Sub0809AC5C
0x0809AD20	thumb	sma3_Sub0809AD20
0x0809AD40	thumb	sma3_Sub0809AD40
0x0809AD88	thumb	sma3_Sub0809AD88
0x0809AE1C	thumb	sma3_Sub0809AE1C
0x0809AF28	thumb	sma3_Sub0809AF28
0x0809AF58	thumb	sma3_Sub0809AF58
0x0809AF78	thumb	sma3_Sub0809AF78
0x0809AFA8	thumb	sma3_Sub0809AFA8
0x0809AFD0	thumb	sma3_Sub0809AFD0
0x0809B004	thumb	sma3_Sub0809B004
0x0809B048	thumb	sma3_Sub0809B048
0x0809B108	thumb	sma3_Sub0809B108
0x0809B1B8	thumb	sma3_Sub0809B1B8
0x0809B268	thumb	sma3_Sub0809B268
0x0809B284	thumb	sma3_Sub0809B284
0x0809B400	thumb	sma3_Sub0809B400
0x0809B458	thumb	sma3_Sub0809B458
0x0809B494	thumb	sma3_Sub0809B494
0x0809B534	thumb	sma3_Sub0809B534
0x0809B554	thumb	sma3_Sub0809B554
0x0809B57C	thumb	sma3_Sub0809B57C
0x0809B5D0	thumb	sma3_Sub0809B5D0
0x0809B5EC	thumb	sma3_Sub0809B5EC
0x0809B678	thumb	sma3_Sub0809B678
0x0809B6A8	thumb	sma3_Sub0809B6A8
0x0809B764	thumb	sma3_Sub0809B764
0x0809B800	thumb	sma3_Sub0809B800
0x0809B8A0	thumb	sma3_Sub0809B8A0
0x0809B90C	thumb	sma3_Sub0809B90C
0x0809B9D4	thumb	sma3_Sub0809B9D4
0x0809BA44	thumb	sma3_Sub0809BA44
0x0809BA68	thumb	sma3_Sub0809BA68
0x0809BAC0	thumb	sma3_Sub0809BAC0
0x0809BB1C	thumb	sma3_Sub0809BB1C
0x0809BB34	thumb	sma3_Sub0809BB34
0x0809BB44	thumb	sma3_Sub0809BB44
0x0809BB84	thumb	sma3_Sub0809BB84
0x0809BC6C	thumb	sma3_Sub0809BC6C
0x0809BC90	thumb	sma3_Sub0809BC90
0x0809BCC4	thumb	sma3_Sub0809BCC4
0x0809BE18	thumb	sma3_Sub0809BE18
0x0809BE48	thumb	sma3_Sub0809BE48
0x0809BE90	thumb	sma3_Sub0809BE90
0x0809BEC4	thumb	sma3_Sub0809BEC4
0x0809C01C	thumb	sma3_Sub0809C01C
0x0809C04C	thumb	sma3_Sub0809C04C
0x0809C084	thumb	sma3_Sub0809C084
0x0809C0F8	thumb	sma3_Sub0809C0F8
0x0809C15C	thumb	sma3_Sub0809C15C
0x0809C2D4	thumb	sma3_Sub0809C2D4
0x0809C31C	thumb	sma3_Sub0809C31C
0x0809C368	thumb	sma3_Sub0809C368
0x0809C40C	thumb	sma3_Sub0809C40C
0x0809C480	thumb	sma3_Sub0809C480
0x0809C508	thumb	sma3_Sub0809C508
0x0809C610	thumb	sma3_Sub0809C610
0x0809C6CC	thumb	sma3_Sub0809C6CC
0x0809C774	thumb	sma3_Sub0809C774
0x0809C800	thumb	sma3_Sub0809C800
0x0809C868	thumb	sma3_Sub0809C868
0x0809C8F8	thumb	sma3_Sub0809C8F8
0x0809C968	thumb	sma3_Sub0809C968
0x0809CA80	thumb	sma3_Sub0809CA80
0x0809CB3C	thumb	sma3_Sub0809CB3C
0x0809CC0C	thumb	sma3_Sub0809CC0C
0x0809CCB4	thumb	sma3_Sub0809CCB4
0x0809CD74	thumb	sma3_Sub0809CD74
0x0809CE50	thumb	sma3_Sub0809CE50
0x0809CE90	thumb	sma3_Sub0809CE90
0x0809CEE0	thumb	sma3_Sub0809CEE0
0x0809D048	thumb	sma3_Sub0809D048
0x0809D070	thumb	sma3_Sub0809D070
0x0809D0E4	thumb	sma3_Sub0809D0E4
0x0809D120	thumb	sma3_Sub0809D120
0x0809D1B8	thumb	sma3_Sub0809D1B8
0x0809D364	thumb	sma3_Sub0809D364
0x0809D3C8	thumb	sma3_Sub0809D3C8
0x0809D468	thumb	sma3_Sub0809D468
0x0809D570	thumb	sma3_Sub0809D570
0x0809D5F0	thumb	sma3_Sub0809D5F0
0x0809D66C	thumb	sma3_Sub0809D66C
0x0809D6E4	thumb	sma3_Sub0809D6E4
0x0809D77C	thumb	sma3_Sub0809D77C
0x0809D7D0	thumb	sma3_Sub0809D7D0
0x0809D860	thumb	sma3_Sub0809D860
0x0809D898	thumb	sma3_Sub0809D898
0x0809D948	thumb	sma3_Sub0809D948
0x0809DA44	thumb	sma3_Sub0809DA44
0x0809DB2C	thumb	sma3_Sub0809DB2C
0x0809DC28	thumb	sma3_Sub0809DC28
0x0809DC4C	thumb	sma3_Sub0809DC4C
0x0809DC70	thumb	sma3_Sub0809DC70
0x0809DCA0	thumb	sma3_Sub0809DCA0
0x0809DCC0	thumb	sma3_Sub0809DCC0
0x0809DCF0	thumb	sma3_Sub0809DCF0
0x0809DD74	thumb	sma3_Sub0809DD74
0x0809DE50	thumb	sma3_Sub0809DE50
0x0809DF4C	thumb	sma3_Sub0809DF4C
0x0809DFE4	thumb	sma3_Sub0809DFE4
0x0809E0C8	thumb	sma3_Sub0809E0C8
0x0809E184	thumb	sma3_Sub0809E184
0x0809E1E8	thumb	sma3_Sub0809E1E8
0x0809E25C	thumb	sma3_Sub0809E25C
0x0809E324	thumb	sma3_Sub0809E324
0x0809E380	thumb	sma3_Sub0809E380
0x0809E614	thumb	sma3_Sub0809E614
0x0809E6B0	thumb	sma3_Sub0809E6B0
0x0809E774	thumb	sma3_Sub0809E774
0x0809E8F4	thumb	sma3_Sub0809E8F4
0x0809E934	thumb	sma3_Sub0809E934
0x0809E984	thumb	sma3_Sub0809E984
0x0809E9F8	thumb	sma3_Sub0809E9F8
0x0809EA08	thumb	sma3_Sub0809EA08
0x0809EA38	thumb	sma3_Sub0809EA38
0x0809EA9C	thumb	sma3_Sub0809EA9C
0x0809EB48	thumb	sma3_Sub0809EB48
0x0809EB70	thumb	sma3_Sub0809EB70
0x0809ED44	thumb	sma3_Sub0809ED44
0x0809EDB8	thumb	sma3_Sub0809EDB8
0x0809EF54	thumb	sma3_Sub0809EF54
0x0809F084	thumb	sma3_Sub0809F084
0x0809F2E8	thumb	sma3_Sub0809F2E8
0x0809F4C0	thumb	sma3_Sub0809F4C0
0x0809F5C8	thumb	sma3_Sub0809F5C8
0x0809F704	thumb	sma3_Sub0809F704
0x0809F788	thumb	sma3_Sub0809F788
0x0809F7A8	thumb	sma3_Sub0809F7A8
0x0809F848	thumb	sma3_Sub0809F848
0x0809F8CC	thumb	sma3_Sub0809F8CC
0x0809F96C	thumb	sma3_Sub0809F96C
0x0809FA00	thumb	sma3_Sub0809FA00
0x0809FB44	thumb	sma3_Sub0809FB44
0x0809FC2C	thumb	sma3_Sub0809FC2C
0x0809FCD8	thumb	sma3_Sub0809FCD8
0x0809FD80	thumb	sma3_Sub0809FD80
0x0809FDCC	thumb	sma3_Sub0809FDCC
0x0809FE28	thumb	sma3_Sub0809FE28
0x0809FF5C	thumb	sma3_Sub0809FF5C
0x080A0028	thumb	sma3_Sub080A0028
0x080A0100	thumb	sma3_Sub080A0100
0x080A0254	thumb	sma3_Sub080A0254
0x080A02B0	thumb	sma3_Sub080A02B0
0x080A03C0	thumb	sma3_Sub080A03C0
0x080A0478	thumb	sma3_Sub080A0478
0x080A04F4	thumb	sma3_Sub080A04F4
0x080A058C	thumb	sma3_Sub080A058C
0x080A0690	thumb	sma3_Sub080A0690
0x080A06B0	thumb	sma3_Sub080A06B0
0x080A06D8	thumb	sma3_Sub080A06D8
0x080A081C	thumb	sma3_Sub080A081C
0x080A09BC	thumb	sma3_Sub080A09BC
0x080A0A2C	thumb	sma3_Sub080A0A2C
0x080A0AF8	thumb	sma3_Sub080A0AF8
0x080A0B74	thumb	sma3_Sub080A0B74
0x080A0BF8	thumb	sma3_Sub080A0BF8
0x080A0CA0	thumb	sma3_Sub080A0CA0
0x080A0CB8	thumb	sma3_Sub080A0CB8
0x080A0CD0	thumb	sma3_Sub080A0CD0
0x080A0D38	thumb	sma3_Sub080A0D38
0x080A0DD0	thumb	sma3_Sub080A0DD0
0x080A0E88	thumb	sma3_Sub080A0E88
0x080A0ED0	thumb	sma3_Sub080A0ED0
0x080A0F24	thumb	sma3_Sub080A0F24
0x080A0FC0	thumb	sma3_Sub080A0FC0
0x080A1010	thumb	sma3_Sub080A1010
0x080A1038	thumb	sma3_Sub080A1038
0x080A1128	thumb	sma3_Sub080A1128
0x080A11B4	thumb	sma3_Sub080A11B4
0x080A120C	thumb	sma3_Sub080A120C
0x080A1228	thumb	sma3_Sub080A1228
0x080A131C	thumb	sma3_Sub080A131C
0x080A1364	thumb	sma3_Sub080A1364
0x080A13C4	thumb	sma3_Sub080A13C4
0x080A13E8	thumb	sma3_Sub080A13E8
0x080A142C	thumb	sma3_Sub080A142C
0x080A14E0	thumb	sma3_Sub080A14E0
0x080A1588	thumb	sma3_Sub080A1588
0x080A1644	thumb	sma3_Sub080A1644
0x080A16D0	thumb	sma3_Sub080A16D0
0x080A1708	thumb	sma3_Sub080A1708
0x080A1764	thumb	sma3_Sub080A1764
0x080A1788	thumb	sma3_Sub080A1788
0x080A1844	thumb	sma3_Sub080A1844
0x080A186C	thumb	sma3_Sub080A186C
0x080A18F0	thumb	sma3_Sub080A18F0
0x080A1990	thumb	sma3_Sub080A1990
0x080A1A68	thumb	sma3_Sub080A1A68
0x080A1AC0	thumb	sma3_Sub080A1AC0
0x080A1B60	thumb	sma3_Sub080A1B60
0x080A1B74	thumb	sma3_Sub080A1B74
0x080A1BC0	thumb	sma3_Sub080A1BC0
0x080A1ECC	thumb	sma3_Sub080A1ECC
0x080A1F5C	thumb	sma3_Sub080A1F5C
0x080A1FE0	thumb	sma3_Sub080A1FE0
0x080A2120	thumb	sma3_Sub080A2120
0x080A21A0	thumb	sma3_Sub080A21A0
0x080A226C	thumb	sma3_Sub080A226C
0x080A22B8	thumb	sma3_Sub080A22B8
0x080A22F0	thumb	sma3_Sub080A22F0
0x080A2380	thumb	sma3_Sub080A2380
0x080A2420	thumb	sma3_Sub080A2420
0x080A245C	thumb	sma3_Sub080A245C
0x080A24AC	thumb	sma3_Sub080A24AC
0x080A2508	thumb	sma3_Sub080A2508
0x080A26FC	thumb	sma3_Sub080A26FC
0x080A2748	thumb	sma3_Sub080A2748
0x080A276C	thumb	sma3_Sub080A276C
0x080A2804	thumb	sma3_Sub080A2804
0x080A28E4	thumb	sma3_Sub080A28E4
0x080A2964	thumb	sma3_Sub080A2964
0x080A29FC	thumb	sma3_Sub080A29FC
0x080A2A68	thumb	sma3_Sub080A2A68
0x080A2ACC	thumb	sma3_Sub080A2ACC
0x080A2B48	thumb	sma3_Sub080A2B48
0x080A2BCC	thumb	sma3_Sub080A2BCC
0x080A2BF4	thumb	sma3_Sub080A2BF4
0x080A2CFC	thumb	sma3_Sub080A2CFC
0x080A2D30	thumb	sma3_Sub080A2D30
0x080A2EB4	thumb	sma3_Sub080A2EB4
0x080A3070	thumb	sma3_Sub080A3070
0x080A30BC	thumb	sma3_Sub080A30BC
0x080A30D4	thumb	sma3_Sub080A30D4
0x080A31F4	thumb	sma3_Sub080A31F4
0x080A3220	thumb	sma3_Sub080A3220
0x080A3278	thumb	sma3_Sub080A3278
0x080A32C0	thumb	sma3_Sub080A32C0
0x080A333C	thumb	sma3_Sub080A333C
0x080A3358	thumb	sma3_Sub080A3358
0x080A33BC	thumb	sma3_Sub080A33BC
0x080A3538	thumb	sma3_Sub080A3538
0x080A3794	thumb	sma3_Sub080A3794
0x080A39F8	thumb	sma3_Sub080A39F8
0x080A3AD4	thumb	sma3_Sub080A3AD4
0x080A3B50	thumb	sma3_Sub080A3B50
0x080A3B68	thumb	sma3_Sub080A3B68
0x080A3BC8	thumb	sma3_Sub080A3BC8
0x080A3C9C	thumb	sma3_Sub080A3C9C
0x080A3D58	thumb	sma3_Sub080A3D58
0x080A3DE0	thumb	sma3_Sub080A3DE0
0x080A3E30	thumb	sma3_Sub080A3E30
0x080A3E74	thumb	sma3_Sub080A3E74
0x080A3EC4	thumb	sma3_Sub080A3EC4
0x080A403C	thumb	sma3_Sub080A403C
0x080A4114	thumb	sma3_Sub080A4114
0x080A425C	thumb	sma3_Sub080A425C
0x080A4294	thumb	sma3_Sub080A4294
0x080A42D8	thumb	sma3_Sub080A42D8
0x080A43F8	thumb	sma3_Sub080A43F8
0x080A4438	thumb	sma3_Sub080A4438
0x080A4494	thumb	sma3_Sub080A4494
0x080A44A0	thumb	sma3_Sub080A44A0
0x080A459C	thumb	sma3_Sub080A459C
0x080A4644	thumb	sma3_Sub080A4644
0x080A46C0	thumb	sma3_MiddleRing_SaveCheckpointData
0x080A48B4	thumb	sma3_MiddleRing_Init
0x080A48D0	thumb	sma3_Sub080A48D0
0x080A4918	thumb	sma3_Sub080A4918
0x080A49C4	thumb	sma3_Sub080A49C4
0x080A4A88	thumb	sma3_Sub080A4A88
0x080A4B70	thumb	sma3_MiddleRing_Main
0x080A4C14	thumb	sma3_Sub080A4C14
0x080A4CD0	thumb	sma3_Sub080A4CD0
0x080A4D4C	thumb	sma3_Sub080A4D4C
0x080A4D84	thumb	sma3_Sub080A4D84
0x080A4DF8	thumb	sma3_Sub080A4DF8
0x080A4E28	thumb	sma3_Sub080A4E28
0x080A4E54	thumb	sma3_Sub080A4E54
0x080A4F00	thumb	sma3_Sub080A4F00
0x080A4F50	thumb	sma3_Sub080A4F50
0x080A4F90	thumb	sma3_Sub080A4F90
0x080A4FCC	thumb	sma3_Sub080A4FCC
0x080A4FF8	thumb	sma3_Sub080A4FF8
0x080A5020	thumb	sma3_Sub080A5020
0x080A509C	thumb	sma3_Sub080A509C
0x080A5114	thumb	sma3_Sub080A5114
0x080A5138	thumb	sma3_Sub080A5138
0x080A5268	thumb	sma3_Sub080A5268
0x080A5288	thumb	sma3_Sub080A5288
0x080A52B4	thumb	sma3_Sub080A52B4
0x080A5300	thumb	sma3_Sub080A5300
0x080A5360	thumb	sma3_Sub080A5360
0x080A547C	thumb	sma3_Sub080A547C
0x080A54A8	thumb	sma3_Sub080A54A8
0x080A54CC	thumb	sma3_Sub080A54CC
0x080A5500	thumb	sma3_CameraYLockContact_Init
0x080A55D8	thumb	sma3_CameraYLockContact_Main
0x080A5798	thumb	sma3_CameraYLockRange_Main
0x080A5D64	thumb	sma3_Sub080A5D64
0x080A5DE0	thumb	sma3_CameraYDownLimiter_Init
0x080A5EEC	thumb	sma3_CameraYDownLimiter_Main
0x080A63FC	thumb	sma3_Sub080A63FC
0x080A646C	thumb	sma3_Sub080A646C
0x080A65B0	thumb	sma3_Sub080A65B0
0x080A65B8	thumb	sma3_Sub080A65B8
0x080A676C	thumb	sma3_Sub080A676C
0x080A6784	thumb	sma3_Sub080A6784
0x080A67D0	thumb	sma3_Sub080A67D0
0x080A680C	thumb	sma3_Sub080A680C
0x080A6A54	thumb	sma3_Sub080A6A54
0x080A6A90	thumb	sma3_Sub080A6A90
0x080A6B7C	thumb	sma3_Sub080A6B7C
0x080A6BE8	thumb	sma3_Sub080A6BE8
0x080A6C74	thumb	sma3_Sub080A6C74
0x080A6D50	thumb	sma3_Sub080A6D50
0x080A6DBC	thumb	sma3_Sub080A6DBC
0x080A6E50	thumb	sma3_Sub080A6E50
0x080A6E8C	thumb	sma3_Sub080A6E8C
0x080A6EC4	thumb	sma3_Sub080A6EC4
0x080A6F3C	thumb	sma3_Sub080A6F3C
0x080A71BC	thumb	sma3_Sub080A71BC
0x080A7228	thumb	sma3_Sub080A7228
0x080A7250	thumb	sma3_Sub080A7250
0x080A7324	thumb	sma3_Sub080A7324
0x080A7378	thumb	sma3_Sub080A7378
0x080A73C0	thumb	sma3_Sub080A73C0
0x080A7414	thumb	sma3_Sub080A7414
0x080A744C	thumb	sma3_Sub080A744C
0x080A7460	thumb	sma3_Sub080A7460
0x080A749C	thumb	sma3_Sub080A749C
0x080A7528	thumb	sma3_Sub080A7528
0x080A75BC	thumb	sma3_Sub080A75BC
0x080A7664	thumb	sma3_Sub080A7664
0x080A7694	thumb	sma3_Sub080A7694
0x080A76D4	thumb	sma3_Sub080A76D4
0x080A7714	thumb	sma3_Sub080A7714
0x080A77D8	thumb	sma3_Sub080A77D8
0x080A7868	thumb	sma3_Sub080A7868
0x080A790C	thumb	sma3_Sub080A790C
0x080A7968	thumb	sma3_Sub080A7968
0x080A7984	thumb	sma3_Sub080A7984
0x080A79BC	thumb	sma3_Sub080A79BC
0x080A7A48	thumb	sma3_Sub080A7A48
0x080A7AAC	thumb	sma3_Sub080A7AAC
0x080A7B34	thumb	sma3_Sub080A7B34
0x080A7B98	thumb	sma3_Sub080A7B98
0x080A7C10	thumb	sma3_Sub080A7C10
0x080A7C5C	thumb	sma3_Sub080A7C5C
0x080A7C74	thumb	sma3_Sub080A7C74
0x080A7D4C	thumb	sma3_Sub080A7D4C
0x080A7E1C	thumb	sma3_Sub080A7E1C
0x080A7E70	thumb	sma3_Sub080A7E70
0x080A7E9C	thumb	sma3_Sub080A7E9C
0x080A7EEC	thumb	sma3_Sub080A7EEC
0x080A7FA0	thumb	sma3_Sub080A7FA0
0x080A8060	thumb	sma3_Sub080A8060
0x080A8074	thumb	sma3_Sub080A8074
0x080A80BC	thumb	sma3_Sub080A80BC
0x080A811C	thumb	sma3_Sub080A811C
0x080A8148	thumb	sma3_Sub080A8148
0x080A8174	thumb	sma3_Sub080A8174
0x080A81C0	thumb	sma3_Sub080A81C0
0x080A8258	thumb	sma3_Sub080A8258
0x080A82E4	thumb	sma3_Sub080A82E4
0x080A831C	thumb	sma3_Sub080A831C
0x080A8348	thumb	sma3_Sub080A8348
0x080A838C	thumb	sma3_Sub080A838C
0x080A83DC	thumb	sma3_Sub080A83DC
0x080A83F8	thumb	sma3_Sub080A83F8
0x080A8428	thumb	sma3_Sub080A8428
0x080A84BC	thumb	sma3_Sub080A84BC
0x080A84FC	thumb	sma3_Sub080A84FC
0x080A8558	thumb	sma3_Sub080A8558
0x080A85B4	thumb	sma3_Sub080A85B4
0x080A8634	thumb	sma3_Sub080A8634
0x080A86F4	thumb	sma3_Sub080A86F4
0x080A8770	thumb	sma3_Sub080A8770
0x080A87F4	thumb	sma3_Sub080A87F4
0x080A8914	thumb	sma3_Sub080A8914
0x080A89C4	thumb	sma3_Sub080A89C4
0x080A8A18	thumb	sma3_Sub080A8A18
0x080A8A80	thumb	sma3_Sub080A8A80
0x080A8B04	thumb	sma3_Sub080A8B04
0x080A8B3C	thumb	sma3_Sub080A8B3C
0x080A8D18	thumb	sma3_Sub080A8D18
0x080A8D94	thumb	sma3_Sub080A8D94
0x080A8E34	thumb	sma3_Sub080A8E34
0x080A8E40	thumb	sma3_Sub080A8E40
0x080A8E90	thumb	sma3_Sub080A8E90
0x080A8EE8	thumb	sma3_Sub080A8EE8
0x080A8F24	thumb	sma3_Sub080A8F24
0x080A8F78	thumb	sma3_Sub080A8F78
0x080A8F94	thumb	sma3_Sub080A8F94
0x080A8FEC	thumb	sma3_Sub080A8FEC
0x080A9198	thumb	sma3_Sub080A9198
0x080A9248	thumb	sma3_Sub080A9248
0x080A92D4	thumb	sma3_Sub080A92D4
0x080A9434	thumb	sma3_Sub080A9434
0x080A94F0	thumb	sma3_Sub080A94F0
0x080A9574	thumb	sma3_Return080A9574
0x080A9578	thumb	sma3_Sub080A9578
0x080A96B8	thumb	sma3_Sub080A96B8
0x080A9888	thumb	sma3_Sub080A9888
0x080A98B0	thumb	sma3_Sub080A98B0
0x080A98E8	thumb	sma3_Sub080A98E8
0x080A9914	thumb	sma3_Sub080A9914
0x080A9958	thumb	sma3_Sub080A9958
0x080A999C	thumb	sma3_Sub080A999C
0x080A9A18	thumb	sma3_Sub080A9A18
0x080A9A60	thumb	sma3_Sub080A9A60
0x080A9AC0	thumb	sma3_Sub080A9AC0
0x080A9AF8	thumb	sma3_Sub080A9AF8
0x080A9B24	thumb	sma3_Sub080A9B24
0x080A9B40	thumb	sma3_Sub080A9B40
0x080A9B7C	thumb	sma3_Sub080A9B7C
0x080A9CB4	thumb	sma3_Sub080A9CB4
0x080A9D40	thumb	sma3_Sub080A9D40
0x080A9D50	thumb	sma3_Sub080A9D50
0x080A9E10	thumb	sma3_Sub080A9E10
0x080A9EA4	thumb	sma3_Sub080A9EA4
0x080AA008	thumb	sma3_Sub080AA008
0x080AA024	thumb	sma3_Sub080AA024
0x080AA0E8	thumb	sma3_Sub080AA0E8
0x080AA2D8	thumb	sma3_Sub080AA2D8
0x080AA304	thumb	sma3_Sub080AA304
0x080AA32C	thumb	sma3_Sub080AA32C
0x080AA380	thumb	sma3_Sub080AA380
0x080AA47C	thumb	sma3_Sub080AA47C
0x080AA54C	thumb	sma3_Sub080AA54C
0x080AA57C	thumb	sma3_Sub080AA57C
0x080AA60C	thumb	sma3_Sub080AA60C
0x080AA648	thumb	sma3_Sub080AA648
0x080AA6AC	thumb	sma3_Sub080AA6AC
0x080AA6FC	thumb	sma3_Sub080AA6FC
0x080AA718	thumb	sma3_Sub080AA718
0x080AA728	thumb	sma3_Sub080AA728
0x080AA758	thumb	sma3_Sub080AA758
0x080AA814	thumb	sma3_Sub080AA814
0x080AA81C	thumb	sma3_Sub080AA81C
0x080AA880	thumb	sma3_Sub080AA880
0x080AA8A4	thumb	sma3_Sub080AA8A4
0x080AA8D4	thumb	sma3_Sub080AA8D4
0x080AA8FC	thumb	sma3_Sub080AA8FC
0x080AA9F4	thumb	sma3_Sub080AA9F4
0x080AAB94	thumb	sma3_Sub080AAB94
0x080AABEC	thumb	sma3_Sub080AABEC
0x080AACA8	thumb	sma3_Sub080AACA8
0x080AACF4	thumb	sma3_Sub080AACF4
0x080AAD70	thumb	sma3_Sub080AAD70
0x080AAD8C	thumb	sma3_Sub080AAD8C
0x080AADA8	thumb	sma3_Sub080AADA8
0x080AADD4	thumb	sma3_Sub080AADD4
0x080AAE14	thumb	sma3_Sub080AAE14
0x080AAE4C	thumb	sma3_Sub080AAE4C
0x080AAF64	thumb	sma3_Sub080AAF64
0x080AAFD8	thumb	sma3_Sub080AAFD8
0x080AB014	thumb	sma3_Sub080AB014
0x080AB078	thumb	sma3_Sub080AB078
0x080AB0A4	thumb	sma3_Sub080AB0A4
0x080AB0D4	thumb	sma3_Sub080AB0D4
0x080AB0F4	thumb	sma3_Sub080AB0F4
0x080AB130	thumb	sma3_Sub080AB130
0x080AB158	thumb	sma3_Sub080AB158
0x080AB1D0	thumb	sma3_Sub080AB1D0
0x080AB230	thumb	sma3_Sub080AB230
0x080AB2C4	thumb	sma3_Sub080AB2C4
0x080AB350	thumb	sma3_Sub080AB350
0x080AB380	thumb	sma3_Sub080AB380
0x080AB3AC	thumb	sma3_Sub080AB3AC
0x080AB3D8	thumb	sma3_Sub080AB3D8
0x080AB404	thumb	sma3_Sub080AB404
0x080AB464	thumb	sma3_Sub080AB464
0x080AB4C4	thumb	sma3_Sub080AB4C4
0x080AB4E4	thumb	sma3_Sub080AB4E4
0x080AB504	thumb	sma3_Sub080AB504
0x080AB550	thumb	sma3_Sub080AB550
0x080AB624	thumb	sma3_Sub080AB624
0x080AB648	thumb	sma3_Sub080AB648
0x080AB680	thumb	sma3_Sub080AB680
0x080AB6E0	thumb	sma3_Sub080AB6E0
0x080AB718	thumb	sma3_Sub080AB718
0x080AB7AC	thumb	sma3_Sub080AB7AC
0x080AB834	thumb	sma3_Sub080AB834
0x080AB864	thumb	sma3_Sub080AB864
0x080AB8A8	thumb	sma3_Sub080AB8A8
0x080AB924	thumb	sma3_Sub080AB924
0x080AB954	thumb	sma3_Sub080AB954
0x080AB970	thumb	sma3_Sub080AB970
0x080ABA88	thumb	sma3_Sub080ABA88
0x080ABB2C	thumb	sma3_Sub080ABB2C
0x080ABBA0	thumb	sma3_Sub080ABBA0
0x080ABC2C	thumb	sma3_Sub080ABC2C
0x080ABCA0	thumb	sma3_Sub080ABCA0
0x080ABCE8	thumb	sma3_Sub080ABCE8
0x080ABDD8	thumb	sma3_Sub080ABDD8
0x080ABDF0	thumb	sma3_Sub080ABDF0
0x080ABE60	thumb	sma3_Sub080ABE60
0x080ABF30	thumb	sma3_Sub080ABF30
0x080ABF4C	thumb	sma3_Sub080ABF4C
0x080ABF68	thumb	sma3_Sub080ABF68
0x080ABF88	thumb	sma3_Sub080ABF88
0x080ABFB8	thumb	sma3_Sub080ABFB8
0x080ABFF0	thumb	sma3_Sub080ABFF0
0x080AC010	thumb	sma3_Sub080AC010
0x080AC02C	thumb	sma3_Sub080AC02C
0x080AC048	thumb	sma3_Sub080AC048
0x080AC068	thumb	sma3_Sub080AC068
0x080AC158	thumb	sma3_Sub080AC158
0x080AC1E4	thumb	sma3_Sub080AC1E4
0x080AC270	thumb	sma3_Sub080AC270
0x080AC2C8	thumb	sma3_Sub080AC2C8
0x080AC328	thumb	sma3_Sub080AC328
0x080AC390	thumb	sma3_Sub080AC390
0x080AC404	thumb	sma3_Sub080AC404
0x080AC474	thumb	sma3_Sub080AC474
0x080AC4EC	thumb	sma3_Sub080AC4EC
0x080AC55C	thumb	sma3_Sub080AC55C
0x080AC628	thumb	sma3_Sub080AC628
0x080AC644	thumb	sma3_Sub080AC644
0x080AC66C	thumb	sma3_Sub080AC66C
0x080AC810	thumb	sma3_Sub080AC810
0x080AC858	thumb	sma3_Sub080AC858
0x080AC874	thumb	sma3_Sub080AC874
0x080AC8E0	thumb	sma3_Sub080AC8E0
0x080AC90C	thumb	sma3_Sub080AC90C
0x080AC9B0	thumb	sma3_Sub080AC9B0
0x080ACA54	thumb	sma3_Sub080ACA54
0x080ACAF8	thumb	sma3_Sub080ACAF8
0x080ACB38	thumb	sma3_Sub080ACB38
0x080ACB4C	thumb	sma3_Sub080ACB4C
0x080ACBDC	thumb	sma3_Sub080ACBDC
0x080ACC84	thumb	sma3_Sub080ACC84
0x080ACCDC	thumb	sma3_Sub080ACCDC
0x080ACCEC	thumb	sma3_Sub080ACCEC
0x080ACD44	thumb	sma3_Sub080ACD44
0x080ACD9C	thumb	sma3_Sub080ACD9C
0x080ACF2C	thumb	sma3_Sub080ACF2C
0x080ACFA0	thumb	sma3_Sub080ACFA0
0x080AD014	thumb	sma3_Sub080AD014
0x080AD068	thumb	sma3_Sub080AD068
0x080AD0BC	thumb	sma3_Sub080AD0BC
0x080AD158	thumb	sma3_Sub080AD158
0x080AD17C	thumb	sma3_Sub080AD17C
0x080AD1A8	thumb	sma3_Sub080AD1A8
0x080AD26C	thumb	sma3_Sub080AD26C
0x080AD29C	thumb	sma3_Sub080AD29C
0x080AD394	thumb	sma3_Sub080AD394
0x080AD490	thumb	sma3_Sub080AD490
0x080AD544	thumb	sma3_Sub080AD544
0x080AD78C	thumb	sma3_Sub080AD78C
0x080AD864	thumb	sma3_Sub080AD864
0x080AD908	thumb	sma3_Sub080AD908
0x080AD938	thumb	sma3_Sub080AD938
0x080AD9DC	thumb	sma3_Sub080AD9DC
0x080ADA08	thumb	sma3_Sub080ADA08
0x080ADAC8	thumb	sma3_Sub080ADAC8
0x080ADC40	thumb	sma3_Sub080ADC40
0x080ADCB0	thumb	sma3_Sub080ADCB0
0x080ADD1C	thumb	sma3_Sub080ADD1C
0x080ADD38	thumb	sma3_Sub080ADD38
0x080ADD80	thumb	sma3_Sub080ADD80
0x080ADDEC	thumb	sma3_Sub080ADDEC
0x080ADEB8	thumb	sma3_Sub080ADEB8
0x080ADF30	thumb	sma3_Sub080ADF30
0x080ADF84	thumb	sma3_Sub080ADF84
0x080AE034	thumb	sma3_Sub080AE034
0x080AE150	thumb	sma3_Sub080AE150
0x080AE15C	thumb	sma3_Sub080AE15C
0x080AE190	thumb	sma3_Sub080AE190
0x080AE1FC	thumb	sma3_Sub080AE1FC
0x080AE22C	thumb	sma3_Sub080AE22C
0x080AE254	thumb	sma3_Sub080AE254
0x080AE354	thumb	sma3_Sub080AE354
0x080AE3D0	thumb	sma3_Sub080AE3D0
0x080AE45C	thumb	sma3_Sub080AE45C
0x080AE498	thumb	sma3_Sub080AE498
0x080AE4E8	thumb	sma3_Sub080AE4E8
0x080AE548	thumb	sma3_Sub080AE548
0x080AE5D4	thumb	sma3_Sub080AE5D4
0x080AE6C4	thumb	sma3_Sub080AE6C4
0x080AE6EC	thumb	sma3_Sub080AE6EC
0x080AE75C	thumb	sma3_Sub080AE75C
0x080AE7D0	thumb	sma3_Sub080AE7D0
0x080AE8FC	thumb	sma3_Sub080AE8FC
0x080AE918	thumb	sma3_Sub080AE918
0x080AE998	thumb	sma3_Sub080AE998
0x080AE9B4	thumb	sma3_Sub080AE9B4
0x080AE9F8	thumb	sma3_Sub080AE9F8
0x080AEA14	thumb	sma3_Sub080AEA14
0x080AEA68	thumb	sma3_Sub080AEA68
0x080AEB24	thumb	sma3_Sub080AEB24
0x080AEBA0	thumb	sma3_Sub080AEBA0
0x080AEBD4	thumb	sma3_Sub080AEBD4
0x080AEC1C	thumb	sma3_Sub080AEC1C
0x080AECCC	thumb	sma3_Sub080AECCC
0x080AED38	thumb	sma3_Sub080AED38
0x080AEE08	thumb	sma3_Return080AEE08
0x080AEE0C	thumb	sma3_Sub080AEE0C
0x080AEE1C	thumb	sma3_Sub080AEE1C
0x080AEFE0	thumb	sma3_Sub080AEFE0
0x080AF158	thumb	sma3_Sub080AF158
0x080AF248	thumb	sma3_Sub080AF248
0x080AF380	thumb	sma3_Return080AF380
0x080AF384	thumb	sma3_Sub080AF384
0x080AF6C0	thumb	sma3_Sub080AF6C0
0x080AF720	thumb	sma3_Sub080AF720
0x080AF734	thumb	sma3_Sub080AF734
0x080AF76C	thumb	sma3_Sub080AF76C
0x080AF854	thumb	sma3_Sub080AF854
0x080AF87C	thumb	sma3_Sub080AF87C
0x080AFA2C	thumb	sma3_Sub080AFA2C
0x080AFACC	thumb	sma3_Sub080AFACC
0x080AFB38	thumb	sma3_Sub080AFB38
0x080AFC40	thumb	sma3_Sub080AFC40
0x080AFC50	thumb	sma3_Sub080AFC50
0x080AFD44	thumb	sma3_PottedGhostShyGuy_Init
0x080AFE14	thumb	sma3_PottedGhostShyGuy_Main
0x080AFE4C	thumb	sma3_Sub080AFE4C
0x080AFE8C	thumb	sma3_Sub080AFE8C
0x080AFEA8	thumb	sma3_Sub080AFEA8
0x080AFF54	thumb	sma3_Sub080AFF54
0x080AFFCC	thumb	sma3_Sub080AFFCC
0x080B0024	thumb	sma3_Sub080B0024
0x080B0138	thumb	sma3_Sub080B0138
0x080B0178	thumb	sma3_Sub080B0178
0x080B01B8	thumb	sma3_Sub080B01B8
0x080B01F8	thumb	sma3_Sub080B01F8
0x080B02B4	thumb	sma3_Sub080B02B4
0x080B0374	thumb	sma3_Sub080B0374
0x080B0398	thumb	sma3_Sub080B0398
0x080B0418	thumb	sma3_Sub080B0418
0x080B0484	thumb	sma3_Sub080B0484
0x080B04AC	thumb	sma3_Sub080B04AC
0x080B04C8	thumb	sma3_Sub080B04C8
0x080B0518	thumb	sma3_Sub080B0518
0x080B0584	thumb	sma3_Sub080B0584
0x080B05A0	thumb	sma3_Sub080B05A0
0x080B05C4	thumb	sma3_Sub080B05C4
0x080B05F8	thumb	sma3_Sub080B05F8
0x080B0668	thumb	sma3_Sub080B0668
0x080B0818	thumb	sma3_Sub080B0818
0x080B0A08	thumb	sma3_Sub080B0A08
0x080B0A1C	thumb	sma3_Sub080B0A1C
0x080B0C30	thumb	sma3_Sub080B0C30
0x080B0CA4	thumb	sma3_Sub080B0CA4
0x080B0D4C	thumb	sma3_Sub080B0D4C
0x080B0D64	thumb	sma3_Sub080B0D64
0x080B0D80	thumb	sma3_Sub080B0D80
0x080B0DB4	thumb	sma3_Sub080B0DB4
0x080B0E24	thumb	sma3_Sub080B0E24
0x080B0EE8	thumb	sma3_Sub080B0EE8
0x080B0F38	thumb	sma3_Sub080B0F38
0x080B10F8	thumb	sma3_Sub080B10F8
0x080B1284	thumb	sma3_Sub080B1284
0x080B129C	thumb	sma3_Sub080B129C
0x080B12AC	thumb	sma3_Sub080B12AC
0x080B12D0	thumb	sma3_Sub080B12D0
0x080B12E0	thumb	sma3_Sub080B12E0
0x080B139C	thumb	sma3_Sub080B139C
0x080B13CC	thumb	sma3_Sub080B13CC
0x080B16C0	thumb	sma3_Sub080B16C0
0x080B17E0	thumb	sma3_Sub080B17E0
0x080B17FC	thumb	sma3_Sub080B17FC
0x080B1838	thumb	sma3_Sub080B1838
0x080B18AC	thumb	sma3_Sub080B18AC
0x080B18C4	thumb	sma3_Sub080B18C4
0x080B18E0	thumb	sma3_Sub080B18E0
0x080B190C	thumb	sma3_Sub080B190C
0x080B1930	thumb	sma3_Sub080B1930
0x080B1980	thumb	sma3_Sub080B1980
0x080B19C0	thumb	sma3_Sub080B19C0
0x080B19E0	thumb	sma3_Sub080B19E0
0x080B1A00	thumb	sma3_Sub080B1A00
0x080B1A20	thumb	sma3_Sub080B1A20
0x080B1A3C	thumb	sma3_Return080B1A3C
0x080B1A40	thumb	sma3_Sub080B1A40
0x080B1AD4	thumb	sma3_Return080B1AD4
0x080B1AD8	thumb	sma3_Sub080B1AD8
0x080B1B34	thumb	sma3_Sub080B1B34
0x080B1B54	thumb	sma3_Sub080B1B54
0x080B1B80	thumb	sma3_Sub080B1B80
0x080B1B8C	thumb	sma3_Sub080B1B8C
0x080B1BAC	thumb	sma3_Sub080B1BAC
0x080B1BBC	thumb	sma3_Sub080B1BBC
0x080B1C54	thumb	sma3_Sub080B1C54
0x080B1CB4	thumb	sma3_Sub080B1CB4
0x080B1CCC	thumb	sma3_Sub080B1CCC
0x080B1CF4	thumb	sma3_Sub080B1CF4
0x080B1D00	thumb	sma3_Sub080B1D00
0x080B1DA4	thumb	sma3_Sub080B1DA4
0x080B1E30	thumb	sma3_Sub080B1E30
0x080B1E44	thumb	sma3_Sub080B1E44
0x080B1E78	thumb	sma3_Sub080B1E78
0x080B1F08	thumb	sma3_Sub080B1F08
0x080B1F40	thumb	sma3_Sub080B1F40
0x080B1FAC	thumb	sma3_Sub080B1FAC
0x080B202C	thumb	sma3_Sub080B202C
0x080B205C	thumb	sma3_Sub080B205C
0x080B209C	thumb	sma3_Sub080B209C
0x080B20D4	thumb	sma3_Sub080B20D4
0x080B2160	thumb	sma3_Sub080B2160
0x080B21DC	thumb	sma3_Sub080B21DC
0x080B22C0	thumb	sma3_Sub080B22C0
0x080B2368	thumb	sma3_Sub080B2368
0x080B2390	thumb	sma3_Sub080B2390
0x080B23E8	thumb	sma3_Sub080B23E8
0x080B2424	thumb	sma3_Sub080B2424
0x080B2468	thumb	sma3_Sub080B2468
0x080B24B8	thumb	sma3_Sub080B24B8
0x080B2650	thumb	sma3_Sub080B2650
0x080B2678	thumb	sma3_Sub080B2678
0x080B2930	thumb	sma3_Sub080B2930
0x080B2A88	thumb	sma3_Sub080B2A88
0x080B2BCC	thumb	sma3_Sub080B2BCC
0x080B2D0C	thumb	sma3_Sub080B2D0C
0x080B2D50	thumb	sma3_Sub080B2D50
0x080B2D7C	thumb	sma3_Sub080B2D7C
0x080B2DC0	thumb	sma3_Sub080B2DC0
0x080B2E4C	thumb	sma3_Sub080B2E4C
0x080B2E98	thumb	sma3_Sub080B2E98
0x080B2EEC	thumb	sma3_Sub080B2EEC
0x080B2F44	thumb	sma3_Sub080B2F44
0x080B2F9C	thumb	sma3_Sub080B2F9C
0x080B303C	thumb	sma3_Sub080B303C
0x080B3068	thumb	sma3_Sub080B3068
0x080B30EC	thumb	sma3_Sub080B30EC
0x080B3144	thumb	sma3_Sub080B3144
0x080B3240	thumb	sma3_Sub080B3240
0x080B32F0	thumb	sma3_Sub080B32F0
0x080B3358	thumb	sma3_Sub080B3358
0x080B33A4	thumb	sma3_Sub080B33A4
0x080B33CC	thumb	sma3_Sub080B33CC
0x080B3590	thumb	sma3_Sub080B3590
0x080B365C	thumb	sma3_Sub080B365C
0x080B36D0	thumb	sma3_Sub080B36D0
0x080B3740	thumb	sma3_Sub080B3740
0x080B3764	thumb	sma3_Sub080B3764
0x080B3858	thumb	sma3_Sub080B3858
0x080B38F4	thumb	sma3_Sub080B38F4
0x080B395C	thumb	sma3_Sub080B395C
0x080B3ACC	thumb	sma3_Sub080B3ACC
0x080B3B58	thumb	sma3_Sub080B3B58
0x080B3CB4	thumb	sma3_Sub080B3CB4
0x080B3D2C	thumb	sma3_Sub080B3D2C
0x080B3E34	thumb	sma3_Sub080B3E34
0x080B3EA0	thumb	sma3_Sub080B3EA0
0x080B3EF0	thumb	sma3_Sub080B3EF0
0x080B3F20	thumb	sma3_Sub080B3F20
0x080B3F7C	thumb	sma3_Sub080B3F7C
0x080B3FC0	thumb	sma3_Sub080B3FC0
0x080B40E4	thumb	sma3_Sub080B40E4
0x080B4174	thumb	sma3_Sub080B4174
0x080B4224	thumb	sma3_Sub080B4224
0x080B42A0	thumb	sma3_Sub080B42A0
0x080B42CC	thumb	sma3_Sub080B42CC
0x080B4384	thumb	sma3_Sub080B4384
0x080B4398	thumb	sma3_Sub080B4398
0x080B43C8	thumb	sma3_Sub080B43C8
0x080B44E4	thumb	sma3_Sub080B44E4
0x080B452C	thumb	sma3_Sub080B452C
0x080B45A8	thumb	sma3_Sub080B45A8
0x080B4664	thumb	sma3_Sub080B4664
0x080B47D4	thumb	sma3_Sub080B47D4
0x080B4838	thumb	sma3_Sub080B4838
0x080B4918	thumb	sma3_Sub080B4918
0x080B49C8	thumb	sma3_Sub080B49C8
0x080B4A8C	thumb	sma3_Sub080B4A8C
0x080B4AF0	thumb	sma3_Sub080B4AF0
0x080B4B54	thumb	sma3_Sub080B4B54
0x080B4DB8	thumb	sma3_Sub080B4DB8
0x080B4E7C	thumb	sma3_Sub080B4E7C
0x080B4F4C	thumb	sma3_Sub080B4F4C
0x080B4FB0	thumb	sma3_Sub080B4FB0
0x080B5038	thumb	sma3_Sub080B5038
0x080B5090	thumb	sma3_Sub080B5090
0x080B50D0	thumb	sma3_Sub080B50D0
0x080B5160	thumb	sma3_Sub080B5160
0x080B51EC	thumb	sma3_Sub080B51EC
0x080B52D0	thumb	sma3_Sub080B52D0
0x080B536C	thumb	sma3_Sub080B536C
0x080B545C	thumb	sma3_Sub080B545C
0x080B547C	thumb	sma3_Sub080B547C
0x080B548C	thumb	sma3_Sub080B548C
0x080B54F4	thumb	sma3_Sub080B54F4
0x080B55C0	thumb	sma3_Return080B55C0
0x080B55C4	thumb	sma3_GiantEggBowser_Main
0x080B5894	thumb	sma3_Sub080B5894
0x080B58EC	thumb	sma3_Sub080B58EC
0x080B5904	thumb	sma3_Sub080B5904
0x080B5A04	thumb	sma3_Sub080B5A04
0x080B5BE8	thumb	sma3_Sub080B5BE8
0x080B5CBC	thumb	sma3_Sub080B5CBC
0x080B5D1C	thumb	sma3_Sub080B5D1C
0x080B5D4C	thumb	sma3_Sub080B5D4C
0x080B5E9C	thumb	sma3_Sub080B5E9C
0x080B5FF8	thumb	sma3_Sub080B5FF8
0x080B618C	thumb	sma3_Sub080B618C
0x080B6244	thumb	sma3_Sub080B6244
0x080B6398	thumb	sma3_Sub080B6398
0x080B6430	thumb	sma3_Sub080B6430
0x080B64A4	thumb	sma3_Sub080B64A4
0x080B6618	thumb	sma3_Sub080B6618
0x080B66B0	thumb	sma3_Sub080B66B0
0x080B66D4	thumb	sma3_Sub080B66D4
0x080B6778	thumb	sma3_Sub080B6778
0x080B6990	thumb	sma3_Sub080B6990
0x080B69C8	thumb	sma3_Sub080B69C8
0x080B6A90	thumb	sma3_Sub080B6A90
0x080B6B9C	thumb	sma3_Sub080B6B9C
0x080B6C10	thumb	sma3_Sub080B6C10
0x080B6C5C	thumb	sma3_Sub080B6C5C
0x080B6CC0	thumb	sma3_Sub080B6CC0
0x080B6DF4	thumb	sma3_Sub080B6DF4
0x080B6E88	thumb	sma3_Sub080B6E88
0x080B6FB0	thumb	sma3_Sub080B6FB0
0x080B70E4	thumb	sma3_Sub080B70E4
0x080B7158	thumb	sma3_Sub080B7158
0x080B71AC	thumb	sma3_Sub080B71AC
0x080B72B0	thumb	sma3_Sub080B72B0
0x080B73C4	thumb	sma3_Sub080B73C4
0x080B73E0	thumb	sma3_Sub080B73E0
0x080B740C	thumb	sma3_Sub080B740C
0x080B752C	thumb	sma3_Sub080B752C
0x080B7600	thumb	sma3_Sub080B7600
0x080B77B4	thumb	sma3_Sub080B77B4
0x080B7844	thumb	sma3_Sub080B7844
0x080B7A98	thumb	sma3_Sub080B7A98
0x080B7BF0	thumb	sma3_Sub080B7BF0
0x080B7D14	thumb	sma3_Sub080B7D14
0x080B7DB4	thumb	sma3_Sub080B7DB4
0x080B7E9C	thumb	sma3_Sub080B7E9C
0x080B8044	thumb	sma3_Sub080B8044
0x080B81D0	thumb	sma3_Sub080B81D0
0x080B8340	thumb	sma3_Sub080B8340
0x080B839C	thumb	sma3_Sub080B839C
0x080B849C	thumb	sma3_Sub080B849C
0x080B858C	thumb	sma3_Sub080B858C
0x080B88CC	thumb	sma3_Sub080B88CC
0x080B8A8C	thumb	sma3_Sub080B8A8C
0x080B8BD4	thumb	sma3_Sub080B8BD4
0x080B8E98	thumb	sma3_Sub080B8E98
0x080B9008	thumb	sma3_Sub080B9008
0x080B91CC	thumb	sma3_Sub080B91CC
0x080B91EC	thumb	sma3_Sub080B91EC
0x080B92BC	thumb	sma3_Sub080B92BC
0x080B92E0	thumb	sma3_Sub080B92E0
0x080B9308	thumb	sma3_Return080B9308
0x080B930C	thumb	sma3_Sub080B930C
0x080B93C0	thumb	sma3_Sub080B93C0
0x080B94C8	thumb	sma3_Sub080B94C8
0x080B94F8	thumb	sma3_Sub080B94F8
0x080B956C	thumb	sma3_Sub080B956C
0x080B95BC	thumb	sma3_Sub080B95BC
0x080B9700	thumb	sma3_Sub080B9700
0x080B9798	thumb	sma3_Sub080B9798
0x080B97C4	thumb	sma3_Sub080B97C4
0x080B980C	thumb	sma3_Sub080B980C
0x080B9878	thumb	sma3_Sub080B9878
0x080B9924	thumb	sma3_Sub080B9924
0x080B9930	thumb	sma3_Sub080B9930
0x080B993C	thumb	sma3_Sub080B993C
0x080B99B4	thumb	sma3_Sub080B99B4
0x080B9A1C	thumb	sma3_Sub080B9A1C
0x080B9A74	thumb	sma3_Sub080B9A74
0x080B9AD8	thumb	sma3_Sub080B9AD8
0x080B9CA8	thumb	sma3_Sub080B9CA8
0x080B9D80	thumb	sma3_Sub080B9D80
0x080B9DA0	thumb	sma3_Sub080B9DA0
0x080B9F48	thumb	sma3_Sub080B9F48
0x080BA02C	thumb	sma3_Sub080BA02C
0x080BA0F0	thumb	sma3_Sub080BA0F0
0x080BA17C	thumb	sma3_Sub080BA17C
0x080BA204	thumb	sma3_Sub080BA204
0x080BA290	thumb	sma3_Sub080BA290
0x080BA374	thumb	sma3_Sub080BA374
0x080BA3E0	thumb	sma3_Sub080BA3E0
0x080BA460	thumb	sma3_Sub080BA460
0x080BA638	thumb	sma3_Sub080BA638
0x080BA858	thumb	sma3_Sub080BA858
0x080BA910	thumb	sma3_Sub080BA910
0x080BA9B8	thumb	sma3_Sub080BA9B8
0x080BAB54	thumb	sma3_Sub080BAB54
0x080BAC70	thumb	sma3_Sub080BAC70
0x080BAF1C	thumb	sma3_Sub080BAF1C
0x080BAF60	thumb	sma3_Sub080BAF60
0x080BAF80	thumb	sma3_Sub080BAF80
0x080BB428	thumb	sma3_Sub080BB428
0x080BB438	thumb	sma3_Sub080BB438
0x080BB444	thumb	sma3_Sub080BB444
0x080BB4AC	thumb	sma3_Sub080BB4AC
0x080BB568	thumb	sma3_Sub080BB568
0x080BB668	thumb	sma3_Sub080BB668
0x080BB690	thumb	sma3_Sub080BB690
0x080BB700	thumb	sma3_Sub080BB700
0x080BB73C	thumb	sma3_Sub080BB73C
0x080BB7D4	thumb	sma3_Sub080BB7D4
0x080BB8EC	thumb	sma3_Sub080BB8EC
0x080BB9A4	thumb	sma3_Sub080BB9A4
0x080BBCFC	thumb	sma3_Sub080BBCFC
0x080BBD9C	thumb	sma3_Sub080BBD9C
0x080BBE24	thumb	sma3_Sub080BBE24
0x080BBFC8	thumb	sma3_Sub080BBFC8
0x080BC00C	thumb	sma3_Sub080BC00C
0x080BC094	thumb	sma3_Sub080BC094
0x080BC150	thumb	sma3_Sub080BC150
0x080BC190	thumb	sma3_SlimeDrop_Init
0x080BC198	thumb	sma3_SlimeDrop_Main
0x080BC258	thumb	sma3_Sub080BC258
0x080BC328	thumb	sma3_Sub080BC328
0x080BC37C	thumb	sma3_Sub080BC37C
0x080BC42C	thumb	sma3_Sub080BC42C
0x080BC478	thumb	sma3_Sub080BC478
0x080BC540	thumb	sma3_Sub080BC540
0x080BC5EC	thumb	sma3_Sub080BC5EC
0x080BC670	thumb	sma3_Sub080BC670
0x080BC704	thumb	sma3_Sub080BC704
0x080BC784	thumb	sma3_Sub080BC784
0x080BC7C4	thumb	sma3_SalvoTheSlime_Init
0x080BC804	thumb	sma3_Sub080BC804
0x080BC8A4	thumb	sma3_Sub080BC8A4
0x080BC974	thumb	sma3_Sub080BC974
0x080BC9A4	thumb	sma3_Sub080BC9A4
0x080BC9CC	thumb	sma3_Sub080BC9CC
0x080BC9D8	thumb	sma3_Sub080BC9D8
0x080BCA00	thumb	sma3_Sub080BCA00
0x080BCA28	thumb	sma3_Sub080BCA28
0x080BCA68	thumb	sma3_Sub080BCA68
0x080BCBE0	thumb	sma3_Sub080BCBE0
0x080BCBF8	thumb	sma3_BlockSlime_Init
0x080BCE64	thumb	sma3_Sub080BCE64
0x080BCEAC	thumb	sma3_Sub080BCEAC
0x080BCF2C	thumb	sma3_SalvoBlockSlime_Main
0x080BD030	thumb	sma3_Sub080BD030
0x080BD328	thumb	sma3_Sub080BD328
0x080BD334	thumb	sma3_Sub080BD334
0x080BD418	thumb	sma3_Sub080BD418
0x080BD484	thumb	sma3_Sub080BD484
0x080BD720	thumb	sma3_Sub080BD720
0x080BD828	thumb	sma3_Sub080BD828
0x080BD8E4	thumb	sma3_BossDefeat_080BD8E4
0x080BD920	thumb	sma3_Sub080BD920
0x080BD9C0	thumb	sma3_Sub080BD9C0
0x080BD9E4	thumb	sma3_Sub080BD9E4
0x080BDB7C	thumb	sma3_Sub080BDB7C
0x080BDC74	thumb	sma3_Sub080BDC74
0x080BDD04	thumb	sma3_Sub080BDD04
0x080BDD78	thumb	sma3_Sub080BDD78
0x080BDDB8	thumb	sma3_Sub080BDDB8
0x080BDE28	thumb	sma3_Sub080BDE28
0x080BDE9C	thumb	sma3_Sub080BDE9C
0x080BDF88	thumb	sma3_Sub080BDF88
0x080BE194	thumb	sma3_Sub080BE194
0x080BE1D8	thumb	sma3_Sub080BE1D8
0x080BE51C	thumb	sma3_Sub080BE51C
0x080BE57C	thumb	sma3_Sub080BE57C
0x080BE64C	thumb	sma3_Sub080BE64C
0x080BE67C	thumb	sma3_Sub080BE67C
0x080BE6B0	thumb	sma3_Sub080BE6B0
0x080BE90C	thumb	sma3_Sub080BE90C
0x080BE928	thumb	sma3_SealBossRoom_Main
0x080BE9D8	thumb	sma3_Sub080BE9D8
0x080BE9F0	thumb	sma3_Sub080BE9F0
0x080BEACC	thumb	sma3_Sub080BEACC
0x080BEB70	thumb	sma3_Sub080BEB70
0x080BEB9C	thumb	sma3_Sub080BEB9C
0x080BEBBC	thumb	sma3_Sub080BEBBC
0x080BECFC	thumb	sma3_Sub080BECFC
0x080BEE24	thumb	sma3_Sub080BEE24
0x080BEF48	thumb	sma3_Sub080BEF48
0x080BF010	thumb	sma3_Sub080BF010
0x080BF190	thumb	sma3_Sub080BF190
0x080BF1EC	thumb	sma3_Sub080BF1EC
0x080BF294	thumb	sma3_Sub080BF294
0x080BF2A0	thumb	sma3_Sub080BF2A0
0x080BF2C0	thumb	sma3_Sub080BF2C0
0x080BF368	thumb	sma3_Sub080BF368
0x080BF4F8	thumb	sma3_Sub080BF4F8
0x080BF52C	thumb	sma3_KamekOHMY_Main
0x080BF58C	thumb	sma3_Sub080BF58C
0x080BF5DC	thumb	sma3_Sub080BF5DC
0x080BF640	thumb	sma3_Sub080BF640
0x080BF67C	thumb	sma3_Sub080BF67C
0x080BF714	thumb	sma3_KamekEnlarge_Init
0x080BF7A8	thumb	sma3_KamekEnlarge_Main
0x080BF7D8	thumb	sma3_Sub080BF7D8
0x080BF884	thumb	sma3_Sub080BF884
0x080BF894	thumb	sma3_LoadBossPalette
0x080BF8FC	thumb	sma3_Sub080BF8FC
0x080BFA5C	thumb	sma3_Sub080BFA5C
0x080BFAD4	thumb	sma3_Sub080BFAD4
0x080BFB48	thumb	sma3_Sub080BFB48
0x080BFBE0	thumb	sma3_Sub080BFBE0
0x080BFC40	thumb	sma3_Sub080BFC40
0x080BFCB0	thumb	sma3_Sub080BFCB0
0x080BFCEC	thumb	sma3_Sub080BFCEC
0x080BFED8	thumb	sma3_Return080BFED8
0x080BFEDC	thumb	sma3_Return080BFEDC
0x080BFEE0	thumb	sma3_Return080BFEE0
0x080BFEE4	thumb	sma3_Return080BFEE4
0x080BFEE8	thumb	sma3_Sub080BFEE8
0x080C0018	thumb	sma3_Sub080C0018
0x080C00C4	thumb	sma3_Sub080C00C4
0x080C02B0	thumb	sma3_Sub080C02B0
0x080C03DC	thumb	sma3_Sub080C03DC
0x080C042C	thumb	sma3_Sub080C042C
0x080C04B8	thumb	sma3_Sub080C04B8
0x080C04FC	thumb	sma3_Sub080C04FC
0x080C0530	thumb	sma3_Sub080C0530
0x080C05CC	thumb	sma3_Sub080C05CC
0x080C0694	thumb	sma3_Sub080C0694
0x080C06EC	thumb	sma3_Sub080C06EC
0x080C0770	thumb	sma3_Sub080C0770
0x080C085C	thumb	sma3_Sub080C085C
0x080C08D0	thumb	sma3_Sub080C08D0
0x080C08F4	thumb	sma3_Sub080C08F4
0x080C0954	thumb	sma3_Sub080C0954
0x080C0A98	thumb	sma3_Sub080C0A98
0x080C0BFC	thumb	sma3_Sub080C0BFC
0x080C0CC8	thumb	sma3_Sub080C0CC8
0x080C0D80	thumb	sma3_Sub080C0D80
0x080C0E7C	thumb	sma3_Sub080C0E7C
0x080C0F24	thumb	sma3_Sub080C0F24
0x080C1064	thumb	sma3_Sub080C1064
0x080C1198	thumb	sma3_BurtTheBashful_Init
0x080C1228	thumb	sma3_Sub080C1228
0x080C129C	thumb	sma3_Sub080C129C
0x080C12C0	thumb	sma3_Sub080C12C0
0x080C12E4	thumb	sma3_Sub080C12E4
0x080C1378	thumb	sma3_Sub080C1378
0x080C1408	thumb	sma3_Sub080C1408
0x080C14C8	thumb	sma3_Return080C14C8
0x080C14CC	thumb	sma3_Sub080C14CC
0x080C1520	thumb	sma3_Sub080C1520
0x080C1564	thumb	sma3_Sub080C1564
0x080C1594	thumb	sma3_Sub080C1594
0x080C15BC	thumb	sma3_Sub080C15BC
0x080C1620	thumb	sma3_Sub080C1620
0x080C16E4	thumb	sma3_Sub080C16E4
0x080C1770	thumb	sma3_Sub080C1770
0x080C1800	thumb	sma3_Sub080C1800
0x080C1894	thumb	sma3_Sub080C1894
0x080C18B4	thumb	sma3_Sub080C18B4
0x080C1900	thumb	sma3_Sub080C1900
0x080C196C	thumb	sma3_Sub080C196C
0x080C19C8	thumb	sma3_Sub080C19C8
0x080C1A24	thumb	sma3_Sub080C1A24
0x080C1A70	thumb	sma3_Sub080C1A70
0x080C1AB0	thumb	sma3_Sub080C1AB0
0x080C1B10	thumb	sma3_Sub080C1B10
0x080C1B98	thumb	sma3_Sub080C1B98
0x080C1C00	thumb	sma3_Sub080C1C00
0x080C1D08	thumb	sma3_Sub080C1D08
0x080C1D78	thumb	sma3_Sub080C1D78
0x080C1DD4	thumb	sma3_Sub080C1DD4
0x080C1E70	thumb	sma3_Sub080C1E70
0x080C1EC4	thumb	sma3_Sub080C1EC4
0x080C1F5C	thumb	sma3_Sub080C1F5C
0x080C1F78	thumb	sma3_Sub080C1F78
0x080C1FA8	thumb	sma3_Sub080C1FA8
0x080C1FD0	thumb	sma3_Sub080C1FD0
0x080C200C	thumb	sma3_Sub080C200C
0x080C2034	thumb	sma3_Sub080C2034
0x080C2058	thumb	sma3_Sub080C2058
0x080C2098	thumb	sma3_Sub080C2098
0x080C20F8	thumb	sma3_Sub080C20F8
0x080C2138	thumb	sma3_Sub080C2138
0x080C21C8	thumb	sma3_Sub080C21C8
0x080C223C	thumb	sma3_Sub080C223C
0x080C2298	thumb	sma3_Sub080C2298
0x080C2338	thumb	sma3_Sub080C2338
0x080C2464	thumb	sma3_Sub080C2464
0x080C2478	thumb	sma3_BurtTheBashful_Main
0x080C257C	thumb	sma3_Sub080C257C
0x080C2CCC	thumb	sma3_Sub080C2CCC
0x080C2DC0	thumb	sma3_Sub080C2DC0
0x080C2F80	thumb	sma3_Sub080C2F80
0x080C2FF0	thumb	sma3_BiggerBoo_Init
0x080C3030	thumb	sma3_BiggerBoo_Main
0x080C30F0	thumb	sma3_Sub080C30F0
0x080C316C	thumb	sma3_Sub080C316C
0x080C328C	thumb	sma3_Sub080C328C
0x080C3370	thumb	sma3_Sub080C3370
0x080C3438	thumb	sma3_Sub080C3438
0x080C360C	thumb	sma3_Sub080C360C
0x080C36C4	thumb	sma3_Sub080C36C4
0x080C36E4	thumb	sma3_Sub080C36E4
0x080C3790	thumb	sma3_Sub080C3790
0x080C37C8	thumb	sma3_Sub080C37C8
0x080C3810	thumb	sma3_Sub080C3810
0x080C3878	thumb	sma3_Sub080C3878
0x080C38D0	thumb	sma3_Sub080C38D0
0x080C39A8	thumb	sma3_Sub080C39A8
0x080C3A10	thumb	sma3_Sub080C3A10
0x080C3A4C	thumb	sma3_Sub080C3A4C
0x080C3A74	thumb	sma3_Sub080C3A74
0x080C3BF0	thumb	sma3_Sub080C3BF0
0x080C3C0C	thumb	sma3_Sub080C3C0C
0x080C3C70	thumb	sma3_Sub080C3C70
0x080C3CAC	thumb	sma3_Sub080C3CAC
0x080C3E28	thumb	sma3_Sub080C3E28
0x080C3E80	thumb	sma3_Sub080C3E80
0x080C3F5C	thumb	sma3_Sub080C3F5C
0x080C3F8C	thumb	sma3_Sub080C3F8C
0x080C3FF4	thumb	sma3_Sub080C3FF4
0x080C41E8	thumb	sma3_Sub080C41E8
0x080C4270	thumb	sma3_Sprite12E_Main
0x080C43C0	thumb	sma3_PottedGhost034_Init
0x080C44AC	thumb	sma3_Sub080C44AC
0x080C44B8	thumb	sma3_PottedGhost034_Main
0x080C46A0	thumb	sma3_PottedGhost035_Main
0x080C47D0	thumb	sma3_Sub080C47D0
0x080C48A8	thumb	sma3_Sub080C48A8
0x080C49C4	thumb	sma3_Sub080C49C4
0x080C4AD8	thumb	sma3_Sub080C4AD8
0x080C4B50	thumb	sma3_Sub080C4B50
0x080C4BAC	thumb	sma3_Sub080C4BAC
0x080C4C2C	thumb	sma3_Sub080C4C2C
0x080C4C94	thumb	sma3_Return080C4C94
0x080C4C98	thumb	sma3_Sub080C4C98
0x080C4DF0	thumb	sma3_Sub080C4DF0
0x080C50C8	thumb	sma3_Sub080C50C8
0x080C5164	thumb	sma3_Sub080C5164
0x080C51D4	thumb	sma3_Sub080C51D4
0x080C520C	thumb	sma3_Sub080C520C
0x080C5274	thumb	sma3_Sub080C5274
0x080C52D4	thumb	sma3_StomachAcid_Main
0x080C5398	thumb	sma3_Sub080C5398
0x080C53F0	thumb	sma3_Sub080C53F0
0x080C5498	thumb	sma3_Sub080C5498
0x080C54EC	thumb	sma3_Sub080C54EC
0x080C5590	thumb	sma3_PrinceFroggy_Init
0x080C575C	thumb	sma3_Sub080C575C
0x080C5930	thumb	sma3_Sub080C5930
0x080C5A9C	thumb	sma3_Sub080C5A9C
0x080C5AEC	thumb	sma3_Sub080C5AEC
0x080C5BA0	thumb	sma3_Sub080C5BA0
0x080C5C44	thumb	sma3_Sub080C5C44
0x080C5D00	thumb	sma3_Sub080C5D00
0x080C5F0C	thumb	sma3_Sub080C5F0C
0x080C5F2C	thumb	sma3_Sub080C5F2C
0x080C605C	thumb	sma3_Return080C605C
0x080C6060	thumb	sma3_Sub080C6060
0x080C60E8	thumb	sma3_Sub080C60E8
0x080C61FC	thumb	sma3_Sub080C61FC
0x080C62F8	thumb	sma3_PrinceFroggy_Main
0x080C6374	thumb	sma3_NavalPiranha_Init
0x080C64FC	thumb	sma3_NavalPiranha_Main
0x080C6604	thumb	sma3_Sub080C6604
0x080C6668	thumb	sma3_Sub080C6668
0x080C6940	thumb	sma3_Sub080C6940
0x080C69AC	thumb	sma3_Sub080C69AC
0x080C6BA8	thumb	sma3_Sub080C6BA8
0x080C6E7C	thumb	sma3_Sub080C6E7C
0x080C6F08	thumb	sma3_Sub080C6F08
0x080C6F4C	thumb	sma3_Sub080C6F4C
0x080C6FCC	thumb	sma3_Sub080C6FCC
0x080C7090	thumb	sma3_Sub080C7090
0x080C70D8	thumb	sma3_Sub080C70D8
0x080C72D4	thumb	sma3_Sub080C72D4
0x080C73FC	thumb	sma3_Sub080C73FC
0x080C7438	thumb	sma3_Sub080C7438
0x080C75D0	thumb	sma3_Sub080C75D0
0x080C75E0	thumb	sma3_Sub080C75E0
0x080C7674	thumb	sma3_Sub080C7674
0x080C7724	thumb	sma3_Sub080C7724
0x080C7734	thumb	sma3_Sub080C7734
0x080C7768	thumb	sma3_Sub080C7768
0x080C78D4	thumb	sma3_Sub080C78D4
0x080C78F8	thumb	sma3_Sub080C78F8
0x080C7978	thumb	sma3_Sub080C7978
0x080C7AC8	thumb	sma3_Sub080C7AC8
0x080C7AE0	thumb	sma3_Sub080C7AE0
0x080C7B34	thumb	sma3_Sub080C7B34
0x080C7BC0	thumb	sma3_Sub080C7BC0
0x080C7C74	thumb	sma3_Sub080C7C74
0x080C7CA8	thumb	sma3_Sub080C7CA8
0x080C7D28	thumb	sma3_Sub080C7D28
0x080C7D5C	thumb	sma3_Sub080C7D5C
0x080C7DA8	thumb	sma3_Sub080C7DA8
0x080C7DF8	thumb	sma3_Sub080C7DF8
0x080C7EAC	thumb	sma3_Sub080C7EAC
0x080C7F5C	thumb	sma3_Sub080C7F5C
0x080C8058	thumb	sma3_Sub080C8058
0x080C80B8	thumb	sma3_Sub080C80B8
0x080C8160	thumb	sma3_Sub080C8160
0x080C828C	thumb	sma3_Sub080C828C
0x080C82C8	thumb	sma3_Sub080C82C8
0x080C837C	thumb	sma3_Sub080C837C
0x080C83B8	thumb	sma3_NavalPiranhaVineVert_Main
0x080C843C	thumb	sma3_Sub080C843C
0x080C846C	thumb	sma3_Sub080C846C
0x080C850C	thumb	sma3_Sub080C850C
0x080C8578	thumb	sma3_Sub080C8578
0x080C858C	thumb	sma3_Sub080C858C
0x080C85B8	thumb	sma3_Sub080C85B8
0x080C8618	thumb	sma3_Sub080C8618
0x080C8644	thumb	sma3_Sub080C8644
0x080C86CC	thumb	sma3_Sub080C86CC
0x080C8890	thumb	sma3_Sub080C8890
0x080C88D4	thumb	sma3_Sub080C88D4
0x080C89A4	thumb	sma3_Sub080C89A4
0x080C8A34	thumb	sma3_Sub080C8A34
0x080C8B28	thumb	sma3_Sub080C8B28
0x080C8B7C	thumb	sma3_Sub080C8B7C
0x080C8BEC	thumb	sma3_Sub080C8BEC
0x080C8C54	thumb	sma3_Sub080C8C54
0x080C8D00	thumb	sma3_Sub080C8D00
0x080C8DA4	thumb	sma3_Sub080C8DA4
0x080C8DD0	thumb	sma3_Sub080C8DD0
0x080C8E9C	thumb	sma3_NavalPiranhaVineCurved_Main
0x080C8FE4	thumb	sma3_Sub080C8FE4
0x080C9044	thumb	sma3_Sub080C9044
0x080C9068	thumb	sma3_Sub080C9068
0x080C908C	thumb	sma3_Sub080C908C
0x080C90C0	thumb	sma3_Sub080C90C0
0x080C9104	thumb	sma3_Sub080C9104
0x080C91AC	thumb	sma3_Sub080C91AC
0x080C92BC	thumb	sma3_Sub080C92BC
0x080C9320	thumb	sma3_Sub080C9320
0x080C9384	thumb	sma3_Sub080C9384
0x080C9450	thumb	sma3_Sub080C9450
0x080C9554	thumb	sma3_Sub080C9554
0x080C9584	thumb	sma3_Sub080C9584
0x080C9598	thumb	sma3_Sub080C9598
0x080C95B4	thumb	sma3_Sub080C95B4
0x080C9658	thumb	sma3_Sub080C9658
0x080C9668	thumb	sma3_Sub080C9668
0x080C9678	thumb	sma3_Sub080C9678
0x080C9688	thumb	sma3_MarchingMilde_Init
0x080C96C0	thumb	sma3_Sub080C96C0
0x080C9704	thumb	sma3_Sub080C9704
0x080C978C	thumb	sma3_Sub080C978C
0x080C9830	thumb	sma3_Sub080C9830
0x080C9860	thumb	sma3_Sub080C9860
0x080C9884	thumb	sma3_Sub080C9884
0x080C9968	thumb	sma3_Sub080C9968
0x080C9ADC	thumb	sma3_Sub080C9ADC
0x080C9BC4	thumb	sma3_Sub080C9BC4
0x080C9BF0	thumb	sma3_Sub080C9BF0
0x080C9C74	thumb	sma3_Sub080C9C74
0x080C9CA8	thumb	sma3_Sub080C9CA8
0x080C9CD4	thumb	sma3_Sub080C9CD4
0x080C9D28	thumb	sma3_Sub080C9D28
0x080C9DBC	thumb	sma3_Sub080C9DBC
0x080C9E18	thumb	sma3_Sub080C9E18
0x080C9EC0	thumb	sma3_Sub080C9EC0
0x080C9F10	thumb	sma3_Sub080C9F10
0x080C9F50	thumb	sma3_Sub080C9F50
0x080C9FB8	thumb	sma3_Sub080C9FB8
0x080C9FF0	thumb	sma3_Sub080C9FF0
0x080CA028	thumb	sma3_Sub080CA028
0x080CA094	thumb	sma3_Sub080CA094
0x080CA0EC	thumb	sma3_Sub080CA0EC
0x080CA174	thumb	sma3_Sub080CA174
0x080CA1D8	thumb	sma3_Sub080CA1D8
0x080CA228	thumb	sma3_Sub080CA228
0x080CA374	thumb	sma3_Sub080CA374
0x080CA3C0	thumb	sma3_Sub080CA3C0
0x080CA44C	thumb	sma3_MarchingMilde_Main
0x080CA46C	thumb	sma3_Sub080CA46C
0x080CA500	thumb	sma3_Sub080CA500
0x080CA89C	thumb	sma3_Sub080CA89C
0x080CA9A4	thumb	sma3_Sub080CA9A4
0x080CAA0C	thumb	sma3_Sub080CAA0C
0x080CAA38	thumb	sma3_Sub080CAA38
0x080CAA68	thumb	sma3_Sub080CAA68
0x080CAAA0	thumb	sma3_Sub080CAAA0
0x080CABBC	thumb	sma3_Sub080CABBC
0x080CAC48	thumb	sma3_Sub080CAC48
0x080CAC98	thumb	sma3_Sub080CAC98
0x080CACC4	thumb	sma3_Sub080CACC4
0x080CAD14	thumb	sma3_Sub080CAD14
0x080CAD28	thumb	sma3_Sub080CAD28
0x080CAD40	thumb	sma3_Milde1x1_Init
0x080CAD70	thumb	sma3_Sub080CAD70
0x080CAE40	thumb	sma3_Sub080CAE40
0x080CAED4	thumb	sma3_Sub080CAED4
0x080CAF24	thumb	sma3_Sub080CAF24
0x080CB04C	thumb	sma3_Sub080CB04C
0x080CB128	thumb	sma3_Milde1x1_Main
0x080CB1B8	thumb	sma3_Sub080CB1B8
0x080CB328	thumb	sma3_Sub080CB328
0x080CB334	thumb	sma3_Sub080CB334
0x080CB438	thumb	sma3_Sub080CB438
0x080CB53C	thumb	sma3_Sub080CB53C
0x080CB558	thumb	sma3_Sub080CB558
0x080CB5CC	thumb	sma3_Sub080CB5CC
0x080CB5DC	thumb	sma3_Sub080CB5DC
0x080CB660	thumb	sma3_Sub080CB660
0x080CB698	thumb	sma3_Sub080CB698
0x080CB6F8	thumb	sma3_Sub080CB6F8
0x080CB784	thumb	sma3_Milde2x2_Main
0x080CB814	thumb	sma3_Milde4x4_Init
0x080CB830	thumb	sma3_Sub080CB830
0x080CBACC	thumb	sma3_Sub080CBACC
0x080CBADC	thumb	sma3_Sub080CBADC
0x080CBC34	thumb	sma3_Sub080CBC34
0x080CBC90	thumb	sma3_Sub080CBC90
0x080CBCF0	thumb	sma3_Sub080CBCF0
0x080CBD2C	thumb	sma3_Sub080CBD2C
0x080CBE14	thumb	sma3_Sub080CBE14
0x080CBF00	thumb	sma3_Milde4x4_Main
0x080CBF6C	thumb	sma3_Sub080CBF6C
0x080CBFC0	thumb	sma3_Sub080CBFC0
0x080CBFF4	thumb	sma3_Sub080CBFF4
0x080CC088	thumb	sma3_Sub080CC088
0x080CC1BC	thumb	sma3_Sub080CC1BC
0x080CC214	thumb	sma3_Sub080CC214
0x080CC320	thumb	sma3_Sub080CC320
0x080CC3D4	thumb	sma3_Sub080CC3D4
0x080CC3E0	thumb	sma3_Sub080CC3E0
0x080CC3EC	thumb	sma3_Return080CC3EC
0x080CC3F0	thumb	sma3_Sub080CC3F0
0x080CC488	thumb	sma3_Sub080CC488
0x080CC564	thumb	sma3_Hookbill_Init
0x080CC5BC	thumb	sma3_Sub080CC5BC
0x080CC6DC	thumb	sma3_Sub080CC6DC
0x080CC7B0	thumb	sma3_Sub080CC7B0
0x080CC800	thumb	sma3_Sub080CC800
0x080CC840	thumb	sma3_Sub080CC840
0x080CC928	thumb	sma3_Sub080CC928
0x080CC994	thumb	sma3_Sub080CC994
0x080CCA10	thumb	sma3_Sub080CCA10
0x080CCA34	thumb	sma3_Sub080CCA34
0x080CCAC8	thumb	sma3_Sub080CCAC8
0x080CCB64	thumb	sma3_Sub080CCB64
0x080CCB94	thumb	sma3_Sub080CCB94
0x080CCBBC	thumb	sma3_Sub080CCBBC
0x080CCBDC	thumb	sma3_Sub080CCBDC
0x080CCC14	thumb	sma3_Sub080CCC14
0x080CCC3C	thumb	sma3_Sub080CCC3C
0x080CCC54	thumb	sma3_Sub080CCC54
0x080CCC74	thumb	sma3_Sub080CCC74
0x080CCD60	thumb	sma3_Sub080CCD60
0x080CCD84	thumb	sma3_Sub080CCD84
0x080CCDB8	thumb	sma3_Sub080CCDB8
0x080CCFDC	thumb	sma3_Sub080CCFDC
0x080CD05C	thumb	sma3_Sub080CD05C
0x080CD098	thumb	sma3_Sub080CD098
0x080CD10C	thumb	sma3_Sub080CD10C
0x080CD170	thumb	sma3_Sub080CD170
0x080CD190	thumb	sma3_Sub080CD190
0x080CD208	thumb	sma3_Sub080CD208
0x080CD228	thumb	sma3_Sub080CD228
0x080CD258	thumb	sma3_Sub080CD258
0x080CD2C4	thumb	sma3_Sub080CD2C4
0x080CD304	thumb	sma3_Sub080CD304
0x080CD368	thumb	sma3_Sub080CD368
0x080CD3A4	thumb	sma3_Sub080CD3A4
0x080CD3C4	thumb	sma3_Sub080CD3C4
0x080CD43C	thumb	sma3_Sub080CD43C
0x080CD468	thumb	sma3_Sub080CD468
0x080CD4E8	thumb	sma3_Sub080CD4E8
0x080CD528	thumb	sma3_Sub080CD528
0x080CD5BC	thumb	sma3_Sub080CD5BC
0x080CD604	thumb	sma3_Sub080CD604
0x080CD688	thumb	sma3_Sub080CD688
0x080CD6F4	thumb	sma3_Return080CD6F4
0x080CD6F8	thumb	sma3_Sub080CD6F8
0x080CD77C	thumb	sma3_Sub080CD77C
0x080CD860	thumb	sma3_Sub080CD860
0x080CD950	thumb	sma3_Sub080CD950
0x080CD9F8	thumb	sma3_Sub080CD9F8
0x080CDA68	thumb	sma3_Sub080CDA68
0x080CDB20	thumb	sma3_Sub080CDB20
0x080CDB74	thumb	sma3_Sub080CDB74
0x080CDBA0	thumb	sma3_Sub080CDBA0
0x080CDBFC	thumb	sma3_Sub080CDBFC
0x080CDCF0	thumb	sma3_Sub080CDCF0
0x080CDD30	thumb	sma3_Sub080CDD30
0x080CDDAC	thumb	sma3_Sub080CDDAC
0x080CDF00	thumb	sma3_Sub080CDF00
0x080CDF4C	thumb	sma3_Sub080CDF4C
0x080CDFFC	thumb	sma3_Sub080CDFFC
0x080CE088	thumb	sma3_Sub080CE088
0x080CE16C	thumb	sma3_Sub080CE16C
0x080CE330	thumb	sma3_Sub080CE330
0x080CE39C	thumb	sma3_Sub080CE39C
0x080CE3E8	thumb	sma3_Sub080CE3E8
0x080CE468	thumb	sma3_Sub080CE468
0x080CE4B0	thumb	sma3_Hookbill_Main
0x080CE550	thumb	sma3_Sub080CE550
0x080CE580	thumb	sma3_Sub080CE580
0x080CE708	thumb	sma3_Sub080CE708
0x080CE814	thumb	sma3_Sub080CE814
0x080CE988	thumb	sma3_Sub080CE988
0x080CE9A4	thumb	sma3_Sub080CE9A4
0x080CEA64	thumb	sma3_Sub080CEA64
0x080CEAD8	thumb	sma3_Sub080CEAD8
0x080CEEA4	thumb	sma3_Sub080CEEA4
0x080CEF30	thumb	sma3_Sub080CEF30
0x080CEF64	thumb	sma3_Sub080CEF64
0x080CEFB4	thumb	sma3_Sub080CEFB4
0x080CEFCC	thumb	sma3_Sub080CEFCC
0x080CF1BC	thumb	sma3_Sub080CF1BC
0x080CF20C	thumb	sma3_Sub080CF20C
0x080CF464	thumb	sma3_Sub080CF464
0x080CF50C	thumb	sma3_Sub080CF50C
0x080CF540	thumb	sma3_Sub080CF540
0x080CF6A4	thumb	sma3_Sub080CF6A4
0x080CF7E8	thumb	sma3_Sub080CF7E8
0x080CF8E8	thumb	sma3_Sub080CF8E8
0x080CFA5C	thumb	sma3_Sub080CFA5C
0x080CFDF0	thumb	sma3_Sub080CFDF0
0x080CFEA0	thumb	sma3_Sub080CFEA0
0x080CFF50	thumb	sma3_Sub080CFF50
0x080D0010	thumb	sma3_Sub080D0010
0x080D00C0	thumb	sma3_Sub080D00C0
0x080D00E0	thumb	sma3_Sub080D00E0
0x080D017C	thumb	sma3_Sub080D017C
0x080D01F0	thumb	sma3_Sub080D01F0
0x080D0250	thumb	sma3_Sub080D0250
0x080D027C	thumb	sma3_Sub080D027C
0x080D02E0	thumb	sma3_Sub080D02E0
0x080D0310	thumb	sma3_Sub080D0310
0x080D0354	thumb	sma3_SluggyTheUnshaven_Init
0x080D03F0	thumb	sma3_Sub080D03F0
0x080D04F0	thumb	sma3_Sub080D04F0
0x080D077C	thumb	sma3_Sub080D077C
0x080D07F0	thumb	sma3_Sub080D07F0
0x080D0894	thumb	sma3_Sub080D0894
0x080D08E0	thumb	sma3_Sub080D08E0
0x080D0AF4	thumb	sma3_Sub080D0AF4
0x080D0B34	thumb	sma3_Sub080D0B34
0x080D0B78	thumb	sma3_Sub080D0B78
0x080D0C84	thumb	sma3_Sub080D0C84
0x080D0D54	thumb	sma3_Sub080D0D54
0x080D0E28	thumb	sma3_Sub080D0E28
0x080D0F3C	thumb	sma3_Sub080D0F3C
0x080D1090	thumb	sma3_SluggyTheUnshaven_Main
0x080D10E0	thumb	sma3_Sub080D10E0
0x080D12EC	thumb	sma3_Sub080D12EC
0x080D1404	thumb	sma3_Sub080D1404
0x080D15CC	thumb	sma3_Sub080D15CC
0x080D15F8	thumb	sma3_Sub080D15F8
0x080D1658	thumb	sma3_RaphaelShockwave_Main
0x080D1760	thumb	sma3_Sub080D1760
0x080D17A4	thumb	sma3_Raphael_Init
0x080D184C	thumb	sma3_Sub080D184C
0x080D1960	thumb	sma3_Sub080D1960
0x080D197C	thumb	sma3_Raphael_Main
0x080D1C70	thumb	sma3_Sub080D1C70
0x080D1D6C	thumb	sma3_Sub080D1D6C
0x080D1DBC	thumb	sma3_Sub080D1DBC
0x080D1EBC	thumb	sma3_Sub080D1EBC
0x080D1F58	thumb	sma3_Sub080D1F58
0x080D1F94	thumb	sma3_Sub080D1F94
0x080D1FC0	thumb	sma3_Sub080D1FC0
0x080D2008	thumb	sma3_Sub080D2008
0x080D2050	thumb	sma3_Sub080D2050
0x080D2094	thumb	sma3_Sub080D2094
0x080D20F4	thumb	sma3_Sub080D20F4
0x080D21C4	thumb	sma3_Sub080D21C4
0x080D222C	thumb	sma3_Sub080D222C
0x080D2360	thumb	sma3_Return080D2360
0x080D2364	thumb	sma3_Sub080D2364
0x080D2444	thumb	sma3_Sub080D2444
0x080D255C	thumb	sma3_Sub080D255C
0x080D25A4	thumb	sma3_Sub080D25A4
0x080D25FC	thumb	sma3_Sub080D25FC
0x080D2668	thumb	sma3_Sub080D2668
0x080D2718	thumb	sma3_Sub080D2718
0x080D2764	thumb	sma3_Sub080D2764
0x080D2778	thumb	sma3_Sub080D2778
0x080D278C	thumb	sma3_Sub080D278C
0x080D27C0	thumb	sma3_Sub080D27C0
0x080D2890	thumb	sma3_Sub080D2890
0x080D2990	thumb	sma3_Sub080D2990
0x080D29A4	thumb	sma3_Sub080D29A4
0x080D29F0	thumb	sma3_Sub080D29F0
0x080D2A7C	thumb	sma3_Sub080D2A7C
0x080D2B04	thumb	sma3_Sub080D2B04
0x080D2B30	thumb	sma3_Sub080D2B30
0x080D2BE0	thumb	sma3_Sub080D2BE0
0x080D2C44	thumb	sma3_Sub080D2C44
0x080D2C74	thumb	sma3_Sub080D2C74
0x080D2CB8	thumb	sma3_Sub080D2CB8
0x080D2CE0	thumb	sma3_Sub080D2CE0
0x080D2DB0	thumb	sma3_Sub080D2DB0
0x080D2E48	thumb	sma3_Sub080D2E48
0x080D2E7C	thumb	sma3_Sub080D2E7C
0x080D2F80	thumb	sma3_Sub080D2F80
0x080D307C	thumb	sma3_Sub080D307C
0x080D30D4	thumb	sma3_Sub080D30D4
0x080D3110	thumb	sma3_Sub080D3110
0x080D314C	thumb	sma3_Sub080D314C
0x080D31A4	thumb	sma3_Sub080D31A4
0x080D31FC	thumb	sma3_Sub080D31FC
0x080D3220	thumb	sma3_Sub080D3220
0x080D3288	thumb	sma3_Sub080D3288
0x080D32E0	thumb	sma3_Sub080D32E0
0x080D3348	thumb	sma3_Sub080D3348
0x080D3394	thumb	sma3_Sub080D3394
0x080D34B4	thumb	sma3_Sub080D34B4
0x080D367C	thumb	sma3_TapTapGiant_Init
0x080D37D4	thumb	sma3_TapTapGiant_Main
0x080D3870	thumb	sma3_Sub080D3870
0x080D3968	thumb	sma3_Sub080D3968
0x080D3B64	thumb	sma3_Sub080D3B64
0x080D3BB4	thumb	sma3_Sub080D3BB4
0x080D3C18	thumb	sma3_Sub080D3C18
0x080D3C80	thumb	sma3_Sub080D3C80
0x080D3CE8	thumb	sma3_Sub080D3CE8
0x080D3D50	thumb	sma3_Sub080D3D50
0x080D3E30	thumb	sma3_Sub080D3E30
0x080D3EB4	thumb	sma3_Sub080D3EB4
0x080D3ED8	thumb	sma3_Sub080D3ED8
0x080D4058	thumb	sma3_Sub080D4058
0x080D4230	thumb	sma3_Sub080D4230
0x080D4358	thumb	sma3_Sub080D4358
0x080D4408	thumb	sma3_Sub080D4408
0x080D453C	thumb	sma3_Sub080D453C
0x080D458C	thumb	sma3_Sub080D458C
0x080D45E4	thumb	sma3_Sub080D45E4
0x080D4674	thumb	sma3_Sub080D4674
0x080D46BC	thumb	sma3_Sub080D46BC
0x080D4738	thumb	sma3_Sub080D4738
0x080D47B4	thumb	sma3_Sub080D47B4
0x080D47CC	thumb	sma3_Sub080D47CC
0x080D48D0	thumb	sma3_Sub080D48D0
0x080D4920	thumb	sma3_Sub080D4920
0x080D49B8	thumb	sma3_Sub080D49B8
0x080D4A50	thumb	sma3_Sub080D4A50
0x080D4A9C	thumb	sma3_Sub080D4A9C
0x080D4B0C	thumb	sma3_Sub080D4B0C
0x080D4B4C	thumb	sma3_Sub080D4B4C
0x080D4BB8	thumb	sma3_Sub080D4BB8
0x080D4C6C	thumb	sma3_Sub080D4C6C
0x080D4D14	thumb	sma3_Sub080D4D14
0x080D4DCC	thumb	sma3_Sub080D4DCC
0x080D4E64	thumb	sma3_Sub080D4E64
0x080D4E7C	thumb	sma3_Sub080D4E7C
0x080D4EE8	thumb	sma3_Sub080D4EE8
0x080D4F0C	thumb	sma3_Sub080D4F0C
0x080D4F24	thumb	sma3_Sub080D4F24
0x080D4F64	thumb	sma3_Sub080D4F64
0x080D4F78	thumb	sma3_Sub080D4F78
0x080D4FC4	thumb	sma3_Sub080D4FC4
0x080D4FFC	thumb	sma3_Sub080D4FFC
0x080D5010	thumb	sma3_Sub080D5010
0x080D502C	thumb	sma3_Sub080D502C
0x080D5048	thumb	sma3_Sub080D5048
0x080D50D0	thumb	sma3_Sub080D50D0
0x080D5114	thumb	sma3_Sub080D5114
0x080D5148	thumb	sma3_Sub080D5148
0x080D516C	thumb	sma3_Sub080D516C
0x080D5178	thumb	sma3_Sub080D5178
0x080D51B4	thumb	sma3_Sub080D51B4
0x080D51EC	thumb	sma3_Sub080D51EC
0x080D5230	thumb	sma3_Sub080D5230
0x080D5278	thumb	sma3_Sub080D5278
0x080D52CC	thumb	sma3_Sub080D52CC
0x080D52E8	thumb	sma3_Return080D52E8
0x080D52EC	thumb	sma3_Sub080D52EC
0x080D5380	thumb	sma3_Sub080D5380
0x080D53E0	thumb	sma3_Sub080D53E0
0x080D5428	thumb	sma3_Sub080D5428
0x080D54AC	thumb	sma3_Sub080D54AC
0x080D54B8	thumb	sma3_Sub080D54B8
0x080D5510	thumb	sma3_Sub080D5510
0x080D5638	thumb	sma3_Door_LoadDynGraphics
0x080D56DC	thumb	sma3_Sub080D56DC
0x080D5724	thumb	sma3_Sub080D5724
0x080D57B0	thumb	sma3_Sub080D57B0
0x080D5978	thumb	sma3_SprShared_SetOrTestItemMemory
0x080D5AB0	thumb	sma3_Sub080D5AB0
0x080D5AD4	thumb	sma3_Sub080D5AD4
0x080D5AF8	thumb	sma3_SprShared_TestItemMemory_0
0x080D5B24	thumb	sma3_Sub080D5B24
0x080D5B48	thumb	sma3_SprShared_TestItemMemory_2
0x080D5B74	thumb	sma3_SprShared_SetItemMemory
0x080D5B98	thumb	sma3_Sub080D5B98
0x080D5BC4	thumb	sma3_Sub080D5BC4
0x080D5BD4	thumb	sma3_Sub080D5BD4
0x080D5BE8	thumb	sma3_Sub080D5BE8
0x080D5BFC	thumb	sma3_Sub080D5BFC
0x080D5C28	thumb	sma3_DoorShared_Init
0x080D5C58	thumb	sma3_BossDoor_Init
0x080D5C64	thumb	sma3_XDoor_Init
0x080D5CE4	thumb	sma3_LockedDoor_Init
0x080D5D14	thumb	sma3_BossDoorBowser_Init
0x080D5D40	thumb	sma3_LockedDoorMinigame_Init
0x080D5D68	thumb	sma3_DoorShared_Main
0x080D626C	thumb	sma3_LockedDoor_Main
0x080D6278	thumb	sma3_NormalDoor_Main
0x080D6284	thumb	sma3_BossDoor_Main
0x080D6290	thumb	sma3_XDoor_Main
0x080D629C	thumb	sma3_BossDoorBowser_Main
0x080D62A8	thumb	sma3_Sub080D62A8
0x080D631C	thumb	sma3_Sub080D631C
0x080D6344	thumb	sma3_Sub080D6344
0x080D6370	thumb	sma3_Rotating4Doors_Init
0x080D64A8	thumb	sma3_Rotating4Doors_SetScreenExit
0x080D6530	thumb	sma3_Sub080D6530
0x080D65B8	thumb	sma3_Sub080D65B8
0x080D6620	thumb	sma3_Sub080D6620
0x080D6688	thumb	sma3_Sub080D6688
0x080D66E8	thumb	sma3_Sub080D66E8
0x080D6764	thumb	sma3_Sub080D6764
0x080D67E8	thumb	sma3_Sub080D67E8
0x080D6834	thumb	sma3_Sub080D6834
0x080D687C	thumb	sma3_Return080D687C
0x080D6880	thumb	sma3_Sub080D6880
0x080D68A0	thumb	sma3_Rotating4Doors_Main
0x080D68C0	thumb	sma3_CommandSpr_ClearHalfword
0x080D68C8	thumb	sma3_CommandSpr_Despawn
0x080D68E4	thumb	sma3_PaletteChanger
0x080D6A04	thumb	sma3_TilesetChanger_Init
0x080D6AE0	thumb	sma3_TilesetChanger_Main
0x080D6B48	thumb	sma3_Autoscroll_ProcessNextData
0x080D6BA4	thumb	sma3_Autoscroll1D4_Init
0x080D6CB8	thumb	sma3_Autoscroll1D5_1DE_Init
0x080D6D30	thumb	sma3_Sub080D6D30
0x080D6DC0	thumb	sma3_Autoscroll1D4_Main
0x080D6F0C	thumb	sma3_Autoscroll1D5_1DE_Main
0x080D7014	thumb	sma3_Sub080D7014
0x080D7044	thumb	sma3_Sub080D7044
0x080D7064	thumb	sma3_Sub080D7064
0x080D70CC	thumb	sma3_Sub080D70CC
0x080D7264	thumb	sma3_Sub080D7264
0x080D7284	thumb	sma3_Sub080D7284
0x080D72D0	thumb	sma3_Sub080D72D0
0x080D73CC	thumb	sma3_Sub080D73CC
0x080D7500	thumb	sma3_Sub080D7500
0x080D754C	thumb	sma3_Sub080D754C
0x080D756C	thumb	sma3_Sub080D756C
0x080D75F8	thumb	sma3_Sub080D75F8
0x080D7704	thumb	sma3_Sub080D7704
0x080D7784	thumb	sma3_Sub080D7784
0x080D7988	thumb	sma3_Sub080D7988
0x080D79D8	thumb	sma3_Sub080D79D8
0x080D7A28	thumb	sma3_Sub080D7A28
0x080D7A48	thumb	sma3_Sub080D7A48
0x080D7B34	thumb	sma3_Sub080D7B34
0x080D7B60	thumb	sma3_Sub080D7B60
0x080D7C7C	thumb	sma3_Sub080D7C7C
0x080D7C9C	thumb	sma3_Sub080D7C9C
0x080D7CBC	thumb	sma3_Sub080D7CBC
0x080D7CE8	thumb	sma3_Sub080D7CE8
0x080D7DDC	thumb	sma3_Sub080D7DDC
0x080D7DFC	thumb	sma3_Sub080D7DFC
0x080D7E1C	thumb	sma3_Sub080D7E1C
0x080D7E3C	thumb	sma3_Sub080D7E3C
0x080D7E68	thumb	sma3_Sub080D7E68
0x080D7FB8	thumb	sma3_Sub080D7FB8
0x080D7FD8	thumb	sma3_Sub080D7FD8
0x080D7FF8	thumb	sma3_Sub080D7FF8
0x080D8020	thumb	sma3_Sub080D8020
0x080D8130	thumb	sma3_Sub080D8130
0x080D814C	thumb	sma3_Sub080D814C
0x080D8178	thumb	sma3_Sub080D8178
0x080D8264	thumb	sma3_Sub080D8264
0x080D8284	thumb	sma3_Sub080D8284
0x080D82B0	thumb	sma3_Sub080D82B0
0x080D83FC	thumb	sma3_Sub080D83FC
0x080D841C	thumb	sma3_Sub080D841C
0x080D84CC	thumb	sma3_Sub080D84CC
0x080D85B0	thumb	sma3_Sub080D85B0
0x080D85D8	thumb	sma3_Sub080D85D8
0x080D85F8	thumb	sma3_Return080D85F8
0x080D85FC	thumb	sma3_Return080D85FC
0x080D8600	thumb	sma3_Sub080D8600
0x080D867C	thumb	sma3_Sub080D867C
0x080D86EC	thumb	sma3_Sub080D86EC
0x080D87DC	thumb	sma3_Sub080D87DC
0x080D889C	thumb	sma3_Sub080D889C
0x080D8B04	thumb	sma3_Sub080D8B04
0x080D8CB4	thumb	sma3_Sub080D8CB4
0x080D8D10	thumb	sma3_Sub080D8D10
0x080D8FF4	thumb	sma3_Sub080D8FF4
0x080D9010	thumb	sma3_Sub080D9010
0x080D9054	thumb	sma3_Sub080D9054
0x080D9078	thumb	sma3_Sub080D9078
0x080D90D4	thumb	sma3_Sub080D90D4
0x080D910C	thumb	sma3_Sub080D910C
0x080D9160	thumb	sma3_Sub080D9160
0x080D9258	thumb	sma3_Sub080D9258
0x080D92A0	thumb	sma3_Sub080D92A0
0x080D931C	thumb	sma3_Sub080D931C
0x080D939C	thumb	sma3_Sub080D939C
0x080D9480	thumb	sma3_Sub080D9480
0x080D94E8	thumb	sma3_Sub080D94E8
0x080D96D0	thumb	sma3_Sub080D96D0
0x080D970C	thumb	sma3_Sub080D970C
0x080D9798	thumb	sma3_Sub080D9798
0x080D97EC	thumb	sma3_Sub080D97EC
0x080D9854	thumb	sma3_Sub080D9854
0x080D9A44	thumb	sma3_EggBlockShared_Init
0x080D9A70	thumb	sma3_Sub080D9A70
0x080D9AC4	thumb	sma3_Sub080D9AC4
0x080D9B84	thumb	sma3_Sub080D9B84
0x080D9BCC	thumb	sma3_Sub080D9BCC
0x080D9C40	thumb	sma3_Sub080D9C40
0x080D9D84	thumb	sma3_EggBlockShared_Main
0x080D9E10	thumb	sma3_EggBlockFlashing_Main
0x080D9E24	thumb	sma3_Return080D9E24
0x080D9E28	thumb	sma3_Sub080D9E28
0x080D9E78	thumb	sma3_Sub080D9E78
0x080D9EEC	thumb	sma3_Sub080D9EEC
0x080DA20C	thumb	sma3_Sub080DA20C
0x080DA310	thumb	sma3_Sub080DA310
0x080DA344	thumb	sma3_Sub080DA344
0x080DA38C	thumb	sma3_Sub080DA38C
0x080DA524	thumb	sma3_Sub080DA524
0x080DA57C	thumb	sma3_Sub080DA57C
0x080DA5A0	thumb	sma3_Sub080DA5A0
0x080DA5EC	thumb	sma3_Sub080DA5EC
0x080DA64C	thumb	sma3_Sub080DA64C
0x080DA7B4	thumb	sma3_Sub080DA7B4
0x080DA8B0	thumb	sma3_Sub080DA8B0
0x080DA934	thumb	sma3_Sub080DA934
0x080DAAB0	thumb	sma3_Sub080DAAB0
0x080DAF8C	thumb	sma3_Sub080DAF8C
0x080DB1C0	thumb	sma3_Sub080DB1C0
0x080DB3E8	thumb	sma3_Sub080DB3E8
0x080DB468	thumb	sma3_Sub080DB468
0x080DB490	thumb	sma3_Sub080DB490
0x080DB4B0	thumb	sma3_Sub080DB4B0
0x080DB4CC	thumb	sma3_Sub080DB4CC
0x080DB4E4	thumb	sma3_Sub080DB4E4
0x080DB53C	thumb	sma3_Sub080DB53C
0x080DB570	thumb	sma3_Sub080DB570
0x080DB5AC	thumb	sma3_Sub080DB5AC
0x080DB644	thumb	sma3_Sub080DB644
0x080DB674	thumb	sma3_Sub080DB674
0x080DB69C	thumb	sma3_Sub080DB69C
0x080DB6B8	thumb	sma3_Sub080DB6B8
0x080DB6D8	thumb	sma3_Sub080DB6D8
0x080DB7D4	thumb	sma3_Sub080DB7D4
0x080DB850	thumb	sma3_Sub080DB850
0x080DB85C	thumb	sma3_Sub080DB85C
0x080DB868	thumb	sma3_Sub080DB868
0x080DB894	thumb	sma3_Sub080DB894
0x080DB8C0	thumb	sma3_Sub080DB8C0
0x080DB8F4	thumb	sma3_Sub080DB8F4
0x080DB960	thumb	sma3_Sub080DB960
0x080DB974	thumb	sma3_Sub080DB974
0x080DB9D0	thumb	sma3_Sub080DB9D0
0x080DBA14	thumb	sma3_Sub080DBA14
0x080DBA30	thumb	sma3_Sub080DBA30
0x080DBA3C	thumb	sma3_Sub080DBA3C
0x080DBB10	thumb	sma3_Sub080DBB10
0x080DBB1C	thumb	sma3_Sub080DBB1C
0x080DBBA4	thumb	sma3_Sub080DBBA4
0x080DBC30	thumb	sma3_Sub080DBC30
0x080DBD10	thumb	sma3_Sub080DBD10
0x080DBD2C	thumb	sma3_Sub080DBD2C
0x080DBD4C	thumb	sma3_Sub080DBD4C
0x080DBDA0	thumb	sma3_Sub080DBDA0
0x080DBDDC	thumb	sma3_Sub080DBDDC
0x080DBDFC	thumb	sma3_Sub080DBDFC
0x080DBE3C	thumb	sma3_Sub080DBE3C
0x080DBE8C	thumb	sma3_Sub080DBE8C
0x080DBEE4	thumb	sma3_Sub080DBEE4
0x080DBF14	thumb	sma3_Sub080DBF14
0x080DBF6C	thumb	sma3_Sub080DBF6C
0x080DC050	thumb	sma3_Sub080DC050
0x080DC0AC	thumb	sma3_Sub080DC0AC
0x080DC110	thumb	sma3_Sub080DC110
0x080DC168	thumb	sma3_Sub080DC168
0x080DC4F4	thumb	sma3_Sub080DC4F4
0x080DC518	thumb	sma3_Sub080DC518
0x080DC524	thumb	sma3_Sub080DC524
0x080DC5AC	thumb	sma3_Sub080DC5AC
0x080DC5DC	thumb	sma3_Sub080DC5DC
0x080DC608	thumb	sma3_Sub080DC608
0x080DC6A0	thumb	sma3_Sub080DC6A0
0x080DC778	thumb	sma3_Sub080DC778
0x080DC87C	thumb	sma3_Sub080DC87C
0x080DC934	thumb	sma3_Sub080DC934
0x080DC9E0	thumb	sma3_Sub080DC9E0
0x080DCAD4	thumb	sma3_Sub080DCAD4
0x080DCB2C	thumb	sma3_Sub080DCB2C
0x080DCC38	thumb	sma3_Sub080DCC38
0x080DCCB0	thumb	sma3_Sub080DCCB0
0x080DCD84	thumb	sma3_Sub080DCD84
0x080DCF74	thumb	sma3_Sub080DCF74
0x080DCFA4	thumb	sma3_Sub080DCFA4
0x080DCFB8	thumb	sma3_Sub080DCFB8
0x080DCFCC	thumb	sma3_Sub080DCFCC
0x080DD178	thumb	sma3_Sub080DD178
0x080DD1A8	thumb	sma3_Sub080DD1A8
0x080DD1CC	thumb	sma3_Sub080DD1CC
0x080DD1F0	thumb	sma3_Sub080DD1F0
0x080DD268	thumb	sma3_Sub080DD268
0x080DD28C	thumb	sma3_Sub080DD28C
0x080DD2DC	thumb	sma3_Sub080DD2DC
0x080DD4C4	thumb	sma3_Sub080DD4C4
0x080DD518	thumb	sma3_Sub080DD518
0x080DD774	thumb	sma3_Sub080DD774
0x080DD7AC	thumb	sma3_Sub080DD7AC
0x080DD7EC	thumb	sma3_Sub080DD7EC
0x080DD854	thumb	sma3_Sub080DD854
0x080DDA94	thumb	sma3_Sub080DDA94
0x080DDACC	thumb	sma3_Sub080DDACC
0x080DDB0C	thumb	sma3_Sub080DDB0C
0x080DDB18	thumb	sma3_Sub080DDB18
0x080DDC1C	thumb	sma3_Sub080DDC1C
0x080DDCE4	thumb	sma3_Sub080DDCE4
0x080DDD28	thumb	sma3_Sub080DDD28
0x080DDD60	thumb	sma3_Sub080DDD60
0x080DDD80	thumb	sma3_Sub080DDD80
0x080DDEF4	thumb	sma3_Sub080DDEF4
0x080DDFBC	thumb	sma3_Sub080DDFBC
0x080DE03C	thumb	sma3_Sub080DE03C
0x080DE0E4	thumb	sma3_Sub080DE0E4
0x080DE148	thumb	sma3_Sub080DE148
0x080DE1CC	thumb	sma3_Sub080DE1CC
0x080DE404	thumb	sma3_Sub080DE404
0x080DE508	thumb	sma3_Sub080DE508
0x080DE788	thumb	sma3_Sub080DE788
0x080DE79C	thumb	sma3_Sub080DE79C
0x080DE830	thumb	sma3_Sub080DE830
0x080DE97C	thumb	sma3_Sub080DE97C
0x080DEA48	thumb	sma3_Sub080DEA48
0x080DEB10	thumb	sma3_Sub080DEB10
0x080DEBA4	thumb	sma3_Sub080DEBA4
0x080DEC60	thumb	sma3_Sub080DEC60
0x080DECC4	thumb	sma3_Sub080DECC4
0x080DED24	thumb	sma3_Sub080DED24
0x080DED38	thumb	sma3_Sub080DED38
0x080DED44	thumb	sma3_Sub080DED44
0x080DED60	thumb	sma3_Sub080DED60
0x080DED84	thumb	sma3_Sub080DED84
0x080DEDA0	thumb	sma3_Return080DEDA0
0x080DEDA4	thumb	sma3_Sub080DEDA4
0x080DEDC0	thumb	sma3_Sub080DEDC0
0x080DEDF4	thumb	sma3_Sub080DEDF4
0x080DEE00	thumb	sma3_Sub080DEE00
0x080DEE74	thumb	sma3_Sub080DEE74
0x080DEEB4	thumb	sma3_Sub080DEEB4
0x080DEED4	thumb	sma3_Sub080DEED4
0x080DEF74	thumb	sma3_Sub080DEF74
0x080DEF94	thumb	sma3_Sub080DEF94
0x080DEFB4	thumb	sma3_Sub080DEFB4
0x080DEFCC	thumb	sma3_Sub080DEFCC
0x080DEFEC	thumb	sma3_Sub080DEFEC
0x080DF08C	thumb	sma3_Sub080DF08C
0x080DF0D4	thumb	sma3_Sub080DF0D4
0x080DF130	thumb	sma3_Sub080DF130
0x080DF168	thumb	sma3_Sub080DF168
0x080DF2CC	thumb	sma3_Sub080DF2CC
0x080DF3E4	thumb	sma3_Sub080DF3E4
0x080DF4C4	thumb	sma3_Sub080DF4C4
0x080DF620	thumb	sma3_Sub080DF620
0x080DF7C0	thumb	sma3_Sub080DF7C0
0x080DF7E4	thumb	sma3_Sub080DF7E4
0x080DF808	thumb	sma3_Sub080DF808
0x080DF8CC	thumb	sma3_Sub080DF8CC
0x080DF928	thumb	sma3_Sub080DF928
0x080DF96C	thumb	sma3_Sub080DF96C
0x080DF9B4	thumb	sma3_Sub080DF9B4
0x080DFA0C	thumb	sma3_Sub080DFA0C
0x080DFAC8	thumb	sma3_Sub080DFAC8
0x080DFB7C	thumb	sma3_Sub080DFB7C
0x080DFB9C	thumb	sma3_Sub080DFB9C
0x080DFBF0	thumb	sma3_Sub080DFBF0
0x080DFC2C	thumb	sma3_Sub080DFC2C
0x080DFC58	thumb	sma3_Sub080DFC58
0x080DFC8C	thumb	sma3_Sub080DFC8C
0x080DFE44	thumb	sma3_BabyMario_Init
0x080DFE5C	thumb	sma3_Sub080DFE5C
0x080DFEF0	thumb	sma3_Sub080DFEF0
0x080DFF30	thumb	sma3_Sub080DFF30
0x080DFF5C	thumb	sma3_Sub080DFF5C
0x080E001C	thumb	sma3_Sub080E001C
0x080E0058	thumb	sma3_Sub080E0058
0x080E00D4	thumb	sma3_Sub080E00D4
0x080E011C	thumb	sma3_Sub080E011C
0x080E0168	thumb	sma3_Sub080E0168
0x080E01B8	thumb	sma3_Sub080E01B8
0x080E01CC	thumb	sma3_Sub080E01CC
0x080E0224	thumb	sma3_Sub080E0224
0x080E024C	thumb	sma3_Sub080E024C
0x080E0290	thumb	sma3_Sub080E0290
0x080E0320	thumb	sma3_Sub080E0320
0x080E0364	thumb	sma3_Sub080E0364
0x080E04F0	thumb	sma3_Sub080E04F0
0x080E0534	thumb	sma3_Sub080E0534
0x080E05B4	thumb	sma3_Sub080E05B4
0x080E05CC	thumb	sma3_Sub080E05CC
0x080E0658	thumb	sma3_Sub080E0658
0x080E0664	thumb	sma3_Sub080E0664
0x080E0670	thumb	sma3_Sub080E0670
0x080E0698	thumb	sma3_Sub080E0698
0x080E07B0	thumb	sma3_Sub080E07B0
0x080E08E4	thumb	sma3_Sub080E08E4
0x080E093C	thumb	sma3_Sub080E093C
0x080E0948	thumb	sma3_Sub080E0948
0x080E0B24	thumb	sma3_Sub080E0B24
0x080E0BC4	thumb	sma3_Sub080E0BC4
0x080E0BD0	thumb	sma3_Sub080E0BD0
0x080E0C7C	thumb	sma3_Sub080E0C7C
0x080E0CD8	thumb	sma3_Sub080E0CD8
0x080E0E1C	thumb	sma3_Sub080E0E1C
0x080E0F14	thumb	sma3_Sub080E0F14
0x080E112C	thumb	sma3_Sub080E112C
0x080E11AC	thumb	sma3_Sub080E11AC
0x080E133C	thumb	sma3_Sub080E133C
0x080E13C8	thumb	sma3_Sub080E13C8
0x080E1408	thumb	sma3_Sub080E1408
0x080E1460	thumb	sma3_Sub080E1460
0x080E14A0	thumb	sma3_Sub080E14A0
0x080E1528	thumb	sma3_Sub080E1528
0x080E1564	thumb	sma3_Sub080E1564
0x080E1598	thumb	sma3_Sub080E1598
0x080E1658	thumb	sma3_Sub080E1658
0x080E16D4	thumb	sma3_Sub080E16D4
0x080E174C	thumb	sma3_Sub080E174C
0x080E1894	thumb	sma3_Return080E1894
0x080E1898	thumb	sma3_Sub080E1898
0x080E18DC	thumb	sma3_Sub080E18DC
0x080E1A78	thumb	sma3_Sub080E1A78
0x080E1ACC	thumb	sma3_Sub080E1ACC
0x080E1C08	thumb	sma3_BabyMario_Main
0x080E1D4C	thumb	sma3_Sub080E1D4C
0x080E1DC4	thumb	sma3_Sub080E1DC4
0x080E1EE4	thumb	sma3_Sub080E1EE4
0x080E1F18	thumb	sma3_Sub080E1F18
0x080E1F50	thumb	sma3_Sub080E1F50
0x080E1FE4	thumb	sma3_Sub080E1FE4
0x080E21A0	thumb	sma3_BabyMario_RidingYoshi
0x080E2278	thumb	sma3_Sub080E2278
0x080E2570	thumb	sma3_Sub080E2570
0x080E25CC	thumb	sma3_TileInteract_RedCoin
0x080E2654	thumb	sma3_Sub080E2654
0x080E2754	thumb	sma3_Sub080E2754
0x080E2784	thumb	sma3_Sub080E2784
0x080E27D0	thumb	sma3_Sub080E27D0
0x080E2800	thumb	sma3_Sub080E2800
0x080E2834	thumb	sma3_Sub080E2834
0x080E2874	thumb	sma3_Sub080E2874
0x080E28B4	thumb	sma3_Return080E28B4
0x080E28B8	thumb	sma3_Sub080E28B8
0x080E28D4	thumb	sma3_Sub080E28D4
0x080E28EC	thumb	sma3_Sub080E28EC
0x080E2958	thumb	sma3_Sub080E2958
0x080E2988	thumb	sma3_Sub080E2988
0x080E29F0	thumb	sma3_Sub080E29F0
0x080E2A50	thumb	sma3_Sub080E2A50
0x080E2A7C	thumb	sma3_GraphicsAnim00
0x080E2AE8	thumb	sma3_GraphicsAnim01
0x080E2B40	thumb	sma3_GraphicsAnim02
0x080E2BEC	thumb	sma3_GraphicsAnim03
0x080E2C40	thumb	sma3_Return080E2C40
0x080E2C44	thumb	sma3_GraphicsAnim_Set06008C00
0x080E2C94	thumb	sma3_GraphicsAnim05
0x080E2CC8	thumb	sma3_GraphicsAnim06
0x080E2D64	thumb	sma3_GraphicsAnim07
0x080E2E90	thumb	sma3_GraphicsAnim08
0x080E2F40	thumb	sma3_GraphicsAnim09
0x080E3090	thumb	sma3_GraphicsAnim0A
0x080E30D4	thumb	sma3_GraphicsAnim0B
0x080E3144	thumb	sma3_GraphicsAnim0C
0x080E3268	thumb	sma3_GraphicsAnim0D
0x080E32B0	thumb	sma3_GraphicsAnim0E
0x080E3304	thumb	sma3_GraphicsAnim0F
0x080E334C	thumb	sma3_GraphicsAnim10
0x080E33D0	thumb	sma3_GraphicsAnim11
0x080E3400	thumb	sma3_GraphicsAnim12
0x080E34B8	thumb	sma3_GraphicsAnimMain
0x080E3584	thumb	sma3_GraphicsAnimInit
0x080E362C	thumb	sma3_Sub080E362C
0x080E3684	thumb	sma3_Sub080E3684
0x080E37E4	thumb	sma3_Sub080E37E4
0x080E383C	thumb	sma3_Sub080E383C
0x080E3844	thumb	sma3_Sub080E3844
0x080E3880	thumb	sma3_Sub080E3880
0x080E38BC	thumb	sma3_Sub080E38BC
0x080E38F8	thumb	sma3_Sub080E38F8
0x080E3934	thumb	sma3_Sub080E3934
0x080E3970	thumb	sma3_Sub080E3970
0x080E39AC	thumb	sma3_Sub080E39AC
0x080E39D4	thumb	sma3_Sub080E39D4
0x080E3A10	thumb	sma3_Sub080E3A10
0x080E3A4C	thumb	sma3_Sub080E3A4C
0x080E3A88	thumb	sma3_Sub080E3A88
0x080E3AC4	thumb	sma3_Sub080E3AC4
0x080E3B00	thumb	sma3_Sub080E3B00
0x080E3B3C	thumb	sma3_Sub080E3B3C
0x080E3B64	thumb	sma3_Sub080E3B64
0x080E3BA0	thumb	sma3_Sub080E3BA0
0x080E3BDC	thumb	sma3_Sub080E3BDC
0x080E3D1C	thumb	sma3_Sub080E3D1C
0x080E3D58	thumb	sma3_Return080E3D58
0x080E3D5C	thumb	sma3_Sub080E3D5C
0x080E3DD8	thumb	sma3_Sub080E3DD8
0x080E3E80	thumb	sma3_Sub080E3E80
0x080E3ED8	thumb	sma3_Sub080E3ED8
0x080E3FA8	thumb	sma3_Sub080E3FA8
0x080E4130	thumb	sma3_Sub080E4130
0x080E4210	thumb	sma3_WorldScore_GiveBonus
0x080E4384	thumb	sma3_Sub080E4384
0x080E4420	thumb	sma3_Sub080E4420
0x080E443C	thumb	sma3_Sub080E443C
0x080E4474	thumb	sma3_Sub080E4474
0x080E4670	thumb	sma3_Sub080E4670
0x080E4768	thumb	sma3_Sub080E4768
0x080E48A4	thumb	sma3_Sub080E48A4
0x080E4918	thumb	sma3_Sub080E4918
0x080E496C	thumb	sma3_Sub080E496C
0x080E49D4	thumb	sma3_Sub080E49D4
0x080E4A08	thumb	sma3_Sub080E4A08
0x080E4AFC	thumb	sma3_Sub080E4AFC
0x080E4CE0	thumb	sma3_Sub080E4CE0
0x080E4D38	thumb	sma3_Sub080E4D38
0x080E4DDC	thumb	sma3_Sub080E4DDC
0x080E4DE4	thumb	sma3_Sub080E4DE4
0x080E4EB0	thumb	sma3_Sub080E4EB0
0x080E4F18	thumb	sma3_Sub080E4F18
0x080E4F40	thumb	sma3_Sub080E4F40
0x080E4FB4	thumb	sma3_Sub080E4FB4
0x080E5014	thumb	sma3_Sub080E5014
0x080E5058	thumb	sma3_Sub080E5058
0x080E5130	thumb	sma3_Sub080E5130
0x080E522C	thumb	sma3_Sub080E522C
0x080E535C	thumb	sma3_Sub080E535C
0x080E538C	thumb	sma3_Sub080E538C
0x080E53B4	thumb	sma3_Sub080E53B4
0x080E541C	thumb	sma3_Sub080E541C
0x080E5460	thumb	sma3_Sub080E5460
0x080E54C8	thumb	sma3_Sub080E54C8
0x080E5518	thumb	sma3_Sub080E5518
0x080E5550	thumb	sma3_Sub080E5550
0x080E5584	thumb	sma3_Sub080E5584
0x080E55B8	thumb	sma3_Sub080E55B8
0x080E5900	thumb	sma3_Sub080E5900
0x080E5968	thumb	sma3_Sub080E5968
0x080E59F4	thumb	sma3_Sub080E59F4
0x080E59FC	thumb	sma3_Sub080E59FC
0x080E5A1C	thumb	sma3_Sub080E5A1C
0x080E5AD0	thumb	sma3_Return080E5AD0
0x080E5AD4	thumb	sma3_Sub080E5AD4
0x080E5ADC	thumb	sma3_LevelVictory
0x080E5B6C	thumb	sma3_Sub080E5B6C
0x080E5C2C	thumb	sma3_Sub080E5C2C
0x080E5C5C	thumb	sma3_Sub080E5C5C
0x080E5D24	thumb	sma3_BossVictoryTransition
0x080E5DBC	thumb	sma3_Sub080E5DBC
0x080E5DC8	thumb	sma3_Sub080E5DC8
0x080E5DD4	thumb	sma3_Sub080E5DD4
0x080E5E2C	thumb	sma3_Sub080E5E2C
0x080E5E44	thumb	sma3_Sub080E5E44
0x080E5EC4	thumb	sma3_Sub080E5EC4
0x080E5F5C	thumb	sma3_Sub080E5F5C
0x080E5FAC	thumb	sma3_Sub080E5FAC
0x080E5FF4	thumb	sma3_Sub080E5FF4
0x080E6000	thumb	sma3_Sub080E6000
0x080E6060	thumb	sma3_Sub080E6060
0x080E606C	thumb	sma3_Return080E606C
0x080E6070	thumb	sma3_Sub080E6070
0x080E60C0	thumb	sma3_Sub080E60C0
0x080E60FC	thumb	sma3_Sub080E60FC
0x080E6108	thumb	sma3_Sub080E6108
0x080E6114	thumb	sma3_Return080E6114
0x080E6118	thumb	sma3_Sub080E6118
0x080E6140	thumb	sma3_Sub080E6140
0x080E6174	thumb	sma3_Return080E6174
0x080E6178	thumb	sma3_Sub080E6178
0x080E61AC	thumb	sma3_Sub080E61AC
0x080E61B8	thumb	sma3_Return080E61B8
0x080E61BC	thumb	sma3_Sub080E61BC
0x080E6214	thumb	sma3_Sub080E6214
0x080E629C	thumb	sma3_Sub080E629C
0x080E6360	thumb	sma3_Sub080E6360
0x080E63FC	thumb	sma3_Sub080E63FC
0x080E6554	thumb	sma3_Sub080E6554
0x080E6568	thumb	sma3_Sub080E6568
0x080E659C	thumb	sma3_Sub080E659C
0x080E6794	thumb	sma3_Sub080E6794
0x080E67E8	thumb	sma3_Sub080E67E8
0x080E6860	thumb	sma3_Sub080E6860
0x080E68A8	thumb	sma3_Sub080E68A8
0x080E68D4	thumb	sma3_InvScr_Disp2DigitNumber
0x080E6958	thumb	sma3_Sub080E6958
0x080E6A1C	thumb	sma3_Sub080E6A1C
0x080E6C60	thumb	sma3_InvScr_DispLevelHighScore
0x080E6DDC	thumb	sma3_InvScr_DispWorldHighScore
0x080E6FA0	thumb	sma3_InvScr_DispTotalPoints
0x080E7060	thumb	sma3_InvScr_DispCurrentFlowers
0x080E70EC	thumb	sma3_InvScr_DispCurrentRedCoins
0x080E7144	thumb	sma3_InvScr_DispCurrentStars
0x080E71B8	thumb	sma3_Sub080E71B8
0x080E7658	thumb	sma3_Sub080E7658
0x080E76C0	thumb	sma3_Sub080E76C0
0x080E76FC	thumb	sma3_Sub080E76FC
0x080E78DC	thumb	sma3_Sub080E78DC
0x080E79A0	thumb	sma3_Sub080E79A0
0x080E7A6C	thumb	sma3_Sub080E7A6C
0x080E7BC8	thumb	sma3_Sub080E7BC8
0x080E7D08	thumb	sma3_Sub080E7D08
0x080E7D2C	thumb	sma3_Sub080E7D2C
0x080E7D8C	thumb	sma3_Sub080E7D8C
0x080E7D90	thumb	sma3_Sub080E7D90
0x080E7DD8	thumb	sma3_Sub080E7DD8
0x080E7EAC	thumb	sma3_Sub080E7EAC
0x080E7F10	thumb	sma3_Sub080E7F10
0x080E80D4	thumb	sma3_Sub080E80D4
0x080E8118	thumb	sma3_Sub080E8118
0x080E8134	thumb	sma3_StdMsg_DispMsgCharScaled
0x080E8244	thumb	sma3_StdMsg_DispMsgChar1x
0x080E836C	thumb	sma3_StdMsg_DispMsgChar
0x080E838C	thumb	sma3_Return080E838C
0x080E8390	thumb	sma3_Return080E8390
0x080E8394	thumb	sma3_Return080E8394
0x080E8398	thumb	sma3_Return080E8398
0x080E839C	thumb	sma3_Return080E839C
0x080E83A0	thumb	sma3_Return080E83A0
0x080E83A4	thumb	sma3_Return080E83A4
0x080E83A8	thumb	sma3_Return080E83A8
0x080E83AC	thumb	sma3_Return080E83AC
0x080E83B0	thumb	sma3_Return080E83B0
0x080E83B4	thumb	sma3_Return080E83B4
0x080E83B8	thumb	sma3_Return080E83B8
0x080E83BC	thumb	sma3_Return080E83BC
0x080E83C0	thumb	sma3_Return080E83C0
0x080E83C4	thumb	sma3_Return080E83C4
0x080E83C8	thumb	sma3_Sub080E83C8
0x080E8554	thumb	sma3_Sub080E8554
0x080E8600	thumb	sma3_StdMsg_Advance2Bytes
0x080E8608	thumb	sma3_StdMsg_CloseMessage
0x080E8610	thumb	sma3_StdMsg_LargeImage
0x080E87AC	thumb	sma3_StdMsg_Cmd53_5F
0x080E87B0	thumb	sma3_StdMsg_DeathMenu
0x080E8928	thumb	sma3_StdMsg_FlipCardsExit
0x080E8B90	thumb	sma3_StdMsg_EggConfig
0x080E8BD4	thumb	sma3_StdMsg_Cmd40_4F
0x080E8BD8	thumb	sma3_Sub080E8BD8
0x080E8BFC	thumb	sma3_StdMsg_LivesOnes
0x080E8C20	thumb	sma3_StdMsg_LivesTens
0x080E8C5C	thumb	sma3_StdMsg_LivesHundreds
0x080E8CD8	thumb	sma3_StdMsg_ScaleHoriz4x
0x080E8CE8	thumb	sma3_StdMsg_ScaleHoriz3x
0x080E8CF8	thumb	sma3_StdMsg_ScaleHoriz2x
0x080E8D08	thumb	sma3_StdMsg_ScaleHoriz1x
0x080E8D18	thumb	sma3_StdMsg_ScaleVert4x
0x080E8D28	thumb	sma3_StdMsg_ScaleVert3x
0x080E8D38	thumb	sma3_StdMsg_ScaleVert2x
0x080E8D48	thumb	sma3_StdMsg_ScaleVert1x
0x080E8D58	thumb	sma3_StdMsg_Scale4x
0x080E8D6C	thumb	sma3_StdMsg_Scale3x
0x080E8D80	thumb	sma3_StdMsg_Scale2x
0x080E8D94	thumb	sma3_StdMsg_ScaleReset
0x080E8DA8	thumb	sma3_StdMsg_ScrollDown
0x080E8DCC	thumb	sma3_StdMsg_Cmd15_1F
0x080E8DDC	thumb	sma3_StdMsg_Scroll4px
0x080E8DEC	thumb	sma3_StdMsg_Scroll3px
0x080E8DFC	thumb	sma3_StdMsg_Scroll2px
0x080E8E0C	thumb	sma3_StdMsg_Scroll1px
0x080E8E1C	thumb	sma3_StdMsg_Cmd10
0x080E8E20	thumb	sma3_StdMsg_EraseRows
0x080E8E48	thumb	sma3_StdMsg_NewLineBuffered
0x080E8E64	thumb	sma3_StdMsg_WaitWithoutArrow
0x080E8E80	thumb	sma3_StdMsg_WaitWithArrow
0x080E8EA8	thumb	sma3_StdMsg_Cmd09
0x080E8ECC	thumb	sma3_StdMsg_NewLine_y30
0x080E8EE0	thumb	sma3_StdMsg_NewLine_y20
0x080E8EF4	thumb	sma3_StdMsg_NewLine_y10
0x080E8F08	thumb	sma3_StdMsg_NewLine_y00
0x080E8F1C	thumb	sma3_StdMsg_Erase_y30
0x080E8F2C	thumb	sma3_StdMsg_Erase_y20
0x080E8F3C	thumb	sma3_StdMsg_Erase_y10
0x080E8F4C	thumb	sma3_StdMsg_Erase_y00
0x080E8F5C	thumb	sma3_StdMsg_Cmd00
0x080E8F70	thumb	sma3_StdMsg_CmdMain
0x080E8F90	thumb	sma3_StdMsg_ProcessNext
0x080E90C4	thumb	sma3_Sub080E90C4
0x080E9100	thumb	sma3_Sub080E9100
0x080E9118	thumb	sma3_Sub080E9118
0x080E9124	thumb	sma3_Sub080E9124
0x080E920C	thumb	sma3_Sub080E920C
0x080E92E4	thumb	sma3_Sub080E92E4
0x080E9498	thumb	sma3_Sub080E9498
0x080E962C	thumb	sma3_Sub080E962C
0x080E97E8	thumb	sma3_Sub080E97E8
0x080E99CC	thumb	sma3_Sub080E99CC
0x080E9AE8	thumb	sma3_Sub080E9AE8
0x080E9C20	thumb	sma3_Sub080E9C20
0x080E9C6C	thumb	sma3_Sub080E9C6C
0x080E9C90	thumb	sma3_Sub080E9C90
0x080E9CAC	thumb	sma3_Sub080E9CAC
0x080E9D30	thumb	sma3_Sub080E9D30
0x080E9D74	thumb	sma3_Sub080E9D74
0x080E9DC8	thumb	sma3_Sub080E9DC8
0x080E9EC8	thumb	sma3_Sub080E9EC8
0x080E9F08	thumb	sma3_Sub080E9F08
0x080E9FA4	thumb	sma3_Sub080E9FA4
0x080EA0A4	thumb	sma3_Sub080EA0A4
0x080EA0F0	thumb	sma3_Return080EA0F0
0x080EA0F4	thumb	sma3_Return080EA0F4
0x080EA0F8	thumb	sma3_Return080EA0F8
0x080EA0FC	thumb	sma3_Return080EA0FC
0x080EA100	thumb	sma3_Sub080EA100
0x080EA210	thumb	sma3_Sub080EA210
0x080EA29C	thumb	sma3_Sub080EA29C
0x080EA2B0	thumb	sma3_Sub080EA2B0
0x080EA380	thumb	sma3_Sub080EA380
0x080EA464	thumb	sma3_Sub080EA464
0x080EA534	thumb	sma3_Sub080EA534
0x080EA550	thumb	sma3_Sub080EA550
0x080EA5A4	thumb	sma3_Sub080EA5A4
0x080EA5C4	thumb	sma3_Return080EA5C4
0x080EA5C8	thumb	sma3_BanditMinigameMain
0x080EA640	thumb	sma3_Sub080EA640
0x080EA7C8	thumb	sma3_Return080EA7C8
0x080EA7CC	thumb	sma3_Return080EA7CC
0x080EA7D0	thumb	sma3_Return080EA7D0
0x080EA7D4	thumb	sma3_Return080EA7D4
0x080EA7D8	thumb	sma3_Sub080EA7D8
0x080EA850	thumb	sma3_Sub080EA850
0x080EA98C	thumb	sma3_BanditMinigameInit
0x080EACDC	thumb	sma3_Sub080EACDC
0x080EAD40	thumb	sma3_Return080EAD40
0x080EAD44	thumb	sma3_Sub080EAD44
0x080EAF6C	thumb	sma3_Sub080EAF6C
0x080EB0F8	thumb	sma3_Sub080EB0F8
0x080EB27C	thumb	sma3_Sub080EB27C
0x080EB2A4	thumb	sma3_Sub080EB2A4
0x080EB32C	thumb	sma3_Sub080EB32C
0x080EB3E4	thumb	sma3_Sub080EB3E4
0x080EB418	thumb	sma3_Sub080EB418
0x080EB44C	thumb	sma3_Sub080EB44C
0x080EB498	thumb	sma3_Sub080EB498
0x080EB4D4	thumb	sma3_Sub080EB4D4
0x080EB674	thumb	sma3_Sub080EB674
0x080EB7B0	thumb	sma3_Sub080EB7B0
0x080EB7C0	thumb	sma3_Sub080EB7C0
0x080EB930	thumb	sma3_Sub080EB930
0x080EB938	thumb	sma3_Sub080EB938
0x080EBAE4	thumb	sma3_Sub080EBAE4
0x080EBB70	thumb	sma3_Sub080EBB70
0x080EBD00	thumb	sma3_Sub080EBD00
0x080EBD0C	thumb	sma3_Sub080EBD0C
0x080EBDE8	thumb	sma3_Sub080EBDE8
0x080EBE48	thumb	sma3_Sub080EBE48
0x080EBEA8	thumb	sma3_Sub080EBEA8
0x080EBF08	thumb	sma3_Sub080EBF08
0x080EBFA4	thumb	sma3_Sub080EBFA4
0x080EBFF8	thumb	sma3_Sub080EBFF8
0x080EC068	thumb	sma3_Sub080EC068
0x080EC084	thumb	sma3_Sub080EC084
0x080EC240	thumb	sma3_Sub080EC240
0x080EC308	thumb	sma3_Sub080EC308
0x080EC424	thumb	sma3_Sub080EC424
0x080EC44C	thumb	sma3_Sub080EC44C
0x080EC4AC	thumb	sma3_Sub080EC4AC
0x080EC508	thumb	sma3_Sub080EC508
0x080EC55C	thumb	sma3_Sub080EC55C
0x080EC610	thumb	sma3_Sub080EC610
0x080EC6DC	thumb	sma3_Sub080EC6DC
0x080EC7E0	thumb	sma3_Sub080EC7E0
0x080EC908	thumb	sma3_Sub080EC908
0x080ECA48	thumb	sma3_Sub080ECA48
0x080ECBD0	thumb	sma3_Sub080ECBD0
0x080ECD54	thumb	sma3_Sub080ECD54
0x080ECEFC	thumb	sma3_Sub080ECEFC
0x080ED070	thumb	sma3_Sub080ED070
0x080ED07C	thumb	sma3_Sub080ED07C
0x080ED254	thumb	sma3_Sub080ED254
0x080ED3C8	thumb	sma3_Sub080ED3C8
0x080ED538	thumb	sma3_Sub080ED538
0x080ED674	thumb	sma3_Sub080ED674
0x080ED6A0	thumb	sma3_Return080ED6A0
0x080ED6A4	thumb	sma3_Sub080ED6A4
0x080ED720	thumb	sma3_Sub080ED720
0x080ED7A0	thumb	sma3_Sub080ED7A0
0x080ED7F0	thumb	sma3_Sub080ED7F0
0x080ED800	thumb	sma3_Sub080ED800
0x080ED82C	thumb	sma3_Sub080ED82C
0x080ED8FC	thumb	sma3_Sub080ED8FC
0x080ED92C	thumb	sma3_Sub080ED92C
0x080EDB60	thumb	sma3_Sub080EDB60
0x080EDB8C	thumb	sma3_Sub080EDB8C
0x080EDBB8	thumb	sma3_Sub080EDBB8
0x080EDBE4	thumb	sma3_Sub080EDBE4
0x080EDC10	thumb	sma3_Sub080EDC10
0x080EDEA8	thumb	sma3_Sub080EDEA8
0x080EDEC8	thumb	sma3_Sub080EDEC8
0x080EDEF8	thumb	sma3_Sub080EDEF8
0x080EDFE8	thumb	sma3_Sub080EDFE8
0x080EE048	thumb	sma3_Sub080EE048
0x080EE190	thumb	sma3_Sub080EE190
0x080EE23C	thumb	sma3_Sub080EE23C
0x080EE2AC	thumb	sma3_Sub080EE2AC
0x080EE320	thumb	sma3_Sub080EE320
0x080EE3A4	thumb	sma3_Sub080EE3A4
0x080EE3D8	thumb	sma3_Sub080EE3D8
0x080EE450	thumb	sma3_Sub080EE450
0x080EE494	thumb	sma3_Sub080EE494
0x080EE5DC	thumb	sma3_Sub080EE5DC
0x080EE604	thumb	sma3_Sub080EE604
0x080EE78C	thumb	sma3_Sub080EE78C
0x080EE798	thumb	sma3_Sub080EE798
0x080EE7A4	thumb	sma3_Sub080EE7A4
0x080EE90C	thumb	sma3_Sub080EE90C
0x080EE93C	thumb	sma3_Sub080EE93C
0x080EE954	thumb	sma3_Sub080EE954
0x080EE980	thumb	sma3_Sub080EE980
0x080EE9F0	thumb	sma3_Sub080EE9F0
0x080EEA60	thumb	sma3_Sub080EEA60
0x080EEAD4	thumb	sma3_Sub080EEAD4
0x080EECB8	thumb	sma3_Sub080EECB8
0x080EED78	thumb	sma3_Sub080EED78
0x080EEE18	thumb	sma3_Sub080EEE18
0x080EEE50	thumb	sma3_Sub080EEE50
0x080EEEC4	thumb	sma3_Sub080EEEC4
0x080EEF24	thumb	sma3_Sub080EEF24
0x080EEF48	thumb	sma3_Sub080EEF48
0x080EF058	thumb	sma3_Sub080EF058
0x080EF118	thumb	sma3_Sub080EF118
0x080EF30C	thumb	sma3_Sub080EF30C
0x080EF3C4	thumb	sma3_GoalMinigameMain
0x080EF43C	thumb	sma3_Sub080EF43C
0x080EF58C	thumb	sma3_Sub080EF58C
0x080EF708	thumb	sma3_Sub080EF708
0x080EF7CC	thumb	sma3_GoalMinigameInit
0x080EFC34	thumb	sma3_GoalMinigame_LoadGraphics
0x080EFD54	thumb	sma3_GoalMinigame_LoadPalette
0x080EFDB8	thumb	sma3_Sub080EFDB8
0x080EFDE8	thumb	sma3_Sub080EFDE8
0x080EFE34	thumb	sma3_Sub080EFE34
0x080EFEA4	thumb	sma3_Sub080EFEA4
0x080EFF78	thumb	sma3_Sub080EFF78
0x080EFFEC	thumb	sma3_Sub080EFFEC
0x080F0010	thumb	sma3_Sub080F0010
0x080F0034	thumb	sma3_Sub080F0034
0x080F00AC	thumb	sma3_Sub080F00AC
0x080F0134	thumb	sma3_Sub080F0134
0x080F0210	thumb	sma3_Sub080F0210
0x080F0234	thumb	sma3_Sub080F0234
0x080F028C	thumb	sma3_Sub080F028C
0x080F0310	thumb	sma3_Sub080F0310
0x080F0350	thumb	sma3_Sub080F0350
0x080F03F8	thumb	sma3_GoalMinigameEnd
0x080F0558	thumb	sma3_Sub080F0558
0x080F05E4	thumb	sma3_Sub080F05E4
0x080F0638	thumb	sma3_Sub080F0638
0x080F0660	thumb	sma3_Sub080F0660
0x080F0710	thumb	sma3_Sub080F0710
0x080F0760	thumb	sma3_Sub080F0760
0x080F07CC	thumb	sma3_Sub080F07CC
0x080F07E8	thumb	sma3_Sub080F07E8
0x080F0804	thumb	sma3_Sub080F0804
0x080F0810	thumb	sma3_Sub080F0810
0x080F081C	thumb	sma3_Sub080F081C
0x080F0860	thumb	sma3_Sub080F0860
0x080F08CC	thumb	sma3_Sub080F08CC
0x080F08E4	thumb	sma3_Sub080F08E4
0x080F0C20	thumb	sma3_Sub080F0C20
0x080F0C40	thumb	sma3_Return080F0C40
0x080F0C44	thumb	sma3_Sub080F0C44
0x080F0C70	thumb	sma3_Sub080F0C70
0x080F0CAC	thumb	sma3_Sub080F0CAC
0x080F0D34	thumb	sma3_Sub080F0D34
0x080F0D88	thumb	sma3_Sub080F0D88
0x080F0EDC	thumb	sma3_Sub080F0EDC
0x080F0F24	thumb	sma3_Sub080F0F24
0x080F0F58	thumb	sma3_Sub080F0F58
0x080F0F70	thumb	sma3_Sub080F0F70
0x080F0F8C	thumb	sma3_Sub080F0F8C
0x080F1000	thumb	sma3_Sub080F1000
0x080F1080	thumb	sma3_Sub080F1080
0x080F1118	thumb	sma3_Sub080F1118
0x080F1188	thumb	sma3_Sub080F1188
0x080F12B4	thumb	sma3_Sub080F12B4
0x080F12DC	thumb	sma3_Sub080F12DC
0x080F1468	thumb	sma3_Sub080F1468
0x080F14C4	thumb	sma3_Sub080F14C4
0x080F14F0	thumb	sma3_Sub080F14F0
0x080F15F4	thumb	sma3_Sub080F15F4
0x080F166C	thumb	sma3_Sub080F166C
0x080F17B4	thumb	sma3_Sub080F17B4
0x080F1840	thumb	sma3_Sub080F1840
0x080F18C8	thumb	sma3_Sub080F18C8
0x080F1998	thumb	sma3_Sub080F1998
0x080F1A08	thumb	sma3_Sub080F1A08
0x080F1A4C	thumb	sma3_Sub080F1A4C
0x080F1ABC	thumb	sma3_Sub080F1ABC
0x080F1C08	thumb	sma3_Sub080F1C08
0x080F1C2C	thumb	sma3_Sub080F1C2C
0x080F1C60	thumb	sma3_Sub080F1C60
0x080F1C94	thumb	sma3_Sub080F1C94
0x080F1CE8	thumb	sma3_Sub080F1CE8
0x080F1D3C	thumb	sma3_Sub080F1D3C
0x080F1E64	thumb	sma3_Sub080F1E64
0x080F20AC	thumb	sma3_Sub080F20AC
0x080F2114	thumb	sma3_Sub080F2114
0x080F213C	thumb	sma3_Sub080F213C
0x080F21FC	thumb	sma3_Sub080F21FC
0x080F2214	thumb	sma3_Sub080F2214
0x080F233C	thumb	sma3_Sub080F233C
0x080F2394	thumb	sma3_Sub080F2394
0x080F23BC	thumb	sma3_Sub080F23BC
0x080F249C	thumb	sma3_Sub080F249C
0x080F251C	thumb	sma3_Sub080F251C
0x080F259C	thumb	sma3_Sub080F259C
0x080F269C	thumb	sma3_Sub080F269C
0x080F275C	thumb	sma3_Sub080F275C
0x080F27FC	thumb	sma3_Sub080F27FC
0x080F2924	thumb	sma3_Sub080F2924
0x080F2A14	thumb	sma3_Sub080F2A14
0x080F2B20	thumb	sma3_Sub080F2B20
0x080F2B38	thumb	sma3_Sub080F2B38
0x080F2C90	thumb	sma3_Sub080F2C90
0x080F2D1C	thumb	sma3_Sub080F2D1C
0x080F2D30	thumb	sma3_Sub080F2D30
0x080F2DC8	thumb	sma3_Sub080F2DC8
0x080F2E54	thumb	sma3_Sub080F2E54
0x080F3010	thumb	sma3_Sub080F3010
0x080F3170	thumb	sma3_Sub080F3170
0x080F3284	thumb	sma3_Sub080F3284
0x080F32A0	thumb	sma3_Sub080F32A0
0x080F333C	thumb	sma3_Sub080F333C
0x080F3464	thumb	sma3_Sub080F3464
0x080F3580	thumb	sma3_Sub080F3580
0x080F35D0	thumb	sma3_Sub080F35D0
0x080F363C	thumb	sma3_Sub080F363C
0x080F3698	thumb	sma3_Sub080F3698
0x080F37DC	thumb	sma3_Sub080F37DC
0x080F3838	thumb	sma3_Sub080F3838
0x080F3964	thumb	sma3_Sub080F3964
0x080F39E0	thumb	sma3_Sub080F39E0
0x080F3A2C	thumb	sma3_Sub080F3A2C
0x080F3B2C	thumb	sma3_Sub080F3B2C
0x080F3B7C	thumb	sma3_Sub080F3B7C
0x080F3C10	thumb	sma3_Sub080F3C10
0x080F3C24	thumb	sma3_Sub080F3C24
0x080F3C38	thumb	sma3_Sub080F3C38
0x080F3CB8	thumb	sma3_Sub080F3CB8
0x080F3CCC	thumb	sma3_Sub080F3CCC
0x080F3CFC	thumb	sma3_Sub080F3CFC
0x080F3D44	thumb	sma3_Sub080F3D44
0x080F3D8C	thumb	sma3_Sub080F3D8C
0x080F3DC0	thumb	sma3_Sub080F3DC0
0x080F3DF4	thumb	sma3_Sub080F3DF4
0x080F3E7C	thumb	sma3_Sub080F3E7C
0x080F3F0C	thumb	sma3_Sub080F3F0C
0x080F3F44	thumb	sma3_Sub080F3F44
0x080F4068	thumb	sma3_Sub080F4068
0x080F4198	thumb	sma3_Sub080F4198
0x080F41D8	thumb	sma3_Sub080F41D8
0x080F421C	thumb	sma3_Sub080F421C
0x080F42EC	thumb	sma3_Sub080F42EC
0x080F4330	thumb	sma3_Sub080F4330
0x080F4348	thumb	sma3_Sub080F4348
0x080F43C0	thumb	sma3_Sub080F43C0
0x080F43D4	thumb	sma3_Sub080F43D4
0x080F4448	thumb	sma3_Sub080F4448
0x080F44C0	thumb	sma3_Sub080F44C0
0x080F4540	thumb	sma3_Sub080F4540
0x080F459C	thumb	sma3_Sub080F459C
0x080F4640	thumb	sma3_Sub080F4640
0x080F469C	thumb	sma3_Sub080F469C
0x080F4740	thumb	sma3_Sub080F4740
0x080F4888	thumb	sma3_Sub080F4888
0x080F48CC	thumb	sma3_Sub080F48CC
0x080F48FC	thumb	sma3_Sub080F48FC
0x080F4A40	thumb	sma3_Sub080F4A40
0x080F4AA8	thumb	sma3_Sub080F4AA8
0x080F4AE8	thumb	sma3_Sub080F4AE8
0x080F4BC0	thumb	sma3_Sub080F4BC0
0x080F4C74	thumb	sma3_Sub080F4C74
0x080F4C9C	thumb	sma3_Sub080F4C9C
0x080F4CB4	thumb	sma3_Sub080F4CB4
0x080F4D0C	thumb	sma3_Sub080F4D0C
0x080F4E54	thumb	sma3_Sub080F4E54
0x080F4E74	thumb	sma3_Sub080F4E74
0x080F4EB0	thumb	sma3_Sub080F4EB0
0x080F4F8C	thumb	sma3_Sub080F4F8C
0x080F4FF8	thumb	sma3_Sub080F4FF8
0x080F5034	thumb	sma3_Sub080F5034
0x080F5170	thumb	sma3_Sub080F5170
0x080F5370	thumb	sma3_Sub080F5370
0x080F53CC	thumb	sma3_Sub080F53CC
0x080F5414	thumb	sma3_Sub080F5414
0x080F544C	thumb	sma3_Sub080F544C
0x080F5538	thumb	sma3_Sub080F5538
0x080F5580	thumb	sma3_Sub080F5580
0x080F565C	thumb	sma3_Sub080F565C
0x080F5680	thumb	sma3_Sub080F5680
0x080F5700	thumb	sma3_Sub080F5700
0x080F5784	thumb	sma3_Sub080F5784
0x080F57DC	thumb	sma3_Sub080F57DC
0x080F5840	thumb	sma3_Sub080F5840
0x080F588C	thumb	sma3_Sub080F588C
0x080F58F4	thumb	sma3_Sub080F58F4
0x080F590C	thumb	sma3_Sub080F590C
0x080F597C	thumb	sma3_GameState_3C
0x080F59AC	thumb	sma3_Sub080F59AC
0x080F5A34	thumb	sma3_IntroCutscene_LoadPalette
0x080F5B10	thumb	sma3_IntroCutscene_LoadGraphics
0x080F5B84	thumb	sma3_Sub080F5B84
0x080F5CA4	thumb	sma3_IntroCutsceneInit
0x080F615C	thumb	sma3_Sub080F615C
0x080F61A0	thumb	sma3_Sub080F61A0
0x080F6274	thumb	sma3_Sub080F6274
0x080F62B0	thumb	sma3_Return080F62B0
0x080F62B4	thumb	sma3_Sub080F62B4
0x080F62E8	thumb	sma3_Sub080F62E8
0x080F6320	thumb	sma3_Sub080F6320
0x080F6354	thumb	sma3_Sub080F6354
0x080F6428	thumb	sma3_Sub080F6428
0x080F6568	thumb	sma3_Sub080F6568
0x080F65E8	thumb	sma3_Sub080F65E8
0x080F6718	thumb	sma3_IntroCutsceneMain
0x080F67D4	thumb	sma3_Sub080F67D4
0x080F6824	thumb	sma3_Sub080F6824
0x080F683C	thumb	sma3_Sub080F683C
0x080F6870	thumb	sma3_Sub080F6870
0x080F68EC	thumb	sma3_Sub080F68EC
0x080F6960	thumb	sma3_Sub080F6960
0x080F69F4	thumb	sma3_Sub080F69F4
0x080F6A14	thumb	sma3_Sub080F6A14
0x080F6A7C	thumb	sma3_Sub080F6A7C
0x080F6BCC	thumb	sma3_Sub080F6BCC
0x080F6CA8	thumb	sma3_Sub080F6CA8
0x080F6D78	thumb	sma3_Sub080F6D78
0x080F6E38	thumb	sma3_Sub080F6E38
0x080F6E70	thumb	sma3_Sub080F6E70
0x080F6ED0	thumb	sma3_Sub080F6ED0
0x080F6F30	thumb	sma3_Sub080F6F30
0x080F7088	thumb	sma3_Cutscene100Init
0x080F756C	thumb	sma3_Sub080F756C
0x080F7594	thumb	sma3_Sub080F7594
0x080F777C	thumb	sma3_Sub080F777C
0x080F7844	thumb	sma3_Sub080F7844
0x080F78D0	thumb	sma3_Sub080F78D0
0x080F79D8	thumb	sma3_Sub080F79D8
0x080F7A74	thumb	sma3_Sub080F7A74
0x080F7C14	thumb	sma3_Return080F7C14
0x080F7C18	thumb	sma3_Sub080F7C18
0x080F7C98	thumb	sma3_Sub080F7C98
0x080F7D28	thumb	sma3_Sub080F7D28
0x080F7D9C	thumb	sma3_Sub080F7D9C
0x080F7E3C	thumb	sma3_Sub080F7E3C
0x080F7EC8	thumb	sma3_Sub080F7EC8
0x080F7F18	thumb	sma3_Sub080F7F18
0x080F7FAC	thumb	sma3_Sub080F7FAC
0x080F8020	thumb	sma3_Sub080F8020
0x080F80E4	thumb	sma3_Sub080F80E4
0x080F81EC	thumb	sma3_Sub080F81EC
0x080F82D4	thumb	sma3_Sub080F82D4
0x080F83F8	thumb	sma3_Sub080F83F8
0x080F8498	thumb	sma3_Sub080F8498
0x080F84B4	thumb	sma3_Return080F84B4
0x080F84B8	thumb	sma3_Sub080F84B8
0x080F85D0	thumb	sma3_Sub080F85D0
0x080F8660	thumb	sma3_Sub080F8660
0x080F86D4	thumb	sma3_Sub080F86D4
0x080F86F0	thumb	sma3_Sub080F86F0
0x080F86FC	thumb	sma3_Sub080F86FC
0x080F8718	thumb	sma3_Sub080F8718
0x080F8734	thumb	sma3_Sub080F8734
0x080F8750	thumb	sma3_Sub080F8750
0x080F876C	thumb	sma3_Sub080F876C
0x080F8788	thumb	sma3_Sub080F8788
0x080F87A4	thumb	sma3_Sub080F87A4
0x080F8814	thumb	sma3_Sub080F8814
0x080F8894	thumb	sma3_Sub080F8894
0x080F89CC	thumb	sma3_Sub080F89CC
0x080F8AB4	thumb	sma3_Sub080F8AB4
0x080F8D98	thumb	sma3_Sub080F8D98
0x080F8EA8	thumb	sma3_Sub080F8EA8
0x080F8F3C	thumb	sma3_Sub080F8F3C
0x080F8F6C	thumb	sma3_Cutscene100Main
0x080F8FA8	thumb	sma3_Sub080F8FA8
0x080F8FF0	thumb	sma3_Sub080F8FF0
0x080F9034	thumb	sma3_Sub080F9034
0x080F907C	thumb	sma3_Sub080F907C
0x080F90C0	thumb	sma3_Sub080F90C0
0x080F9104	thumb	sma3_Sub080F9104
0x080F9124	thumb	sma3_Sub080F9124
0x080F9140	thumb	sma3_Sub080F9140
0x080F9154	thumb	sma3_Sub080F9154
0x080F91A8	thumb	sma3_Sub080F91A8
0x080F9230	thumb	sma3_Sub080F9230
0x080F92C4	thumb	sma3_Sub080F92C4
0x080F9508	thumb	sma3_Sub080F9508
0x080F958C	thumb	sma3_InitSaveGlobalWRAM
0x080F960C	thumb	sma3_Sub080F960C
0x080F9680	thumb	sma3_Sub080F9680
0x080F96F4	thumb	sma3_Sub080F96F4
0x080F9774	thumb	sma3_Sub080F9774
0x080F9A7C	thumb	sma3_Sub080F9A7C
0x080F9B84	thumb	sma3_Sub080F9B84
0x080F9BB0	thumb	sma3_Sub080F9BB0
0x080F9C5C	thumb	sma3_Sub080F9C5C
0x080F9D08	thumb	sma3_Sub080F9D08
0x080F9FF0	thumb	sma3_Sub080F9FF0
0x080FA028	thumb	sma3_Sub080FA028
0x080FA098	thumb	sma3_InitSaveFileWRAM
0x080FA1F0	thumb	sma3_Sub080FA1F0
0x080FA2F8	thumb	sma3_Sub080FA2F8
0x080FA3AC	thumb	sma3_Sub080FA3AC
0x080FA3F8	thumb	sma3_Sub080FA3F8
0x080FA598	thumb	sma3_Sub080FA598
0x080FA8BC	thumb	sma3_Sub080FA8BC
0x080FA924	thumb	sma3_Return080FA924
0x080FA928	thumb	sma3_Return080FA928
0x080FA92C	thumb	sma3_Sub080FA92C
0x080FA9AC	thumb	sma3_Return080FA9AC
0x080FA9B0	thumb	sma3_Sub080FA9B0
0x080FA9D8	thumb	sma3_GameMode03_GameInit
0x080FAA00	thumb	sma3_Sub080FAA00
0x080FAA28	thumb	sma3_Sub080FAA28
0x080FAA64	thumb	sma3_Sub080FAA64
0x080FAAA8	thumb	sma3_Sub080FAAA8
0x080FAAD0	thumb	sma3_Sub080FAAD0
0x080FAB2C	thumb	sma3_Sub080FAB2C
0x080FAB74	thumb	sma3_Sub080FAB74
0x080FADAC	thumb	sma3_Sub080FADAC
0x080FADE0	thumb	sma3_Sub080FADE0
0x080FAE4C	thumb	sma3_Sub080FAE4C
0x080FAF0C	thumb	sma3_Sub080FAF0C
0x080FAF78	thumb	sma3_Sub080FAF78
0x080FAFFC	thumb	sma3_SetLastSaveFile
0x080FB01C	thumb	sma3_Sub080FB01C
0x080FB188	thumb	sma3_Sub080FB188
0x080FB1E8	thumb	sma3_Sub080FB1E8
0x080FB244	thumb	sma3_Sub080FB244
0x080FB46C	thumb	sma3_Sub080FB46C
0x080FB56C	thumb	sma3_Sub080FB56C
0x080FB5C8	thumb	sma3_Sub080FB5C8
0x080FB6F0	thumb	sma3_Sub080FB6F0
0x080FB788	thumb	sma3_Sub080FB788
0x080FB8AC	thumb	sma3_Sub080FB8AC
0x080FB988	thumb	sma3_Sub080FB988
0x080FB9A0	thumb	sma3_Sub080FB9A0
0x080FBA00	thumb	sma3_Sub080FBA00
0x080FBB8C	thumb	sma3_Sub080FBB8C
0x080FBD00	thumb	sma3_Sub080FBD00
0x080FBD54	thumb	sma3_Sub080FBD54
0x080FBEBC	thumb	sma3_Sub080FBEBC
0x080FBF84	thumb	sma3_Sub080FBF84
0x080FC008	thumb	sma3_Sub080FC008
0x080FC088	thumb	sma3_Sub080FC088
0x080FC0A0	thumb	sma3_Sub080FC0A0
0x080FC0F8	thumb	sma3_Sub080FC0F8
0x080FC148	thumb	sma3_Sub080FC148
0x080FC1AC	thumb	sma3_Return080FC1AC
0x080FC1B0	thumb	sma3_Sub080FC1B0
0x080FC1F0	thumb	sma3_Sub080FC1F0
0x080FC228	thumb	sma3_Sub080FC228
0x080FC248	thumb	sma3_Sub080FC248
0x080FC254	thumb	sma3_Sub080FC254
0x080FC25C	thumb	sma3_Sub080FC25C
0x080FC2A8	thumb	sma3_Sub080FC2A8
0x080FC304	thumb	sma3_Sub080FC304
0x080FC370	thumb	sma3_Sub080FC370
0x080FC3D8	thumb	sma3_Sub080FC3D8
0x080FC418	thumb	sma3_Sub080FC418
0x080FC4E4	thumb	sma3_Sub080FC4E4
0x080FC52C	thumb	sma3_Sub080FC52C
0x080FC568	thumb	sma3_Sub080FC568
0x080FC62C	thumb	sma3_Sub080FC62C
0x080FC668	thumb	sma3_Sub080FC668
0x080FC7A0	thumb	sma3_Sub080FC7A0
0x080FC878	thumb	sma3_Sub080FC878
0x080FC898	thumb	sma3_Sub080FC898
0x080FC8B0	thumb	sma3_Sub080FC8B0
0x080FC938	thumb	sma3_Sub080FC938
0x080FC980	thumb	sma3_Sub080FC980
0x080FC9E0	thumb	sma3_Sub080FC9E0
0x080FCA48	thumb	sma3_Sub080FCA48
0x080FCA60	thumb	sma3_Sub080FCA60
0x080FCA88	thumb	sma3_FillMessageBuffer
0x080FCAC4	thumb	sma3_Sub080FCAC4
0x080FCB4C	thumb	sma3_Sub080FCB4C
0x080FCB88	thumb	sma3_Sub080FCB88
0x080FCBB0	thumb	sma3_Sub080FCBB0
0x080FCBC4	thumb	sma3_DynamicAllocate_Text
0x080FCC00	thumb	sma3_Sub080FCC00
0x080FCC38	thumb	sma3_LevelName_DispChar
0x080FCD2C	thumb	sma3_LevelName_ProcessChar
0x080FCD98	thumb	sma3_Sub080FCD98
0x080FCDD4	thumb	sma3_Sub080FCDD4
0x080FCF50	thumb	sma3_Sub080FCF50
0x080FCFA8	thumb	sma3_Sub080FCFA8
0x080FD014	thumb	sma3_Sub080FD014
0x080FD078	thumb	sma3_Sub080FD078
0x080FD09C	thumb	sma3_Sub080FD09C
0x080FD0AC	thumb	sma3_Sub080FD0AC
0x080FD0C8	thumb	sma3_Sub080FD0C8
0x080FD174	thumb	sma3_Sub080FD174
0x080FD180	thumb	sma3_Sub080FD180
0x080FD194	thumb	sma3_Sub080FD194
0x080FD1A8	thumb	sma3_Sub080FD1A8
0x080FD1BC	thumb	sma3_Sub080FD1BC
0x080FD1E4	thumb	sma3_Sub080FD1E4
0x080FD318	thumb	sma3_Sub080FD318
0x080FD338	thumb	sma3_Sub080FD338
0x080FD368	thumb	sma3_Sub080FD368
0x080FD378	thumb	sma3_Sub080FD378
0x080FD390	thumb	sma3_Sub080FD390
0x080FD484	thumb	sma3_Sub080FD484
0x080FD500	thumb	sma3_Sub080FD500
0x080FD56C	thumb	sma3_Sub080FD56C
0x080FD580	thumb	sma3_Sub080FD580
0x080FD620	thumb	sma3_Sub080FD620
0x080FD678	thumb	sma3_Sub080FD678
0x080FD6B4	thumb	sma3_Sub080FD6B4
0x080FD6D4	thumb	sma3_Sub080FD6D4
0x080FD744	thumb	sma3_Sub080FD744
0x080FD79C	thumb	sma3_Sub080FD79C
0x080FD7F8	thumb	sma3_Sub080FD7F8
0x080FD83C	thumb	sma3_Sub080FD83C
0x080FD8D4	thumb	sma3_Sub080FD8D4
0x080FD91C	thumb	sma3_Sub080FD91C
0x080FD964	thumb	sma3_Sub080FD964
0x080FD99C	thumb	sma3_Sub080FD99C
0x080FD9F4	thumb	sma3_Sub080FD9F4
0x080FDA18	thumb	sma3_Sub080FDA18
0x080FDA44	thumb	sma3_Sub080FDA44
0x080FDA6C	thumb	sma3_Sub080FDA6C
0x080FDB84	thumb	sma3_Sub080FDB84
0x080FDBD8	thumb	sma3_Sub080FDBD8
0x080FDC44	thumb	sma3_Sub080FDC44
0x080FDC90	thumb	sma3_Return080FDC90
0x080FDC94	thumb	sma3_Sub080FDC94
0x080FDCF8	thumb	sma3_Sub080FDCF8
0x080FDD4C	thumb	sma3_Sub080FDD4C
0x080FDD70	thumb	sma3_Sub080FDD70
0x080FDDC0	thumb	sma3_Sub080FDDC0
0x080FDE14	thumb	sma3_Sub080FDE14
0x080FDE18	thumb	sma3_Sub080FDE18
0x080FDE9C	thumb	sma3_Sub080FDE9C
0x080FDEEC	thumb	sma3_Sub080FDEEC
0x080FDF14	thumb	sma3_Sub080FDF14
0x080FDF34	thumb	sma3_Sub080FDF34
0x080FDF74	thumb	sma3_Sub080FDF74
0x080FDFC8	thumb	sma3_Sub080FDFC8
0x080FDFE0	thumb	sma3_Sub080FDFE0
0x080FE02C	thumb	sma3_Sub080FE02C
0x080FE06C	thumb	sma3_Sub080FE06C
0x080FE08C	thumb	sma3_Sub080FE08C
0x080FE0C0	thumb	sma3_Sub080FE0C0
0x080FE104	thumb	sma3_Sub080FE104
0x080FE298	thumb	sma3_Sub080FE298
0x080FE374	thumb	sma3_Sub080FE374
0x080FE3AC	thumb	sma3_Sub080FE3AC
0x080FE45C	thumb	sma3_Return080FE45C
0x080FE460	thumb	sma3_Sub080FE460
0x080FE484	thumb	sma3_Sub080FE484
0x080FE4A0	thumb	sma3_Sub080FE4A0
0x080FE588	thumb	sma3_Sub080FE588
0x080FE5C8	thumb	sma3_Sub080FE5C8
0x080FE650	thumb	sma3_Return080FE650
0x080FE654	thumb	sma3_Sub080FE654
0x080FE6C8	thumb	sma3_Sub080FE6C8
0x080FE72C	thumb	sma3_YITitle_LoadGraphics
0x080FE9A4	thumb	sma3_Sub080FE9A4
0x080FE9C8	thumb	sma3_Return080FE9C8
0x080FE9CC	thumb	sma3_Sub080FE9CC
0x080FE9F0	thumb	sma3_Sub080FE9F0
0x080FEC5C	thumb	sma3_Sub080FEC5C
0x080FECD8	thumb	sma3_Sub080FECD8
0x080FEDF4	thumb	sma3_Sub080FEDF4
0x080FEEE4	thumb	sma3_YITitleMain
0x080FEF38	thumb	sma3_Sub080FEF38
0x080FEF90	thumb	sma3_Sub080FEF90
0x080FEFD0	thumb	sma3_Sub080FEFD0
0x080FF054	thumb	sma3_Sub080FF054
0x080FF058	thumb	sma3_Sub080FF058
0x080FF06C	thumb	sma3_Sub080FF06C
0x080FF08C	thumb	sma3_Sub080FF08C
0x080FF154	thumb	sma3_Sub080FF154
0x080FF1B8	thumb	sma3_FileSelect_SetFileIconIndex
0x080FF1FC	thumb	sma3_Sub080FF1FC
0x080FF324	thumb	sma3_Sub080FF324
0x080FF47C	thumb	sma3_Sub080FF47C
0x080FF514	thumb	sma3_Sub080FF514
0x080FF590	thumb	sma3_Sub080FF590
0x080FF65C	thumb	sma3_FileSelect_Write24x24Icon
0x080FF6A4	thumb	sma3_Sub080FF6A4
0x080FF76C	thumb	sma3_Sub080FF76C
0x080FF9BC	thumb	sma3_Sub080FF9BC
0x080FFAF0	thumb	sma3_Sub080FFAF0
0x080FFB68	thumb	sma3_Sub080FFB68
0x080FFBD8	thumb	sma3_Sub080FFBD8
0x080FFD30	thumb	sma3_Sub080FFD30
0x080FFDA8	thumb	sma3_FileSelect_DispChar
0x080FFEF4	thumb	sma3_FileSelect_DispText
0x080FFF50	thumb	sma3_Sub080FFF50
0x080FFF64	thumb	sma3_Sub080FFF64
0x080FFFB0	thumb	sma3_Sub080FFFB0
0x080FFFE8	thumb	sma3_Sub080FFFE8
0x08100088	thumb	sma3_Sub08100088
0x081000C4	thumb	sma3_Sub081000C4
0x08100140	thumb	sma3_Sub08100140
0x081001B8	thumb	sma3_Sub081001B8
0x08100228	thumb	sma3_Sub08100228
0x0810024C	thumb	sma3_Sub0810024C
0x0810028C	thumb	sma3_Sub0810028C
0x081002B4	thumb	sma3_Sub081002B4
0x08100338	thumb	sma3_Sub08100338
0x08100378	thumb	sma3_Sub08100378
0x0810046C	thumb	sma3_Sub0810046C
0x08100668	thumb	sma3_Sub08100668
0x08100680	thumb	sma3_Sub08100680
0x08100790	thumb	sma3_Sub08100790
0x081007C8	thumb	sma3_Sub081007C8
0x08100800	thumb	sma3_Sub08100800
0x08100834	thumb	sma3_Sub08100834
0x08100854	thumb	sma3_Sub08100854
0x081008CC	thumb	sma3_Sub081008CC
0x08100A20	thumb	sma3_Sub08100A20
0x08100A2C	thumb	sma3_Sub08100A2C
0x08100A64	thumb	sma3_Sub08100A64
0x08100A8C	thumb	sma3_Sub08100A8C
0x08100AA4	thumb	sma3_Sub08100AA4
0x08100B8C	thumb	sma3_Sub08100B8C
0x08100B90	thumb	sma3_Sub08100B90
0x08100BDC	thumb	sma3_Sub08100BDC
0x08100C08	thumb	sma3_Sub08100C08
0x08100C58	thumb	sma3_Sub08100C58
0x08100C80	thumb	sma3_Sub08100C80
0x08100C8C	thumb	sma3_Sub08100C8C
0x08100CCC	thumb	sma3_Sub08100CCC
0x08100E10	thumb	sma3_Sub08100E10
0x08100E6C	thumb	sma3_Sub08100E6C
0x08100ED4	thumb	sma3_Sub08100ED4
0x08100F6C	thumb	sma3_Sub08100F6C
0x08100F9C	thumb	sma3_Sub08100F9C
0x08100FA8	thumb	sma3_Sub08100FA8
0x08101000	thumb	sma3_Sub08101000
0x081010C8	thumb	sma3_Sub081010C8
0x081011C8	thumb	sma3_Sub081011C8
0x08101208	thumb	sma3_Sub08101208
0x08101254	thumb	sma3_Sub08101254
0x08101270	thumb	sma3_Sub08101270
0x08101328	thumb	sma3_Sub08101328
0x08101358	thumb	sma3_Sub08101358
0x081013B8	thumb	sma3_Sub081013B8
0x081013E8	thumb	sma3_Sub081013E8
0x0810142C	thumb	sma3_Sub0810142C
0x081014CC	thumb	sma3_Sub081014CC
0x08101508	thumb	sma3_Sub08101508
0x08101580	thumb	sma3_Sub08101580
0x081015E8	thumb	sma3_Sub081015E8
0x08101624	thumb	sma3_Sub08101624
0x08101640	thumb	sma3_Sub08101640
0x08101674	thumb	sma3_Sub08101674
0x081016A0	thumb	sma3_Sub081016A0
0x08101784	thumb	sma3_Sub08101784
0x081017EC	thumb	sma3_Sub081017EC
0x08101824	thumb	sma3_Sub08101824
0x08101894	thumb	sma3_Sub08101894
0x08101980	thumb	sma3_Sub08101980
0x08101A80	thumb	sma3_Sub08101A80
0x08101AD0	thumb	sma3_Sub08101AD0
0x08101B3C	thumb	sma3_Sub08101B3C
0x08101B78	thumb	sma3_Sub08101B78
0x08101BE8	thumb	sma3_Sub08101BE8
0x08101C54	thumb	sma3_Sub08101C54
0x08101CC0	thumb	sma3_Sub08101CC0
0x08101D7C	thumb	sma3_Sub08101D7C
0x08101DB4	thumb	sma3_Sub08101DB4
0x08101DF8	thumb	sma3_Sub08101DF8
0x08101E30	thumb	sma3_Sub08101E30
0x08101EB8	thumb	sma3_Sub08101EB8
0x08101EDC	thumb	sma3_Return08101EDC
0x08101EE0	thumb	sma3_Sub08101EE0
0x08101F38	thumb	sma3_Sub08101F38
0x08101FAC	thumb	sma3_Sub08101FAC
0x08101FF4	thumb	sma3_Sub08101FF4
0x08102004	thumb	sma3_Sub08102004
0x08102010	thumb	sma3_Sub08102010
0x08102064	thumb	sma3_Sub08102064
0x08102094	thumb	sma3_Sub08102094
0x08102098	thumb	sma3_Sub08102098
0x081020D0	thumb	sma3_Sub081020D0
0x08102104	thumb	sma3_YITitle_LoadIconsToLayerVRAM
0x08102124	thumb	sma3_Sub08102124
0x08102140	thumb	sma3_Sub08102140
0x08102188	thumb	sma3_Sub08102188
0x08102208	thumb	sma3_Sub08102208
0x08102250	thumb	sma3_Sub08102250
0x0810225C	thumb	sma3_Sub0810225C
0x081022BC	thumb	sma3_Sub081022BC
0x08102340	thumb	sma3_Sub08102340
0x081024C8	thumb	sma3_Sub081024C8
0x08102530	thumb	sma3_Return08102530
0x08102534	thumb	sma3_Sub08102534
0x0810269C	thumb	sma3_Sub0810269C
0x081026D8	thumb	sma3_Sub081026D8
0x08102728	thumb	sma3_Sub08102728
0x081027AC	thumb	sma3_Sub081027AC
0x0810285C	thumb	sma3_Sub0810285C
0x0810287C	thumb	sma3_Sub0810287C
0x08102898	thumb	sma3_Sub08102898
0x081029B4	thumb	sma3_Sub081029B4
0x08102ACC	thumb	sma3_Sub08102ACC
0x08102BBC	thumb	sma3_Sub08102BBC
0x08102C34	thumb	sma3_Sub08102C34
0x08102C80	thumb	sma3_Sub08102C80
0x08102D00	thumb	sma3_Sub08102D00
0x08102D8C	thumb	sma3_Sub08102D8C
0x08102E74	thumb	sma3_Sub08102E74
0x08102F48	thumb	sma3_Sub08102F48
0x08103058	thumb	sma3_Sub08103058
0x0810306C	thumb	sma3_Sub0810306C
0x08103128	thumb	sma3_Sub08103128
0x081031A0	thumb	sma3_Sub081031A0
0x08103208	thumb	sma3_Sub08103208
0x08103348	thumb	sma3_Sub08103348
0x081033B8	thumb	sma3_Sub081033B8
0x08103428	thumb	sma3_Sub08103428
0x081034D0	thumb	sma3_Sub081034D0
0x081035C4	thumb	sma3_Sub081035C4
0x081036BC	thumb	sma3_Sub081036BC
0x081037B0	thumb	sma3_Sub081037B0
0x081037C4	thumb	sma3_Sub081037C4
0x081037EC	thumb	sma3_Sub081037EC
0x08103888	thumb	sma3_Sub08103888
0x081038DC	thumb	sma3_Sub081038DC
0x08103958	thumb	sma3_Sub08103958
0x081039E0	thumb	sma3_Sub081039E0
0x08103A60	thumb	sma3_Sub08103A60
0x08103B44	thumb	sma3_Sub08103B44
0x08103C4C	thumb	sma3_Sub08103C4C
0x08103E5C	thumb	sma3_Sub08103E5C
0x08103EE4	thumb	sma3_Sub08103EE4
0x08103F60	thumb	sma3_Sub08103F60
0x08103FFC	thumb	sma3_Sub08103FFC
0x0810402C	thumb	sma3_Sub0810402C
0x0810406C	thumb	sma3_Sub0810406C
0x081040C8	thumb	sma3_Sub081040C8
0x08104158	thumb	sma3_Return08104158
0x0810415C	thumb	sma3_Sub0810415C
0x081041F8	thumb	sma3_Sub081041F8
0x08104278	thumb	sma3_Sub08104278
0x081042F8	thumb	sma3_Return081042F8
0x081042FC	thumb	sma3_Sub081042FC
0x08104380	thumb	sma3_Sub08104380
0x08104390	thumb	sma3_Sub08104390
0x08104434	thumb	sma3_Sub08104434
0x0810455C	thumb	sma3_Sub0810455C
0x08104628	thumb	sma3_Sub08104628
0x08104644	thumb	sma3_Sub08104644
0x081046F8	thumb	sma3_Sub081046F8
0x08104844	thumb	sma3_Sub08104844
0x0810487C	thumb	sma3_Sub0810487C
0x08104910	thumb	sma3_Sub08104910
0x0810496C	thumb	sma3_Sub0810496C
0x08104A38	thumb	sma3_Sub08104A38
0x08104A94	thumb	sma3_Sub08104A94
0x08104AB0	thumb	sma3_Sub08104AB0
0x08104B68	thumb	sma3_Sub08104B68
0x08104CA4	thumb	sma3_Sub08104CA4
0x08104D20	thumb	sma3_Sub08104D20
0x08104EF0	thumb	sma3_Sub08104EF0
0x08104F54	thumb	sma3_Sub08104F54
0x08104FCC	thumb	sma3_Sub08104FCC
0x0810506C	thumb	sma3_Sub0810506C
0x08105080	thumb	sma3_Sub08105080
0x08105164	thumb	sma3_Sub08105164
0x081051F4	thumb	sma3_Sub081051F4
0x08105270	thumb	sma3_Sub08105270
0x0810536C	thumb	sma3_Sub0810536C
0x081053F0	thumb	sma3_Sub081053F0
0x08105450	thumb	sma3_Sub08105450
0x081054E4	thumb	sma3_Sub081054E4
0x081054F0	thumb	sma3_Sub081054F0
0x08105508	thumb	sma3_Sub08105508
0x0810552C	thumb	sma3_Sub0810552C
0x08105540	thumb	sma3_Sub08105540
0x08105564	thumb	sma3_Sub08105564
0x08105588	thumb	sma3_Sub08105588
0x081055A4	thumb	sma3_Sub081055A4
0x081055CC	thumb	sma3_Sub081055CC
0x08105614	thumb	sma3_Sub08105614
0x0810565C	thumb	sma3_Sub0810565C
0x0810568C	thumb	sma3_Sub0810568C
0x081056B8	thumb	sma3_Sub081056B8
0x081056D0	thumb	sma3_Sub081056D0
0x081056E8	thumb	sma3_Sub081056E8
0x08105704	thumb	sma3_Sub08105704
0x081057AC	thumb	sma3_Sub081057AC
0x08105878	thumb	sma3_Sub08105878
0x081058C8	thumb	sma3_Sub081058C8
0x08105914	thumb	sma3_Sub08105914
0x08105920	thumb	sma3_Sub08105920
0x08105940	thumb	sma3_Sub08105940
0x08105968	thumb	sma3_Sub08105968
0x08105A1C	thumb	sma3_Sub08105A1C
0x08105A44	thumb	sma3_Sub08105A44
0x08105A78	thumb	sma3_Sub08105A78
0x08105A94	thumb	sma3_Sub08105A94
0x08105ADC	thumb	sma3_Sub08105ADC
0x08105B40	thumb	sma3_Sub08105B40
0x08105B90	thumb	sma3_Sub08105B90
0x08105C24	thumb	sma3_Sub08105C24
0x08105C4C	thumb	sma3_Sub08105C4C
0x08105C7C	thumb	sma3_Sub08105C7C
0x08105D00	thumb	sma3_Sub08105D00
0x08105D24	thumb	sma3_Sub08105D24
0x08105E40	thumb	sma3_Sub08105E40
0x08105ECC	thumb	sma3_Sub08105ECC
0x08105F04	thumb	sma3_Sub08105F04
0x08105F54	thumb	sma3_Sub08105F54
0x08105FA4	thumb	sma3_Sub08105FA4
0x08105FE4	thumb	sma3_Sub08105FE4
0x08105FFC	thumb	sma3_Sub08105FFC
0x08106068	thumb	sma3_Return08106068
0x0810606C	thumb	sma3_Sub0810606C
0x0810609C	thumb	sma3_Sub0810609C
0x081060E4	thumb	sma3_Sub081060E4
0x08106134	thumb	sma3_Sub08106134
0x081062A8	thumb	sma3_Sub081062A8
0x081062FC	thumb	sma3_Sub081062FC
0x08106340	thumb	sma3_Sub08106340
0x08106388	thumb	sma3_Sub08106388
0x081063A8	thumb	sma3_Sub081063A8
0x081063B8	thumb	sma3_Sub081063B8
0x0810641C	thumb	sma3_Sub0810641C
0x0810646C	thumb	sma3_Sub0810646C
0x081064B4	thumb	sma3_Sub081064B4
0x081064CC	thumb	sma3_Sub081064CC
0x081064E0	thumb	sma3_Sub081064E0
0x081064F4	thumb	sma3_Sub081064F4
0x081065D8	thumb	sma3_Sub081065D8
0x0810661C	thumb	sma3_Sub0810661C
0x0810667C	thumb	sma3_Sub0810667C
0x081066D0	thumb	sma3_Sub081066D0
0x0810672C	thumb	sma3_Sub0810672C
0x0810674C	thumb	sma3_Sub0810674C
0x08106770	thumb	sma3_Sub08106770
0x08106954	thumb	sma3_Sub08106954
0x081069B4	thumb	sma3_Sub081069B4
0x08106A04	thumb	sma3_Sub08106A04
0x08106B54	thumb	sma3_Sub08106B54
0x08106BCC	thumb	sma3_Sub08106BCC
0x08106C18	thumb	sma3_Sub08106C18
0x08106C34	thumb	sma3_Sub08106C34
0x08106C98	thumb	sma3_Sub08106C98
0x08106CE0	thumb	sma3_Sub08106CE0
0x08106D24	thumb	sma3_Sub08106D24
0x08106D68	thumb	sma3_Sub08106D68
0x08106D98	thumb	sma3_Sub08106D98
0x08106DCC	thumb	sma3_Sub08106DCC
0x08106EA4	thumb	sma3_Sub08106EA4
0x08106F60	thumb	sma3_Sub08106F60
0x08107068	thumb	sma3_Sub08107068
0x08107118	thumb	sma3_Sub08107118
0x081071AC	thumb	sma3_Sub081071AC
0x081071B8	thumb	sma3_Sub081071B8
0x081071FC	thumb	sma3_Sub081071FC
0x08107230	thumb	sma3_Sub08107230
0x08107284	thumb	sma3_EndingMessage_ProcessLine
0x081072E4	thumb	sma3_Sub081072E4
0x081072E8	thumb	sma3_Sub081072E8
0x081072F0	thumb	sma3_Sub081072F0
0x08107360	thumb	sma3_Sub08107360
0x081073D4	thumb	sma3_Sub081073D4
0x0810752C	thumb	sma3_Sub0810752C
0x0810763C	thumb	sma3_Sub0810763C
0x081076B4	thumb	sma3_Sub081076B4
0x0810775C	thumb	sma3_Sub0810775C
0x081077E4	thumb	sma3_Sub081077E4
0x081079CC	thumb	sma3_Sub081079CC
0x08107A34	thumb	sma3_Sub08107A34
0x08107A74	thumb	sma3_Sub08107A74
0x08107AAC	thumb	sma3_Sub08107AAC
0x08107ADC	thumb	sma3_Sub08107ADC
0x08107AF4	thumb	sma3_Sub08107AF4
0x08107B00	thumb	sma3_Sub08107B00
0x08107B74	thumb	sma3_Sub08107B74
0x08107BA8	thumb	sma3_Sub08107BA8
0x08107BF4	thumb	sma3_Sub08107BF4
0x08107BF8	thumb	sma3_Sub08107BF8
0x08107C00	thumb	sma3_Sub08107C00
0x08107C6C	thumb	sma3_Sub08107C6C
0x08107CD4	thumb	sma3_Sub08107CD4
0x08107D0C	thumb	sma3_Sub08107D0C
0x08107D20	thumb	sma3_Sub08107D20
0x08107D54	thumb	sma3_Sub08107D54
0x08107D6C	thumb	sma3_Sub08107D6C
0x08107E08	thumb	sma3_Sub08107E08
0x08107EB4	thumb	sma3_Sub08107EB4
0x08107F04	thumb	sma3_Sub08107F04
0x08107F4C	thumb	sma3_Sub08107F4C
0x08107FC8	thumb	sma3_Sub08107FC8
0x0810802C	thumb	sma3_Sub0810802C
0x08108108	thumb	sma3_Sub08108108
0x08108114	thumb	sma3_Sub08108114
0x0810817C	thumb	sma3_Sub0810817C
0x081081E4	thumb	sma3_Sub081081E4
0x0810824C	thumb	sma3_Sub0810824C
0x081082F8	thumb	sma3_Sub081082F8
0x08108318	thumb	sma3_Sub08108318
0x081083B8	thumb	sma3_Sub081083B8
0x08108480	thumb	sma3_Sub08108480
0x081084B4	thumb	sma3_Sub081084B4
0x081084E8	thumb	sma3_Sub081084E8
0x08108508	thumb	sma3_Sub08108508
0x081085AC	thumb	sma3_Sub081085AC
0x081085B8	thumb	sma3_Sub081085B8
0x081085C4	thumb	sma3_Sub081085C4
0x081085FC	thumb	sma3_Sub081085FC
0x08108638	thumb	sma3_Sub08108638
0x081086B0	thumb	sma3_Sub081086B0
0x08108728	thumb	sma3_Sub08108728
0x0810876C	thumb	sma3_Sub0810876C
0x081087C8	thumb	sma3_Sub081087C8
0x08108818	thumb	sma3_Sub08108818
0x0810885C	thumb	sma3_Sub0810885C
0x0810889C	thumb	sma3_Sub0810889C
0x081088EC	thumb	sma3_Sub081088EC
0x08108934	thumb	sma3_Sub08108934
0x08108AB4	thumb	sma3_Sub08108AB4
0x08108C64	thumb	sma3_Sub08108C64
0x08108C84	thumb	sma3_Sub08108C84
0x08108D74	thumb	sma3_Sub08108D74
0x08108DE0	thumb	sma3_Sub08108DE0
0x08108F3C	thumb	sma3_Sub08108F3C
0x08108F58	thumb	sma3_Sub08108F58
0x08108F80	thumb	sma3_Sub08108F80
0x0810906C	thumb	sma3_Sub0810906C
0x081090EC	thumb	sma3_Sub081090EC
0x081091AC	thumb	sma3_Sub081091AC
0x081091E4	thumb	sma3_Sub081091E4
0x08109280	thumb	sma3_Sub08109280
0x081092B0	thumb	sma3_Sub081092B0
0x08109344	thumb	sma3_Sub08109344
0x08109394	thumb	sma3_Sub08109394
0x08109450	thumb	sma3_Sub08109450
0x08109490	thumb	sma3_Sub08109490
0x08109538	thumb	sma3_Sub08109538
0x08109558	thumb	sma3_Sub08109558
0x08109570	thumb	sma3_Sub08109570
0x081096B0	thumb	sma3_Sub081096B0
0x081096D4	thumb	sma3_Sub081096D4
0x08109714	thumb	sma3_Sub08109714
0x08109754	thumb	sma3_Sub08109754
0x081097A8	thumb	sma3_Sub081097A8
0x081097F8	thumb	sma3_Sub081097F8
0x08109800	thumb	sma3_Sub08109800
0x08109860	thumb	sma3_Sub08109860
0x08109894	thumb	sma3_Sub08109894
0x081098D8	thumb	sma3_Sub081098D8
0x08109960	thumb	sma3_Sub08109960
0x0810996C	thumb	sma3_Sub0810996C
0x08109990	thumb	sma3_Sub08109990
0x081099D0	thumb	sma3_Sub081099D0
0x081099DC	thumb	sma3_Sub081099DC
0x08109A24	thumb	sma3_Sub08109A24
0x08109A9C	thumb	sma3_Sub08109A9C
0x08109B18	thumb	sma3_Sub08109B18
0x08109B48	thumb	sma3_Sub08109B48
0x08109C6C	thumb	sma3_Sub08109C6C
0x08109C7C	thumb	sma3_Sub08109C7C
0x08109C8C	thumb	sma3_Sub08109C8C
0x08109CAC	thumb	sma3_Sub08109CAC
0x08109D3C	thumb	sma3_Sub08109D3C
0x08109DB8	thumb	sma3_Sub08109DB8
0x08109E7C	thumb	sma3_Sub08109E7C
0x08109EE0	thumb	sma3_Sub08109EE0
0x08109F1C	thumb	sma3_Sub08109F1C
0x08109F68	thumb	sma3_Sub08109F68
0x08109F7C	thumb	sma3_Sub08109F7C
0x08109F90	thumb	sma3_Sub08109F90
0x08109FB8	thumb	sma3_Sub08109FB8
0x08109FD4	thumb	sma3_Sub08109FD4
0x0810A064	thumb	sma3_Sub0810A064
0x0810A0BC	thumb	sma3_Sub0810A0BC
0x0810A0EC	thumb	sma3_Sub0810A0EC
0x0810A134	thumb	sma3_Sub0810A134
0x0810A190	thumb	sma3_Sub0810A190
0x0810A1F4	thumb	sma3_Sub0810A1F4
0x0810A244	thumb	sma3_Sub0810A244
0x0810A294	thumb	sma3_Sub0810A294
0x0810A2C8	thumb	sma3_Sub0810A2C8
0x0810A31C	thumb	sma3_Return0810A31C
0x0810A320	thumb	sma3_Sub0810A320
0x0810A348	thumb	sma3_Sub0810A348
0x0810A484	thumb	sma3_Sub0810A484
0x0810A4AC	thumb	sma3_Sub0810A4AC
0x0810A528	thumb	sma3_Sub0810A528
0x0810A5AC	thumb	sma3_Sub0810A5AC
0x0810A5C8	thumb	sma3_Sub0810A5C8
0x0810A608	thumb	sma3_Sub0810A608
0x0810A6E4	thumb	sma3_Sub0810A6E4
0x0810A744	thumb	sma3_Sub0810A744
0x0810A7A4	thumb	sma3_Sub0810A7A4
0x0810A7DC	thumb	sma3_Sub0810A7DC
0x0810A890	thumb	sma3_Sub0810A890
0x0810A914	thumb	sma3_Sub0810A914
0x0810A91C	thumb	sma3_Sub0810A91C
0x0810A974	thumb	sma3_Sub0810A974
0x0810A994	thumb	sma3_Sub0810A994
0x0810A9DC	thumb	sma3_Sub0810A9DC
0x0810ABD4	thumb	sma3_Sub0810ABD4
0x0810ACC0	thumb	sma3_Sub0810ACC0
0x0810AD54	thumb	sma3_Sub0810AD54
0x0810ADCC	thumb	sma3_Sub0810ADCC
0x0810AE8C	thumb	sma3_Sub0810AE8C
0x0810AEA8	thumb	sma3_Sub0810AEA8
0x0810AF80	thumb	sma3_Sub0810AF80
0x0810AFC0	thumb	sma3_Sub0810AFC0
0x0810AFFC	thumb	sma3_Sub0810AFFC
0x0810B08C	thumb	sma3_Sub0810B08C
0x0810B104	thumb	sma3_Sub0810B104
0x0810B1E0	thumb	sma3_Sub0810B1E0
0x0810B2B0	thumb	sma3_Sub0810B2B0
0x0810B2C0	thumb	sma3_Sub0810B2C0
0x0810B308	thumb	sma3_Sub0810B308
0x0810B310	thumb	sma3_Sub0810B310
0x0810B354	thumb	sma3_Sub0810B354
0x0810B35C	thumb	sma3_Sub0810B35C
0x0810B38C	thumb	sma3_Sub0810B38C
0x0810B394	thumb	sma3_Sub0810B394
0x0810B3C0	thumb	sma3_Sub0810B3C0
0x0810B3D8	thumb	sma3_Sub0810B3D8
0x0810B3DC	thumb	sma3_Sub0810B3DC
0x0810B3E0	thumb	sma3_Sub0810B3E0
0x0810B3E4	thumb	sma3_Sub0810B3E4
0x0810B3F4	thumb	sma3_Sub0810B3F4
0x0810B43C	thumb	sma3_Sub0810B43C
0x0810B444	thumb	sma3_Sub0810B444
0x0810B488	thumb	sma3_Sub0810B488
0x0810B490	thumb	sma3_Sub0810B490
0x0810B4C0	thumb	sma3_Sub0810B4C0
0x0810B4C8	thumb	sma3_Sub0810B4C8
0x0810B4F4	thumb	sma3_Sub0810B4F4
0x0810B50C	thumb	sma3_Sub0810B50C
0x0810B514	thumb	sma3_Sub0810B514
0x0810B518	thumb	sma3_Sub0810B518
0x0810B528	thumb	sma3_Sub0810B528
0x0810B548	thumb	sma3_Sub0810B548
0x0810B55C	thumb	sma3_Sub0810B55C
0x0810B578	thumb	sma3_Sub0810B578
0x0810B588	thumb	sma3_Sub0810B588
0x0810B5A4	thumb	sma3_Sub0810B5A4
0x0810B5F4	thumb	sma3_Sub0810B5F4
0x0810B640	thumb	sma3_Sub0810B640
0x0810B698	thumb	sma3_Sub0810B698
0x0810B6BC	thumb	sma3_Sub0810B6BC
0x0810B72C	thumb	sma3_Sub0810B72C
0x0810B744	thumb	sma3_Sub0810B744
0x0810B794	thumb	sma3_Sub0810B794
0x0810B7AC	thumb	sma3_Sub0810B7AC
0x0810B7C8	thumb	sma3_Sub0810B7C8
0x0810B7E0	thumb	sma3_Sub0810B7E0
0x0810B808	thumb	sma3_Sub0810B808
0x0810B828	thumb	sma3_Sub0810B828
0x0810BA24	thumb	sma3_AbsoluteValue
0x0810BA30	thumb	sma3_Sub0810BA30
0x0810BA98	thumb	sma3_Sub0810BA98
0x0810BDC8	thumb	sma3_Sub0810BDC8
0x0810BE1C	thumb	sma3_Sub0810BE1C
0x0810BE54	thumb	sma3_Sub0810BE54
0x0810BE98	thumb	sma3_Sub0810BE98
0x0810BF10	thumb	sma3_Sub0810BF10
0x0810BF4C	thumb	sma3_Sub0810BF4C
0x0810BFA0	thumb	sma3_Sub0810BFA0
0x0810C018	thumb	sma3_Sub0810C018
0x0810C054	thumb	sma3_Sub0810C054
0x0810C060	thumb	sma3_Sub0810C060
0x0810C080	thumb	sma3_YITitle_ScanlineLogoColor
0x0810C0C4	thumb	sma3_Sub0810C0C4
0x0810C10C	thumb	sma3_Sub0810C10C
0x0810C178	thumb	sma3_Sub0810C178
0x0810C264	thumb	sma3_Sub0810C264
0x0810C2F0	thumb	sma3_Sub0810C2F0
0x0810C37C	thumb	sma3_Sub0810C37C
0x0810C408	thumb	sma3_Sub0810C408
0x0810C494	thumb	sma3_Sub0810C494
0x0810C520	thumb	sma3_Sub0810C520
0x0810C60C	thumb	sma3_Sub0810C60C
0x0810C678	thumb	sma3_Sub0810C678
0x0810C700	thumb	sma3_Sub0810C700
0x0810C904	thumb	sma3_Sub0810C904
0x0810C93C	thumb	sma3_Sub0810C93C
0x0810C9C4	thumb	sma3_Sub0810C9C4
0x0810CA08	thumb	sma3_Sub0810CA08
0x0810CA54	thumb	sma3_GameOverInit
0x0810CC40	thumb	sma3_Sub0810CC40
0x0810CC64	thumb	sma3_Sub0810CC64
0x0810CC90	thumb	sma3_Sub0810CC90
0x0810CCB4	thumb	sma3_Sub0810CCB4
0x0810CD4C	thumb	sma3_Sub0810CD4C
0x0810CD90	thumb	sma3_Sub0810CD90
0x0810CE2C	thumb	sma3_Sub0810CE2C
0x0810CE5C	thumb	sma3_Sub0810CE5C
0x0810CF68	thumb	sma3_Sub0810CF68
0x0810D06C	thumb	sma3_GameOverMain
0x0810D0B4	thumb	sma3_Sub0810D0B4
0x0810D1CC	thumb	sma3_Sub0810D1CC
0x0810D228	thumb	sma3_Sub0810D228
0x0810D264	thumb	sma3_Sub0810D264
0x0810D29C	thumb	sma3_Sub0810D29C
0x0810D334	thumb	sma3_Sub0810D334
0x0810D364	thumb	sma3_Sub0810D364
0x0810D470	thumb	sma3_Sub0810D470
0x0810D4D0	thumb	sma3_Sub0810D4D0
0x0810D520	thumb	sma3_ChooseAGameInit
0x0810D818	thumb	sma3_Sub0810D818
0x0810D9E0	thumb	sma3_Sub0810D9E0
0x0810DA90	thumb	sma3_Sub0810DA90
0x0810DC70	thumb	sma3_Sub0810DC70
0x0810DD38	thumb	sma3_Sub0810DD38
0x0810DF10	thumb	sma3_Sub0810DF10
0x0810DF7C	thumb	sma3_Sub0810DF7C
0x0810E058	thumb	sma3_Sub0810E058
0x0810E158	thumb	sma3_Sub0810E158
0x0810E468	thumb	sma3_Sub0810E468
0x0810E4A0	thumb	sma3_Sub0810E4A0
0x0810E4D8	thumb	sma3_ChooseAGame_State30
0x0810E5A8	thumb	sma3_Sub0810E5A8
0x0810E7DC	thumb	sma3_Sub0810E7DC
0x0810E81C	thumb	sma3_Sub0810E81C
0x0810E86C	thumb	sma3_Sub0810E86C
0x0810E8B4	thumb	sma3_Sub0810E8B4
0x0810E94C	thumb	sma3_Sub0810E94C
0x0810E97C	thumb	sma3_Sub0810E97C
0x0810E9AC	thumb	sma3_Sub0810E9AC
0x0810EA2C	thumb	sma3_Sub0810EA2C
0x0810EC94	thumb	sma3_Sub0810EC94
0x0810ED68	thumb	sma3_Sub0810ED68
0x0810EDC0	thumb	sma3_Sub0810EDC0
0x0810EE28	thumb	sma3_Sub0810EE28
0x0810EE78	thumb	sma3_Sub0810EE78
0x0810EF88	thumb	sma3_Sub0810EF88
0x0810F098	thumb	sma3_Sub0810F098
0x0810F0F0	thumb	sma3_Sub0810F0F0
0x0810F210	thumb	sma3_ChooseAGameMain
0x0810F24C	thumb	sma3_FadeToMarioBros
0x0810F2B8	thumb	sma3_Sub0810F2B8
0x0810F2EC	thumb	sma3_Sub0810F2EC
0x0810F338	thumb	sma3_Sub0810F338
0x0810F380	thumb	sma3_Sub0810F380
0x0810F3C4	thumb	sma3_Sub0810F3C4
0x0810F48C	thumb	sma3_Sub0810F48C
0x0810F530	thumb	sma3_Sub0810F530
0x0810F568	thumb	sma3_Sub0810F568
0x0810F5FC	thumb	sma3_Sub0810F5FC
0x0810F778	thumb	sma3_Sub0810F778
0x0810F7E0	thumb	sma3_Sub0810F7E0
0x0810F844	thumb	sma3_Sub0810F844
0x0810FA20	thumb	sma3_Sub0810FA20
0x0810FA68	thumb	sma3_Sub0810FA68
0x0810FE58	thumb	sma3_Sub0810FE58
0x0810FEA4	thumb	sma3_Sub0810FEA4
0x0810FEC8	thumb	sma3_Sub0810FEC8
0x0810FF8C	thumb	sma3_Sub0810FF8C
0x0810FFA0	thumb	sma3_Sub0810FFA0
0x0811008C	thumb	sma3_Sub0811008C
0x081100A4	thumb	sma3_Sub081100A4
0x081100E0	thumb	sma3_Sub081100E0
0x08110108	thumb	sma3_Sub08110108
0x08110170	thumb	sma3_Sub08110170
0x0811019C	thumb	sma3_Sub0811019C
0x08110208	thumb	sma3_Sub08110208
0x0811026C	thumb	sma3_Sub0811026C
0x081102E4	thumb	sma3_Sub081102E4
0x081103B4	thumb	sma3_Sub081103B4
0x08110690	thumb	sma3_Sub08110690
0x081106DC	thumb	sma3_Sub081106DC
0x081107BC	thumb	sma3_Sub081107BC
0x0811082C	thumb	sma3_Sub0811082C
0x0811090C	thumb	sma3_Sub0811090C
0x0811097C	thumb	sma3_Sub0811097C
0x08110AB0	thumb	sma3_Sub08110AB0
0x08110B9C	thumb	sma3_Sub08110B9C
0x08110E1C	thumb	sma3_Sub08110E1C
0x08110EE0	thumb	sma3_Sub08110EE0
0x081110AC	thumb	sma3_Sub081110AC
0x08111104	thumb	sma3_Sub08111104
0x0811119C	thumb	sma3_Sub0811119C
0x081111FC	thumb	sma3_MBTitle
0x08111270	thumb	sma3_Sub08111270
0x081113C8	thumb	sma3_MBFadeToChooseAGame
0x08111530	thumb	sma3_Sub08111530
0x08111664	thumb	sma3_Sub08111664
0x08111DA0	thumb	sma3_Sub08111DA0
0x08111F40	thumb	sma3_Sub08111F40
0x08112014	thumb	sma3_Sub08112014
0x081120D0	thumb	sma3_Sub081120D0
0x0811228C	thumb	sma3_Sub0811228C
0x08112648	thumb	sma3_Sub08112648
0x08112748	thumb	sma3_Sub08112748
0x0811282C	thumb	sma3_Sub0811282C
0x081128A8	thumb	sma3_Sub081128A8
0x08112AEC	thumb	sma3_Sub08112AEC
0x08112B70	thumb	sma3_Sub08112B70
0x08112BCC	thumb	sma3_Sub08112BCC
0x08112C4C	thumb	sma3_Sub08112C4C
0x08112DC8	thumb	sma3_Sub08112DC8
0x08112E14	thumb	sma3_Sub08112E14
0x08112E60	thumb	sma3_Sub08112E60
0x081130B4	thumb	sma3_Sub081130B4
0x081132F4	thumb	sma3_Sub081132F4
0x081133A8	thumb	sma3_Sub081133A8
0x08113420	thumb	sma3_MBGameplay
0x08113448	thumb	sma3_Sub08113448
0x08113544	thumb	sma3_Sub08113544
0x081136DC	thumb	sma3_Sub081136DC
0x0811384C	thumb	sma3_Sub0811384C
0x081138B8	thumb	sma3_Sub081138B8
0x081138F0	thumb	sma3_Sub081138F0
0x08113994	thumb	sma3_Sub08113994
0x08113F44	thumb	sma3_Return08113F44
0x08113F48	thumb	sma3_Sub08113F48
0x08114088	thumb	sma3_Sub08114088
0x081140B0	thumb	sma3_Sub081140B0
0x081140F8	thumb	sma3_Sub081140F8
0x081143F8	thumb	sma3_Sub081143F8
0x081145C0	thumb	sma3_Sub081145C0
0x0811482C	thumb	sma3_Sub0811482C
0x0811496C	thumb	sma3_Sub0811496C
0x08114D60	thumb	sma3_Sub08114D60
0x08114EE0	thumb	sma3_Sub08114EE0
0x08114F54	thumb	sma3_Sub08114F54
0x08114FEC	thumb	sma3_Sub08114FEC
0x0811506C	thumb	sma3_Sub0811506C
0x08115128	thumb	sma3_Sub08115128
0x08115264	thumb	sma3_Sub08115264
0x08115378	thumb	sma3_Sub08115378
0x081154F8	thumb	sma3_Sub081154F8
0x081155E0	thumb	sma3_Sub081155E0
0x081156B8	thumb	sma3_Sub081156B8
0x08115808	thumb	sma3_Sub08115808
0x08115880	thumb	sma3_Sub08115880
0x081158B8	thumb	sma3_Sub081158B8
0x08115AD4	thumb	sma3_Sub08115AD4
0x08115B54	thumb	sma3_Sub08115B54
0x08115CA4	thumb	sma3_Sub08115CA4
0x081165A8	thumb	sma3_Return081165A8
0x081165AC	thumb	sma3_Sub081165AC
0x08116654	thumb	sma3_Sub08116654
0x081166D8	thumb	sma3_Sub081166D8
0x08116724	thumb	sma3_Sub08116724
0x081167AC	thumb	sma3_Sub081167AC
0x08116874	thumb	sma3_Sub08116874
0x0811693C	thumb	sma3_Sub0811693C
0x08116A7C	thumb	sma3_Sub08116A7C
0x08116AB8	thumb	sma3_Sub08116AB8
0x08116AF4	thumb	sma3_Sub08116AF4
0x08116B48	thumb	sma3_Sub08116B48
0x08116BA0	thumb	sma3_Sub08116BA0
0x08116C3C	thumb	sma3_Sub08116C3C
0x08116D20	thumb	sma3_Sub08116D20
0x08116D40	thumb	sma3_Sub08116D40
0x08116F04	thumb	sma3_Sub08116F04
0x08116FD0	thumb	sma3_Sub08116FD0
0x081170A4	thumb	sma3_Sub081170A4
0x0811714C	thumb	sma3_Sub0811714C
0x08117224	thumb	sma3_Sub08117224
0x081172A8	thumb	sma3_Sub081172A8
0x081173AC	thumb	sma3_Sub081173AC
0x08117434	thumb	sma3_Sub08117434
0x0811749C	thumb	sma3_Sub0811749C
0x08117570	thumb	sma3_Sub08117570
0x081175DC	thumb	sma3_Sub081175DC
0x081176A8	thumb	sma3_Sub081176A8
0x08117818	thumb	sma3_Sub08117818
0x081178B0	thumb	sma3_Sub081178B0
0x081179B4	thumb	sma3_Sub081179B4
0x081179E4	thumb	sma3_Sub081179E4
0x08117AB8	thumb	sma3_Sub08117AB8
0x08117AE8	thumb	sma3_Sub08117AE8
0x08117B54	thumb	sma3_Sub08117B54
0x08117D78	thumb	sma3_Sub08117D78
0x08117DE4	thumb	sma3_Sub08117DE4
0x08117F70	thumb	sma3_Sub08117F70
0x08117FF0	thumb	sma3_Sub08117FF0
0x081180E8	thumb	sma3_Sub081180E8
0x0811812C	thumb	sma3_Sub0811812C
0x08118190	thumb	sma3_Sub08118190
0x081181EC	thumb	sma3_Sub081181EC
0x08118694	thumb	sma3_Sub08118694
0x08118898	thumb	sma3_Sub08118898
0x081189AC	thumb	sma3_Sub081189AC
0x08118A88	thumb	sma3_Sub08118A88
0x08118B0C	thumb	sma3_Sub08118B0C
0x08118C7C	thumb	sma3_Sub08118C7C
0x08118DEC	thumb	sma3_Sub08118DEC
0x08118FFC	thumb	sma3_Sub08118FFC
0x08119058	thumb	sma3_Sub08119058
0x081190EC	thumb	sma3_Sub081190EC
0x08119128	thumb	sma3_Sub08119128
0x081191C0	thumb	sma3_Sub081191C0
0x08119200	thumb	sma3_Sub08119200
0x081192EC	thumb	sma3_Sub081192EC
0x08119454	thumb	sma3_Sub08119454
0x08119578	thumb	sma3_Sub08119578
0x081197F8	thumb	sma3_Sub081197F8
0x081198A0	thumb	sma3_Sub081198A0
0x081199AC	thumb	sma3_Sub081199AC
0x08119A74	thumb	sma3_Sub08119A74
0x08119B10	thumb	sma3_Sub08119B10
0x08119C20	thumb	sma3_Sub08119C20
0x08119C88	thumb	sma3_Sub08119C88
0x08119D50	thumb	sma3_Sub08119D50
0x08119EC4	thumb	sma3_Sub08119EC4
0x08119F68	thumb	sma3_Sub08119F68
0x08119F94	thumb	sma3_GBALink_Main
0x0811A040	thumb	sma3_Sub0811A040
0x0811A0C4	thumb	sma3_Return0811A0C4
0x0811A0C8	thumb	sma3_Sub0811A0C8
0x0811A2EC	thumb	sma3_Sub0811A2EC
0x0811A32C	thumb	sma3_Sub0811A32C
0x0811A424	thumb	sma3_Sub0811A424
0x0811AA90	thumb	sma3_Sub0811AA90
0x0811ABA4	thumb	sma3_Sub0811ABA4
0x0811AC30	thumb	sma3_Sub0811AC30
0x0811AD10	thumb	sma3_Sub0811AD10
0x0811B33C	thumb	sma3_Sub0811B33C
0x0811B378	thumb	sma3_Sub0811B378
0x0811B510	thumb	sma3_Sub0811B510
0x0811B5C4	thumb	sma3_Sub0811B5C4
0x0811B63C	thumb	sma3_Sub0811B63C
0x0811B664	thumb	sma3_Sub0811B664
0x0811B6B4	thumb	sma3_Sub0811B6B4
0x0811B71C	thumb	sma3_Sub0811B71C
0x0811B79C	thumb	sma3_Sub0811B79C
0x0811B980	thumb	sma3_Sub0811B980
0x0811BA2C	thumb	sma3_Sub0811BA2C
0x0811BA84	thumb	sma3_Sub0811BA84
0x0811BB60	thumb	sma3_Sub0811BB60
0x0811BB90	thumb	sma3_Sub0811BB90
0x0811BF50	thumb	sma3_Sub0811BF50
0x0811BF78	thumb	sma3_Sub0811BF78
0x0811BFF8	thumb	sma3_Sub0811BFF8
0x0811C0D8	thumb	sma3_Sub0811C0D8
0x0811C264	thumb	sma3_Sub0811C264
0x0811C2CC	thumb	sma3_Sub0811C2CC
0x0811C314	thumb	sma3_Return0811C314
0x0811C318	thumb	sma3_Sub0811C318
0x0811C360	thumb	sma3_Sub0811C360
0x0811C41C	thumb	sma3_Sub0811C41C
0x0811C464	thumb	sma3_Sub0811C464
0x0811C4B8	thumb	sma3_Sub0811C4B8
0x0811C51C	thumb	sma3_Sub0811C51C
0x0811C5CC	thumb	sma3_Sub0811C5CC
0x0811C830	thumb	sma3_Sub0811C830
0x0811C88C	thumb	sma3_Sub0811C88C
0x0811C908	thumb	sma3_Sub0811C908
0x0811CAB0	thumb	sma3_Sub0811CAB0
0x0811CAD0	thumb	sma3_Sub0811CAD0
0x0811CAF4	thumb	sma3_Sub0811CAF4
0x0811CBCC	thumb	sma3_Sub0811CBCC
0x0811CC40	thumb	sma3_Sub0811CC40
0x0811CCDC	thumb	sma3_Sub0811CCDC
0x0811CD98	thumb	sma3_Sub0811CD98
0x0811CE14	thumb	sma3_Sub0811CE14
0x0811CF68	thumb	sma3_Sub0811CF68
0x0811CFA8	thumb	sma3_Sub0811CFA8
0x0811D018	thumb	sma3_Sub0811D018
0x0811D130	thumb	sma3_Sub0811D130
0x0811D15C	thumb	sma3_Sub0811D15C
0x0811D248	thumb	sma3_Sub0811D248
0x0811D2B0	thumb	sma3_Sub0811D2B0
0x0811D34C	thumb	sma3_Sub0811D34C
0x0811D3EC	thumb	sma3_Sub0811D3EC
0x0811D420	thumb	sma3_Sub0811D420
0x0811D548	thumb	sma3_Sub0811D548
0x0811D5D4	thumb	sma3_Sub0811D5D4
0x0811D654	thumb	sma3_Sub0811D654
0x0811D838	thumb	sma3_Sub0811D838
0x0811D884	thumb	sma3_Sub0811D884
0x0811DA04	thumb	sma3_Sub0811DA04
0x0811DB1C	thumb	sma3_Sub0811DB1C
0x0811DBA4	thumb	sma3_Sub0811DBA4
0x0811DBF0	thumb	sma3_Sub0811DBF0
0x0811DC30	thumb	sma3_Sub0811DC30
0x0811DC80	thumb	sma3_Sub0811DC80
0x0811DD00	thumb	sma3_Sub0811DD00
0x0811DD34	thumb	sma3_Sub0811DD34
0x0811DD6C	thumb	sma3_Sub0811DD6C
0x0811DDA4	thumb	sma3_Sub0811DDA4
0x0811DE4C	thumb	sma3_Sub0811DE4C
0x0811DF00	thumb	sma3_Sub0811DF00
0x0811DF1C	thumb	sma3_Sub0811DF1C
0x0811DFF4	thumb	sma3_Sub0811DFF4
0x0811E100	thumb	sma3_Sub0811E100
0x0811E27C	thumb	sma3_Sub0811E27C
0x0811E2B8	thumb	sma3_Sub0811E2B8
0x0811E300	thumb	sma3_Sub0811E300
0x0811E33C	thumb	sma3_Sub0811E33C
0x0811E3DC	thumb	sma3_Sub0811E3DC
0x0811E448	thumb	sma3_Sub0811E448
0x0811E530	thumb	sma3_Sub0811E530
0x0811E6F8	thumb	sma3_Sub0811E6F8
0x0811E778	thumb	sma3_Sub0811E778
0x0811E790	thumb	sma3_Sub0811E790
0x0811E7BC	thumb	sma3_Sub0811E7BC
0x0811E7F8	thumb	sma3_Sub0811E7F8
0x0811E828	thumb	sma3_Sub0811E828
0x0811E98C	thumb	sma3_Sub0811E98C
0x0811E9D8	thumb	sma3_Sub0811E9D8
0x0811EA9C	thumb	sma3_Sub0811EA9C
0x0811EB64	thumb	sma3_Return0811EB64
0x0811EB68	thumb	sma3_Sub0811EB68
0x0811EC08	thumb	sma3_Sub0811EC08
0x0811EC40	thumb	sma3_Sub0811EC40
0x0811ED48	thumb	sma3_Sub0811ED48
0x0811EE48	thumb	sma3_Sub0811EE48
0x0811EEC4	thumb	sma3_Sub0811EEC4
0x0811EF08	thumb	sma3_Sub0811EF08
0x0811EFA0	thumb	sma3_Sub0811EFA0
0x0811EFCC	thumb	sma3_Sub0811EFCC
0x0811EFE0	thumb	sma3_Sub0811EFE0
0x0811EFEC	thumb	sma3_Sub0811EFEC
0x0811F044	thumb	sma3_Sub0811F044
0x0811F08C	thumb	sma3_Sub0811F08C
0x0811F0C4	thumb	sma3_Sub0811F0C4
0x0811F14C	thumb	sma3_Sub0811F14C
0x0811F1BC	thumb	sma3_Sub0811F1BC
0x0811F1F4	thumb	sma3_Sub0811F1F4
0x0811F224	thumb	sma3_Sub0811F224
0x0811F414	thumb	sma3_Sub0811F414
0x0811F460	thumb	sma3_Sub0811F460
0x0811F564	thumb	sma3_Sub0811F564
0x0811F644	thumb	sma3_Sub0811F644
0x0811F67C	thumb	sma3_Sub0811F67C
0x0811F750	thumb	sma3_Sub0811F750
0x0811F788	thumb	sma3_Sub0811F788
0x0811F8A8	thumb	sma3_Sub0811F8A8
0x0811F8FC	thumb	sma3_Sub0811F8FC
0x0811F93C	thumb	sma3_Sub0811F93C
0x0811F9F8	thumb	sma3_Sub0811F9F8
0x0811FA38	thumb	sma3_Sub0811FA38
0x0811FB10	thumb	sma3_Sub0811FB10
0x0811FB24	thumb	sma3_Sub0811FB24
0x0811FB30	thumb	sma3_Sub0811FB30
0x0811FBB4	thumb	sma3_Sub0811FBB4
0x0811FC10	thumb	sma3_Sub0811FC10
0x0811FCF0	thumb	sma3_Sub0811FCF0
0x0811FD60	thumb	sma3_Sub0811FD60
0x0811FD7C	thumb	sma3_Sub0811FD7C
0x0811FDB0	thumb	sma3_Sub0811FDB0
0x0811FDCC	thumb	sma3_Sub0811FDCC
0x0811FE20	thumb	sma3_Sub0811FE20
0x0811FE50	thumb	sma3_Sub0811FE50
0x0811FE98	thumb	sma3_Sub0811FE98
0x0811FF48	thumb	sma3_Sub0811FF48
0x0811FF90	thumb	sma3_Sub0811FF90
0x081200E0	thumb	sma3_Sub081200E0
0x081201BC	thumb	sma3_Sub081201BC
0x08120234	thumb	sma3_Sub08120234
0x081203CC	thumb	sma3_Sub081203CC
0x08120448	thumb	sma3_Sub08120448
0x08120478	thumb	sma3_Sub08120478
0x081204F0	thumb	sma3_Return081204F0
0x081204F4	thumb	sma3_Sub081204F4
0x081205D8	thumb	sma3_Sub081205D8
0x08120614	thumb	sma3_Sub08120614
0x08120690	thumb	sma3_Sub08120690
0x08120770	thumb	sma3_Sub08120770
0x08120804	thumb	sma3_Sub08120804
0x08120908	thumb	sma3_Sub08120908
0x0812097C	thumb	sma3_Sub0812097C
0x08120A3C	thumb	sma3_Sub08120A3C
0x08120A64	thumb	sma3_Sub08120A64
0x08120A8C	thumb	sma3_Sub08120A8C
0x08120AF4	thumb	sma3_Sub08120AF4
0x08120B78	thumb	sma3_Sub08120B78
0x08120BD4	thumb	sma3_Sub08120BD4
0x08120C04	thumb	sma3_Sub08120C04
0x08120C3C	thumb	sma3_Sub08120C3C
0x08120D24	thumb	sma3_Sub08120D24
0x08120DBC	thumb	sma3_Sub08120DBC
0x08120DF0	thumb	sma3_Sub08120DF0
0x08120EF8	thumb	sma3_Sub08120EF8
0x08120F60	thumb	sma3_Sub08120F60
0x08120F94	thumb	sma3_Sub08120F94
0x08120FEC	thumb	sma3_Sub08120FEC
0x08121040	thumb	sma3_Sub08121040
0x081210C4	thumb	sma3_Sub081210C4
0x081210EC	thumb	sma3_Sub081210EC
0x08121114	thumb	sma3_Sub08121114
0x081212CC	thumb	sma3_Sub081212CC
0x0812131C	thumb	sma3_Sub0812131C
0x08121418	thumb	sma3_Sub08121418
0x081214FC	thumb	sma3_Sub081214FC
0x08121534	thumb	sma3_Sub08121534
0x081215F4	thumb	sma3_Sub081215F4
0x0812162C	thumb	sma3_Sub0812162C
0x0812174C	thumb	sma3_Sub0812174C
0x081217A0	thumb	sma3_Sub081217A0
0x081217E0	thumb	sma3_Sub081217E0
0x081218A8	thumb	sma3_Sub081218A8
0x081218F0	thumb	sma3_Sub081218F0
0x0812196C	thumb	sma3_Sub0812196C
0x08121984	thumb	sma3_Sub08121984
0x08121990	thumb	sma3_Sub08121990
0x081219E0	thumb	sma3_Sub081219E0
0x08121A3C	thumb	sma3_Sub08121A3C
0x08121B04	thumb	sma3_Sub08121B04
0x08121B54	thumb	sma3_Sub08121B54
0x08121BD8	thumb	sma3_Sub08121BD8
0x08121C34	thumb	sma3_Sub08121C34
0x08121C4C	thumb	sma3_Sub08121C4C
0x08121C90	thumb	sma3_Sub08121C90
0x08121ED8	thumb	sma3_Sub08121ED8
0x08121F40	thumb	sma3_Sub08121F40
0x08121F68	thumb	sma3_Sub08121F68
0x0812208C	thumb	sma3_Sub0812208C
0x0812213C	thumb	sma3_Sub0812213C
0x08122218	thumb	sma3_Sub08122218
0x08122270	thumb	sma3_Sub08122270
0x081222C8	thumb	sma3_Sub081222C8
0x081222F0	thumb	sma3_Sub081222F0
0x081224B8	thumb	sma3_Sub081224B8
0x08122518	thumb	sma3_Sub08122518
0x08122614	thumb	sma3_Sub08122614
0x081226FC	thumb	sma3_Sub081226FC
0x08122764	thumb	sma3_Sub08122764
0x081227C0	thumb	sma3_Sub081227C0
0x081227D8	thumb	sma3_Sub081227D8
0x0812286C	thumb	sma3_Sub0812286C
0x081229BC	thumb	sma3_Sub081229BC
0x081229DC	thumb	sma3_Sub081229DC
0x08122A34	thumb	sma3_Sub08122A34
0x08122A6C	thumb	sma3_Sub08122A6C
0x08122A8C	thumb	sma3_Sub08122A8C
0x08122B20	thumb	sma3_Sub08122B20
0x08122B94	thumb	sma3_Sub08122B94
0x08122C98	thumb	sma3_Sub08122C98
0x08122D1C	thumb	sma3_Sub08122D1C
0x08122F38	thumb	sma3_Sub08122F38
0x08122FE0	thumb	sma3_Sub08122FE0
0x08123064	thumb	sma3_Sub08123064
0x081230D0	thumb	sma3_Sub081230D0
0x08123514	thumb	sma3_Sub08123514
0x08123558	thumb	sma3_Sub08123558
0x08123580	thumb	sma3_Return08123580
0x08123584	thumb	sma3_Sub08123584
0x081235AC	thumb	sma3_Sub081235AC
0x08123738	thumb	sma3_Sub08123738
0x081237A0	thumb	sma3_Sub081237A0
0x0812381C	thumb	sma3_Sub0812381C
0x08123864	thumb	sma3_Sub08123864
0x0812388C	thumb	sma3_Sub0812388C
0x081238C8	thumb	sma3_Sub081238C8
0x081238F8	thumb	sma3_Sub081238F8
0x0812398C	thumb	sma3_Sub0812398C
0x08123CE4	thumb	sma3_Sub08123CE4
0x08123D44	thumb	sma3_Sub08123D44
0x08123DA8	thumb	sma3_Sub08123DA8
0x08123E0C	thumb	sma3_Sub08123E0C
0x08123E20	thumb	sma3_Sub08123E20
0x08123E88	thumb	sma3_Sub08123E88
0x08123EE0	thumb	sma3_Sub08123EE0
0x08123F50	thumb	sma3_Sub08123F50
0x0812405C	thumb	sma3_Sub0812405C
0x08124150	thumb	sma3_Sub08124150
0x081241D0	thumb	sma3_Sub081241D0
0x08124210	thumb	sma3_Sub08124210
0x08124244	thumb	sma3_Sub08124244
0x081242EC	thumb	sma3_Sub081242EC
0x08124324	thumb	sma3_Sub08124324
0x08124390	thumb	sma3_Sub08124390
0x081243B8	thumb	sma3_Sub081243B8
0x08124538	thumb	sma3_Sub08124538
0x081245F8	thumb	sma3_Sub081245F8
0x08124690	thumb	sma3_Sub08124690
0x081246D0	thumb	sma3_Sub081246D0
0x081248A0	thumb	sma3_Sub081248A0
0x081248EC	thumb	sma3_Sub081248EC
0x08124964	thumb	sma3_Sub08124964
0x08124AA0	thumb	sma3_Sub08124AA0
0x08124B34	thumb	sma3_Sub08124B34
0x08124BC8	thumb	sma3_Sub08124BC8
0x08124CBC	thumb	sma3_Sub08124CBC
0x08124D84	thumb	sma3_Sub08124D84
0x08124DC4	thumb	sma3_Sub08124DC4
0x08124E0C	thumb	sma3_Sub08124E0C
0x08124E30	thumb	sma3_Sub08124E30
0x08124E70	thumb	sma3_Sub08124E70
0x08124ED0	thumb	sma3_Sub08124ED0
0x08125064	thumb	sma3_Sub08125064
0x0812509C	thumb	sma3_Sub0812509C
0x081250F0	thumb	sma3_Sub081250F0
0x0812511C	thumb	sma3_Sub0812511C
0x081251D0	thumb	sma3_Sub081251D0
0x081252A4	thumb	sma3_Sub081252A4
0x08125534	thumb	sma3_Sub08125534
0x081256A8	thumb	sma3_Sub081256A8
0x081256F8	thumb	sma3_Sub081256F8
0x08125798	thumb	sma3_Sub08125798
0x081257AC	thumb	sma3_Sub081257AC
0x081258B0	thumb	sma3_Sub081258B0
0x081259C4	thumb	sma3_Sub081259C4
0x08125CB0	thumb	sma3_Sub08125CB0
0x08125E00	thumb	sma3_Sub08125E00
0x08125EF4	thumb	sma3_Sub08125EF4
0x08125FC0	thumb	sma3_Sub08125FC0
0x08126068	thumb	sma3_Sub08126068
0x081260AC	thumb	sma3_Sub081260AC
0x08126124	thumb	sma3_Sub08126124
0x08126150	thumb	sma3_Sub08126150
0x08126174	thumb	sma3_Sub08126174
0x081261B0	thumb	sma3_Sub081261B0
0x08126264	thumb	sma3_Sub08126264
0x081263C8	thumb	sma3_Sub081263C8
0x08126484	thumb	sma3_Sub08126484
0x081269AC	thumb	sma3_Sub081269AC
0x08126A18	thumb	sma3_Sub08126A18
0x08126AF8	thumb	sma3_Sub08126AF8
0x08126B90	thumb	sma3_Sub08126B90
0x08126C9C	thumb	sma3_Sub08126C9C
0x08126EE0	thumb	sma3_Sub08126EE0
0x08127004	thumb	sma3_Sub08127004
0x081271C0	thumb	sma3_Sub081271C0
0x081272C0	thumb	sma3_Sub081272C0
0x081272F0	thumb	sma3_Sub081272F0
0x08127330	thumb	sma3_Sub08127330
0x08127374	thumb	sma3_Sub08127374
0x081275FC	thumb	sma3_Sub081275FC
0x081276FC	thumb	sma3_Sub081276FC
0x08127A7C	thumb	sma3_Sub08127A7C
0x08127D24	thumb	sma3_Sub08127D24
0x08127DE4	thumb	sma3_Sub08127DE4
0x08128060	thumb	sma3_Sub08128060
0x081280EC	thumb	sma3_Sub081280EC
0x08128454	thumb	sma3_Sub08128454
0x081284C4	thumb	sma3_Sub081284C4
0x08128558	thumb	sma3_Sub08128558
0x081285F8	thumb	sma3_Sub081285F8
0x08128664	thumb	sma3_Sub08128664
0x08128920	thumb	sma3_Sub08128920
0x0812896C	thumb	sma3_Sub0812896C
0x08128A18	thumb	sma3_Sub08128A18
0x08128B58	thumb	sma3_Sub08128B58
0x08128BA4	thumb	sma3_Sub08128BA4
0x08128C18	thumb	sma3_Sub08128C18
0x08128CA0	thumb	sma3_Sub08128CA0
0x08128CC8	thumb	sma3_Sub08128CC8
0x08128D80	thumb	sma3_Sub08128D80
0x08128E90	thumb	sma3_Sub08128E90
0x08128EEC	thumb	sma3_Sub08128EEC
0x08129270	thumb	sma3_Sub08129270
0x08129458	thumb	sma3_Sub08129458
0x081294CC	thumb	sma3_Sub081294CC
0x0812952C	thumb	sma3_Sub0812952C
0x081296B8	thumb	sma3_Return081296B8
0x081296BC	thumb	sma3_Return081296BC
0x081296C0	thumb	sma3_Return081296C0
0x081296C4	thumb	sma3_Return081296C4
0x081296C8	thumb	sma3_Sub081296C8
0x081299EC	thumb	sma3_Sub081299EC
0x08129B1C	thumb	sma3_Sub08129B1C
0x08129BB0	thumb	sma3_Sub08129BB0
0x08129C3C	thumb	sma3_Sub08129C3C
0x08129C60	thumb	sma3_Sub08129C60
0x08129CBC	thumb	sma3_Sub08129CBC
0x08129D2C	thumb	sma3_Sub08129D2C
0x08129DD8	thumb	sma3_Sub08129DD8
0x08129F24	thumb	sma3_Sub08129F24
0x0812A024	thumb	sma3_Sub0812A024
0x0812A410	thumb	sma3_Sub0812A410
0x0812A6C8	thumb	sma3_Sub0812A6C8
0x0812A72C	thumb	sma3_Sub0812A72C
0x0812A864	thumb	sma3_Sub0812A864
0x0812A87C	thumb	sma3_Sub0812A87C
0x0812A8FC	thumb	sma3_Sub0812A8FC
0x0812ABB0	thumb	sma3_Sub0812ABB0
0x0812ACF4	thumb	sma3_Sub0812ACF4
0x0812AD5C	thumb	sma3_Sub0812AD5C
0x0812ADE8	thumb	sma3_Sub0812ADE8
0x0812AE8C	thumb	sma3_Sub0812AE8C
0x0812AF28	thumb	sma3_Sub0812AF28
0x0812AFFC	thumb	sma3_Sub0812AFFC
0x0812B100	thumb	sma3_Sub0812B100
0x0812B118	thumb	sma3_Sub0812B118
0x0812B180	thumb	sma3_Sub0812B180
0x0812B35C	thumb	sma3_Sub0812B35C
0x0812B414	thumb	sma3_Sub0812B414
0x0812B558	thumb	sma3_Sub0812B558
0x0812B5F4	thumb	sma3_Sub0812B5F4
0x0812B648	thumb	sma3_Sub0812B648
0x0812B7CC	thumb	sma3_Sub0812B7CC
0x0812B7E4	thumb	sma3_Sub0812B7E4
0x0812B808	thumb	sma3_Sub0812B808
0x0812B95C	thumb	sma3_Sub0812B95C
0x0812B974	thumb	sma3_Sub0812B974
0x0812BA0C	thumb	sma3_Sub0812BA0C
0x0812BB2C	thumb	sma3_Sub0812BB2C
0x0812BB58	thumb	sma3_Sub0812BB58
0x0812BC44	thumb	sma3_Sub0812BC44
0x0812BCCC	thumb	sma3_Sub0812BCCC
0x0812BD7C	thumb	sma3_Sub0812BD7C
0x0812BDD0	thumb	sma3_Sub0812BDD0
0x0812BE00	thumb	sma3_Sub0812BE00
0x0812BF8C	thumb	sma3_Sub0812BF8C
0x0812BFD8	thumb	sma3_Sub0812BFD8
0x0812BFE4	thumb	sma3_Sub0812BFE4
0x0812C19C	thumb	sma3_Sub0812C19C
0x0812C1FC	thumb	sma3_Sub0812C1FC
0x0812C214	thumb	sma3_Sub0812C214
0x0812C230	thumb	sma3_Sub0812C230
0x0812C248	thumb	sma3_Sub0812C248
0x0812C278	thumb	sma3_Sub0812C278
0x0812C28C	thumb	sma3_Sub0812C28C
0x0812C2A0	thumb	sma3_Sub0812C2A0
0x0812C2CC	thumb	sma3_Sub0812C2CC
0x0812C2FC	thumb	sma3_Sub0812C2FC
0x0812C3B4	thumb	sma3_PlayYIMusic
0x0812C438	thumb	sma3_Sub0812C438
0x0812C44C	thumb	sma3_Sub0812C44C
0x0812C458	thumb	sma3_Sub0812C458
0x0812C470	thumb	sma3_Sub0812C470
0x0812C4C4	thumb	sma3_Sub0812C4C4
0x0812C504	thumb	sma3_Sub0812C504
0x0812C540	thumb	sma3_Sub0812C540
0x0812C5BC	thumb	sma3_Sub0812C5BC
0x0812C5F8	thumb	sma3_Sub0812C5F8
0x0812C618	thumb	sma3_Sub0812C618
0x0812C684	thumb	sma3_Sub0812C684
0x0812C758	thumb	sma3_Sub0812C758
0x0812C7B4	thumb	sma3_Sub0812C7B4
0x0812C7F0	thumb	sma3_Sub0812C7F0
0x0812C82C	thumb	sma3_Sub0812C82C
0x0812C860	thumb	sma3_Sub0812C860
0x0812C894	thumb	sma3_PlayYISound
0x0812CA94	thumb	sma3_Sub0812CA94
0x0812CAC8	thumb	sma3_Sub0812CAC8
0x0812CB78	thumb	sma3_Sub0812CB78
0x0812CC20	thumb	sma3_PlayYIContinuousSound
0x0812CD68	thumb	sma3_Sub0812CD68
0x0812CD8C	thumb	sma3_Return0812CD8C
0x0812CD90	thumb	sma3_PlayMBMusicOrSound
0x0812CE20	thumb	sma3_Sub0812CE20
0x0812CE70	thumb	sma3_Sub0812CE70
0x0812CE84	thumb	sma3_Sub0812CE84
0x0812CF50	thumb	sma3_Sub0812CF50
0x0812CF5C	thumb	sma3_Sub0812CF5C
0x0812CF80	thumb	sma3_Sub0812CF80
0x0812D004	thumb	sma3_Sub0812D004
0x0812D0B4	thumb	sma3_Sub0812D0B4
0x0812D100	thumb	sma3_Sub0812D100
0x0812D10C	thumb	sma3_Sub0812D10C
0x0812D2BC	thumb	sma3_Sub0812D2BC
0x0812D2D8	thumb	sma3_Sub0812D2D8
0x0812D3B4	thumb	sma3_Sub0812D3B4
0x0812D568	thumb	sma3_Sub0812D568
0x0812D584	thumb	sma3_Sub0812D584
0x0812D59C	thumb	sma3_Sub0812D59C
0x0812D624	thumb	sma3_Sub0812D624
0x0812D678	thumb	sma3_Sub0812D678
0x0812D694	thumb	sma3_Sub0812D694
0x0812D704	thumb	sma3_Sub0812D704
0x0812D714	thumb	sma3_Sub0812D714
0x0812D7C4	thumb	sma3_Sub0812D7C4
0x0812D82C	thumb	sma3_Sub0812D82C
0x0812D938	thumb	sma3_Sub0812D938
0x0812DACC	thumb	sma3_Sub0812DACC
0x0812DCC4	thumb	sma3_Sub0812DCC4
0x0812DF58	thumb	sma3_Sub0812DF58
0x0812E124	thumb	sma3_Sub0812E124
0x0812E210	thumb	sma3_Sub0812E210
0x0812E2A8	thumb	sma3_Sub0812E2A8
0x0812E408	thumb	sma3_Sub0812E408
0x0812E4A0	thumb	sma3_Sub0812E4A0
0x0812E4CC	thumb	sma3_Sub0812E4CC
0x0812E4F4	thumb	sma3_Sub0812E4F4
0x0812E5B0	thumb	sma3_Sub0812E5B0
0x0812E5E0	thumb	sma3_Sub0812E5E0
0x0812E5F8	thumb	sma3_Sub0812E5F8
0x0812EA68	thumb	sma3_Sub0812EA68
0x0812EA84	thumb	sma3_Sub0812EA84
0x0812EAB0	thumb	sma3_Sub0812EAB0
0x0812EAD8	thumb	sma3_Sub0812EAD8
0x0812EB0C	thumb	sma3_Sub0812EB0C
0x0812EB40	thumb	sma3_Sub0812EB40
0x0812EB80	thumb	sma3_Sub0812EB80
0x0812EC10	thumb	sma3_Sub0812EC10
0x0812EC38	thumb	sma3_Sub0812EC38
0x0812EC64	thumb	sma3_Sub0812EC64
0x0812ECEC	thumb	sma3_Sub0812ECEC
0x0812ED58	thumb	sma3_Sub0812ED58
0x0812ED94	thumb	sma3_Sub0812ED94
0x0812EDCC	thumb	sma3_Sub0812EDCC
0x0812EDF0	thumb	sma3_Sub0812EDF0
0x0812EE04	thumb	sma3_Sub0812EE04
0x0812EE2C	thumb	sma3_Sub0812EE2C
0x0812EE6C	thumb	sma3_Sub0812EE6C
0x0812EEA8	thumb	sma3_Sub0812EEA8
0x0812EEBC	thumb	sma3_Sub0812EEBC
0x0812EEE0	thumb	sma3_Sub0812EEE0
0x0812EF08	thumb	sma3_Sub0812EF08
0x0812EF2C	thumb	sma3_Sub0812EF2C
0x0812EF50	thumb	sma3_Sub0812EF50
0x0812EF70	thumb	sma3_Sub0812EF70
0x0812EF94	thumb	sma3_Sub0812EF94
0x0812EFB8	thumb	sma3_Sub0812EFB8
0x0812EFDC	thumb	sma3_Sub0812EFDC
0x0812F028	thumb	sma3_Sub0812F028
0x0812F050	thumb	sma3_Sub0812F050
0x0812F080	thumb	sma3_Sub0812F080
0x0812F0A8	thumb	sma3_Sub0812F0A8
0x0812F0C8	thumb	sma3_Sub0812F0C8
0x0812F124	thumb	sma3_Sub0812F124
0x0812F140	thumb	sma3_Sub0812F140
0x0812F1D4	thumb	sma3_Sub0812F1D4
0x0812F2F0	thumb	sma3_Sub0812F2F0
0x0812F360	thumb	sma3_Sub0812F360
0x0812F3C8	thumb	sma3_Sub0812F3C8
0x0812F3FC	arm	sma3_Sub0812F3FC
0x0812F51C	arm	sma3_Sub0812F51C
0x0812F614	arm	sma3_Sub0812F614
0x0812F6B4	thumb	sma3_swi_arctan2
0x0812F6B8	thumb	sma3_swi_0E
0x0812F6BC	thumb	sma3_swi_MemoryCopy32
0x0812F6C0	thumb	sma3_swi_MemoryCopy4or2
0x0812F6C4	thumb	sma3_swi_Divide
0x0812F6C8	thumb	sma3_swi_Huffman
0x0812F6CC	thumb	sma3_swi_LZ77_VRAM
0x0812F6D0	thumb	sma3_swi_LZ77_WRAM
0x0812F6D4	thumb	sma3_swi_25_1
0x0812F6DC	thumb	sma3_swi_0F
0x0812F6E0	thumb	sma3_swi_01
0x0812F6E4	thumb	sma3_SoftResetSinglePlayer
0x0812F6FC	thumb	sma3_swi_SoundBias_0
0x0812F704	thumb	sma3_swi_SoundBias_1
0x0812F70C	thumb	sma3_SoftResetMultiplayer
0x0812F728	thumb	sma3_Sub0812F728
0x0812F76C	thumb	sma3_Sub0812F76C
0x0812F790	thumb	sma3_Sub0812F790
0x0812F7C8	thumb	sma3_Sub0812F7C8
0x0812F850	thumb	sma3_Sub0812F850
0x0812F894	thumb	sma3_EEPROM_WriteDMA
0x0812F914	thumb	sma3_Sub0812F914
0x0812F9C4	thumb	sma3_Sub0812F9C4
0x0812FAA0	thumb	sma3_Sub0812FAA0
0x0812FAF8	thumb	sma3_Sub0812FAF8
0x0812FB38	thumb	sma3_Sub_bx_r0
0x0812FB3C	thumb	sma3_Sub_bx_r1
0x0812FB40	thumb	sma3_Sub_bx_r2
0x0812FB44	thumb	sma3_Sub_bx_r3
0x0812FB48	thumb	sma3_Sub_bx_r4
0x0812FB4C	thumb	sma3_Sub_bx_r5
0x0812FB54	thumb	sma3_Sub_bx_r7
0x0812FB58	thumb	sma3_Sub_bx_r8
0x0812FB5C	thumb	sma3_Sub_bx_r9
0x0812FB60	thumb	sma3_Sub_bx_r10
0x0812FB74	thumb	sma3_Sub0812FB74
0x0812FC08	thumb	sma3_Return0812FC08
0x0812FC0C	thumb	sma3_DivideUnsigned
0x0812FC84	thumb	sma3_Sub0812FC84
0x0812FD44	thumb	sma3_Sub0812FD44
0x0812FD60	thumb	sma3_Sub0812FD60
0x0812FDC0	arm	sma3_SingleCart_0812FDC0
0x0812FE80	arm	sma3_Code0812FE80
0x0812FEA0	arm	sma3_Sub0812FEA0
0x0812FECC	arm	sma3_Code0812FECC
0x08130060	arm	sma3_Code08130060
0x0813009C	arm	sma3_Code0813009C
0x0813016C	arm	sma3_Code0813016C
0x0813019C	thumb	sma3_Sub0813019C
0x081304A4	thumb	sma3_Sub081304A4
0x0813050C	thumb	sma3_Sub0813050C
0x08130598	thumb	sma3_Sub08130598
0x081305F8	thumb	sma3_Sub081305F8
0x08130628	thumb	sma3_Sub08130628
0x08130658	thumb	sma3_Sub08130658
0x081306A4	thumb	sma3_Sub081306A4
0x081308A0	thumb	sma3_Sub081308A0
0x0813094C	thumb	sma3_Sub0813094C
0x08131D64	thumb	sma3_Sub08131D64
0x08131D94	thumb	sma3_Sub08131D94
0x08131E34	thumb	sma3_Sub08131E34
0x08131EDC	thumb	sma3_Sub08131EDC
0x08132400	thumb	sma3_Sub08132400
0x081325CC	thumb	sma3_Sub081325CC
0x08132778	thumb	sma3_Sub08132778
0x0813296C	thumb	sma3_Sub0813296C
0x08132B18	thumb	sma3_Sub08132B18
0x08132BB4	thumb	sma3_Sub08132BB4
0x08132BF8	thumb	sma3_Sub08132BF8
0x08132ECC	thumb	sma3_Sub08132ECC
0x081330F0	thumb	sma3_Sub081330F0
0x08133308	thumb	sma3_Sub08133308
0x081333B0	thumb	sma3_Sub081333B0
0x08133870	thumb	sma3_Sub08133870
0x081338E8	thumb	sma3_Sub081338E8
0x08142544	arm	sma3_SingleCart_08142544
0x08142580	arm	sma3_Code08142580
0x081426E8	thumb	sma3_Sub081426E8
0x08142724	thumb	sma3_Sub08142724
0x08142A10	thumb	sma3_Sub08142A10
0x08142B54	thumb	sma3_Sub08142B54
0x08142BE0	thumb	sma3_Sub08142BE0
0x08142CC0	thumb	sma3_Sub08142CC0
0x08143D28	thumb	sma3_Sub08143D28
0x08143D70	thumb	sma3_Sub08143D70
0x08144070	thumb	sma3_Sub08144070
0x08144238	thumb	sma3_Sub08144238
0x081444A4	thumb	sma3_Sub081444A4
0x081445E4	thumb	sma3_Sub081445E4
0x081449D8	thumb	sma3_Sub081449D8
0x08144B58	thumb	sma3_Sub08144B58
0x08144BCC	thumb	sma3_Sub08144BCC
0x08144C64	thumb	sma3_Sub08144C64
0x08144CE4	thumb	sma3_Sub08144CE4
0x08144DA0	thumb	sma3_Sub08144DA0
0x08144EDC	thumb	sma3_Sub08144EDC
0x08144FF0	thumb	sma3_Sub08144FF0
0x08145170	thumb	sma3_Sub08145170
0x08145258	thumb	sma3_Sub08145258
0x08145330	thumb	sma3_Sub08145330
0x08145480	thumb	sma3_Sub08145480
0x081454F8	thumb	sma3_Sub081454F8
0x08145530	thumb	sma3_Sub08145530
0x0814574C	thumb	sma3_Sub0814574C
0x081457CC	thumb	sma3_Sub081457CC
0x0814591C	thumb	sma3_Sub0814591C
0x08146220	thumb	sma3_Return08146220
0x08146224	thumb	sma3_Sub08146224
0x08146998	thumb	sma3_Sub08146998
0x08147024	thumb	sma3_Sub08147024
0x081470AC	thumb	sma3_Sub081470AC
0x08147114	thumb	sma3_Sub08147114
0x081471E8	thumb	sma3_Sub081471E8
0x08147254	thumb	sma3_Sub08147254
0x08147320	thumb	sma3_Sub08147320
0x08147490	thumb	sma3_Sub08147490
0x08147528	thumb	sma3_Sub08147528
0x08147540	thumb	sma3_Sub08147540
0x0814755C	thumb	sma3_Sub0814755C
0x081475A8	thumb	sma3_Sub081475A8
0x081475F0	thumb	sma3_Sub081475F0
0x08147634	thumb	sma3_Sub08147634
0x081476C0	thumb	sma3_Sub081476C0
0x08147754	thumb	sma3_Sub08147754
0x081477C0	thumb	sma3_Sub081477C0
0x08147888	thumb	sma3_Sub08147888
0x0814792C	thumb	sma3_Sub0814792C
0x08147964	thumb	sma3_Sub08147964
0x08147B74	thumb	sma3_Sub08147B74
0x08147E1C	thumb	sma3_Sub08147E1C
0x08147E6C	thumb	sma3_Sub08147E6C
0x08147ED4	thumb	sma3_Sub08147ED4
0x08147F54	thumb	sma3_Sub08147F54
0x08148138	thumb	sma3_Sub08148138
0x081481E4	thumb	sma3_Sub081481E4
0x0814823C	thumb	sma3_Sub0814823C
0x08148318	thumb	sma3_Sub08148318
0x08148730	thumb	sma3_Sub08148730
0x081487B0	thumb	sma3_Sub081487B0
0x08148A84	thumb	sma3_Sub08148A84
0x08148C1C	thumb	sma3_Sub08148C1C
0x08148CD4	thumb	sma3_Sub08148CD4
0x08149044	thumb	sma3_Sub08149044
0x08149268	thumb	sma3_Sub08149268
0x08149288	thumb	sma3_Sub08149288
0x08149384	thumb	sma3_Sub08149384
0x081493F8	thumb	sma3_Sub081493F8
0x08149494	thumb	sma3_Sub08149494
0x08149914	thumb	sma3_Sub08149914
0x08149A68	thumb	sma3_Sub08149A68
0x08149B04	thumb	sma3_Sub08149B04
0x08149BA4	thumb	sma3_Sub08149BA4
0x08149BD8	thumb	sma3_Sub08149BD8
0x08149D00	thumb	sma3_Sub08149D00
0x08149D8C	thumb	sma3_Sub08149D8C
0x08149E0C	thumb	sma3_Sub08149E0C
0x08149FF0	thumb	sma3_Sub08149FF0
0x0814A03C	thumb	sma3_Sub0814A03C
0x0814A1BC	thumb	sma3_Sub0814A1BC
0x0814A2D4	thumb	sma3_Sub0814A2D4
0x0814A35C	thumb	sma3_Sub0814A35C
0x0814A3A8	thumb	sma3_Sub0814A3A8
0x0814A438	thumb	sma3_Sub0814A438
0x0814A4B8	thumb	sma3_Sub0814A4B8
0x0814A524	thumb	sma3_Sub0814A524
0x0814A55C	thumb	sma3_Sub0814A55C
0x0814A604	thumb	sma3_Sub0814A604
0x0814A6B8	thumb	sma3_Sub0814A6B8
0x0814A6D4	thumb	sma3_Sub0814A6D4
0x0814A7AC	thumb	sma3_Sub0814A7AC
0x0814A8B8	thumb	sma3_Sub0814A8B8
0x0814AA34	thumb	sma3_Sub0814AA34
0x0814AA70	thumb	sma3_Sub0814AA70
0x0814AAB8	thumb	sma3_Sub0814AAB8
0x0814AAF4	thumb	sma3_Sub0814AAF4
0x0814AC00	thumb	sma3_Sub0814AC00
0x0814AF48	thumb	sma3_Sub0814AF48
0x0814AF74	thumb	sma3_Sub0814AF74
0x0814AFB0	thumb	sma3_Sub0814AFB0
0x0814AFE0	thumb	sma3_Sub0814AFE0
0x0814B254	thumb	sma3_Sub0814B254
0x0814B974	thumb	sma3_Sub0814B974
0x0814B9AC	thumb	sma3_Sub0814B9AC
0x0814B9DC	thumb	sma3_Sub0814B9DC
0x0814BD1C	thumb	sma3_Sub0814BD1C
0x0814C534	thumb	sma3_Sub0814C534
0x0814C584	thumb	sma3_Sub0814C584
0x0814C5D8	thumb	sma3_Sub0814C5D8
0x0814C608	thumb	sma3_Sub0814C608
0x0814C650	thumb	sma3_Sub0814C650
0x0814C700	thumb	sma3_Sub0814C700
0x0814C748	thumb	sma3_Sub0814C748
0x0814C898	thumb	sma3_Sub0814C898
0x0814C974	thumb	sma3_Sub0814C974
0x0814C9EC	thumb	sma3_Sub0814C9EC
0x0814CB84	thumb	sma3_Sub0814CB84
0x0814CC30	thumb	sma3_Sub0814CC30
0x0814CCAC	thumb	sma3_Sub0814CCAC
0x0814CD90	thumb	sma3_Sub0814CD90
0x0814CDCC	thumb	sma3_Sub0814CDCC
0x0814CE48	thumb	sma3_Sub0814CE48
0x0814CF28	thumb	sma3_Sub0814CF28
0x0814CFBC	thumb	sma3_Sub0814CFBC
0x0814D0C0	thumb	sma3_Sub0814D0C0
0x0814D134	thumb	sma3_Sub0814D134
0x0814D1F4	thumb	sma3_Sub0814D1F4
0x0814D21C	thumb	sma3_Sub0814D21C
0x0814D244	thumb	sma3_Sub0814D244
0x0814D2AC	thumb	sma3_Sub0814D2AC
0x0814D3F4	thumb	sma3_Sub0814D3F4
0x0814D87C	thumb	sma3_Sub0814D87C
0x0814D8A4	thumb	sma3_Sub0814D8A4
0x0814D8CC	thumb	sma3_Sub0814D8CC
0x0814DBD0	thumb	sma3_Sub0814DBD0
0x0814E390	thumb	sma3_Sub0814E390
0x0814E3EC	thumb	sma3_Sub0814E3EC
0x0814E404	thumb	sma3_Sub0814E404
0x0814E448	thumb	sma3_Sub0814E448
0x0814E690	thumb	sma3_Sub0814E690
0x0814E6F8	thumb	sma3_Sub0814E6F8
0x0814EAA8	thumb	sma3_Sub0814EAA8
0x0814ECD0	thumb	sma3_Sub0814ECD0
0x0814EDCC	thumb	sma3_Sub0814EDCC
0x0814EF90	thumb	sma3_Sub0814EF90
0x0814F174	thumb	sma3_Sub0814F174
0x0814F194	thumb	sma3_Sub0814F194
0x0814F1EC	thumb	sma3_Sub0814F1EC
0x0814F244	thumb	sma3_Sub0814F244
0x0814F2D8	thumb	sma3_Sub0814F2D8
0x0814FD10	thumb	sma3_Sub0814FD10
0x0814FD64	thumb	sma3_Sub0814FD64
0x0814FF58	thumb	sma3_Sub0814FF58
0x0814FFD4	thumb	sma3_Sub0814FFD4
0x081504FC	thumb	sma3_Sub081504FC
0x081505C4	thumb	sma3_Sub081505C4
0x081505D8	thumb	sma3_Sub081505D8
0x08150708	thumb	sma3_Sub08150708
0x08150B70	thumb	sma3_Sub08150B70
0x08150CF0	thumb	sma3_Sub08150CF0
0x08150E88	thumb	sma3_Sub08150E88
0x081510A4	thumb	sma3_Sub081510A4
0x08151258	thumb	sma3_Sub08151258
0x081512EC	thumb	sma3_Sub081512EC
0x08151380	thumb	sma3_Sub08151380
0x08151474	thumb	sma3_Sub08151474
0x08151628	thumb	sma3_Sub08151628
0x08151688	thumb	sma3_Sub08151688
0x08151854	thumb	sma3_Sub08151854
0x081518A8	thumb	sma3_Sub081518A8
0x081518D4	thumb	sma3_Sub081518D4
0x08151988	thumb	sma3_Sub08151988
0x08151CEC	thumb	sma3_Sub08151CEC
0x08151EB0	thumb	sma3_Sub08151EB0
0x08151F50	thumb	sma3_Sub08151F50
0x08151F64	thumb	sma3_Sub08151F64
0x08152068	thumb	sma3_Sub08152068
0x0815217C	thumb	sma3_Sub0815217C
0x08152468	thumb	sma3_Sub08152468
0x081525B8	thumb	sma3_Sub081525B8
0x081526AC	thumb	sma3_Sub081526AC
0x08152778	thumb	sma3_Sub08152778
0x08152820	thumb	sma3_Sub08152820
0x08152864	thumb	sma3_Sub08152864
0x081528DC	thumb	sma3_Sub081528DC
0x08152908	thumb	sma3_Sub08152908
0x0815292C	thumb	sma3_Sub0815292C
0x08152968	thumb	sma3_Sub08152968
0x08152A1C	thumb	sma3_Sub08152A1C
0x08152B80	thumb	sma3_Sub08152B80
0x08152C3C	thumb	sma3_Sub08152C3C
0x08153164	thumb	sma3_Sub08153164
0x081531D0	thumb	sma3_Sub081531D0
0x081532B0	thumb	sma3_Sub081532B0
0x08153348	thumb	sma3_Sub08153348
0x08153454	thumb	sma3_Sub08153454
0x08153698	thumb	sma3_Sub08153698
0x081537BC	thumb	sma3_Sub081537BC
0x08153978	thumb	sma3_Sub08153978
0x08153A78	thumb	sma3_Sub08153A78
0x08153AA8	thumb	sma3_Sub08153AA8
0x08153AE8	thumb	sma3_Sub08153AE8
0x08153B2C	thumb	sma3_Sub08153B2C
0x08153DB4	thumb	sma3_Sub08153DB4
0x081544DC	thumb	sma3_Sub081544DC
0x08154DB0	thumb	sma3_Sub08154DB0
0x081550D8	thumb	sma3_Sub081550D8
0x08155480	thumb	sma3_Sub08155480
0x08155648	thumb	sma3_Sub08155648
0x08155C10	thumb	sma3_Sub08155C10
0x08155E80	thumb	sma3_Sub08155E80
0x081561A4	thumb	sma3_Sub081561A4
0x081562D4	thumb	sma3_Sub081562D4
0x08156368	thumb	sma3_Sub08156368
0x081563F4	thumb	sma3_Sub081563F4
0x08156418	thumb	sma3_Sub08156418
0x08156474	thumb	sma3_Sub08156474
0x081564E4	thumb	sma3_Sub081564E4
0x08156590	thumb	sma3_Sub08156590
0x081566DC	thumb	sma3_Sub081566DC
0x08156BC8	thumb	sma3_Sub08156BC8
0x08157034	thumb	sma3_Sub08157034
0x081570B4	thumb	sma3_Sub081570B4
0x08157368	thumb	sma3_Sub08157368
0x081574AC	thumb	sma3_Sub081574AC
0x08157514	thumb	sma3_Sub08157514
0x081578D0	thumb	sma3_Sub081578D0
0x08157BCC	thumb	sma3_Sub08157BCC
0x08157DAC	thumb	sma3_Sub08157DAC
0x0815812C	thumb	sma3_Sub0815812C
0x081582E4	thumb	sma3_Sub081582E4
0x081585B8	thumb	sma3_Sub081585B8
0x0815879C	thumb	sma3_Sub0815879C
0x081589CC	thumb	sma3_Sub081589CC
0x08158A04	thumb	sma3_Sub08158A04
0x08158B3C	thumb	sma3_Sub08158B3C
0x08158B70	thumb	sma3_Sub08158B70
0x08158BF8	thumb	sma3_Sub08158BF8
0x08158C14	thumb	sma3_Sub08158C14
0x08158C34	thumb	sma3_Sub08158C34
0x08158C50	thumb	sma3_Sub08158C50
0x08158C6C	thumb	sma3_Sub08158C6C
0x08158CB8	thumb	sma3_Sub08158CB8
0x08158CCC	thumb	sma3_Sub08158CCC
0x08158CF4	thumb	sma3_Sub08158CF4
0x08158D18	thumb	sma3_Return08158D18
0x08158D1C	thumb	sma3_Return08158D1C
0x08158D2C	thumb	sma3_Sub08158D2C
0x08158D4C	thumb	sma3_Return08158D4C
0x08158D50	thumb	sma3_Sub08158D50
0x08158DE0	thumb	sma3_Sub08158DE0
0x08158E30	thumb	sma3_Sub08158E30
0x08158E44	thumb	sma3_Sub08158E44
0x08158F04	thumb	sma3_Sub08158F04
0x08158F10	thumb	sma3_Sub08158F10
0x08158F34	thumb	sma3_Sub08158F34
0x08158FA4	thumb	sma3_Sub08158FA4
0x08159054	thumb	sma3_Sub08159054
0x081590A0	thumb	sma3_Sub081590A0
0x081590AC	thumb	sma3_Sub081590AC
0x08159234	thumb	sma3_Sub08159234
0x08159244	thumb	sma3_Sub08159244
0x081592CC	thumb	sma3_Sub081592CC
0x08159320	thumb	sma3_Sub08159320
0x08159338	thumb	sma3_Sub08159338
0x081593A8	thumb	sma3_Return081593A8
0x081593AC	thumb	sma3_Sub081593AC
0x08159408	thumb	sma3_Sub08159408
0x08159508	thumb	sma3_Sub08159508
0x08159648	thumb	sma3_Sub08159648
0x08159760	thumb	sma3_Sub08159760
0x081599F4	thumb	sma3_Sub081599F4
0x08159BC8	thumb	sma3_Sub08159BC8
0x08159CAC	thumb	sma3_Sub08159CAC
0x08159D48	thumb	sma3_Sub08159D48
0x08159EA8	thumb	sma3_Sub08159EA8
0x08159F40	thumb	sma3_Sub08159F40
0x0815A0CC	thumb	sma3_Sub0815A0CC
0x0815A0E8	thumb	sma3_Sub0815A0E8
0x0815A1C4	thumb	sma3_Sub0815A1C4
0x0815A1F8	thumb	sma3_Sub0815A1F8
0x0815A230	thumb	sma3_Sub0815A230
0x0815A2C0	thumb	sma3_Sub0815A2C0
0x0815A2E8	thumb	sma3_Sub0815A2E8
0x0815A314	thumb	sma3_Sub0815A314
0x0815A39C	thumb	sma3_Sub0815A39C
0x0815A408	thumb	sma3_Sub0815A408
0x0815A444	thumb	sma3_Sub0815A444
0x0815A47C	thumb	sma3_Sub0815A47C
0x0815A4A0	thumb	sma3_Sub0815A4A0
0x0815A4B4	thumb	sma3_Sub0815A4B4
0x0815A4D4	thumb	sma3_Sub0815A4D4
0x0815A4F8	thumb	sma3_Sub0815A4F8
0x0815A5B4	thumb	sma3_Sub0815A5B4
0x0815A5E4	thumb	sma3_Sub0815A5E4
0x0815A5FC	thumb	sma3_Sub0815A5FC
0x0815AA68	thumb	sma3_Sub0815AA68
0x0815AA80	thumb	sma3_Sub0815AA80
0x0815AAA8	thumb	sma3_Sub0815AAA8
0x0815AACC	thumb	sma3_Sub0815AACC
0x0815AB00	thumb	sma3_Sub0815AB00
0x0815AB24	thumb	sma3_Sub0815AB24
0x0815AB64	thumb	sma3_Sub0815AB64
0x0815AB9C	thumb	sma3_Sub0815AB9C
0x0815ABB0	thumb	sma3_Sub0815ABB0
0x0815ABD4	thumb	sma3_Sub0815ABD4
0x0815ABFC	thumb	sma3_Sub0815ABFC
0x0815ACAC	thumb	sma3_Sub0815ACAC
0x0815B018	thumb	sma3_Sub0815B018
0x0815B338	thumb	sma3_Sub0815B338
0x0815B390	thumb	sma3_Sub0815B390
0x0815B424	thumb	sma3_Sub0815B424
0x0815B428	thumb	sma3_Sub0815B428
0x0815B4A0	thumb	sma3_Sub0815B4A0
0x0815B560	thumb	sma3_Sub0815B560
0x0815B57C	thumb	sma3_Sub0815B57C
